graph_id,source_condition,target_condition,weighted_phi,n_complete,source_cases,target_cases,cooccurring_cases,kish_effective_n,edge_present_phi_008,edge_present_phi_012,edge_present_adjusted_fdr,edge_present_adjusted_stable,odds_ratio,reverse_odds_ratio,confidence_low,confidence_high,q_value,direction_concordant,positive_stability,stability_wilson_low,stability_wilson_high,bootstrap_replicates_valid
2024_06_education_binary_lower,ISCHEMIC_HEART_DISEASE,STROKE,0.30257634581674653,2488,193,122,49,1445.2274520594772,True,True,True,True,11.21216453575472,11.26315595584834,6.357377881504142,19.774289954129838,2.4631372033804577e-15,True,1.0,0.9811546736227335,1.0,200.0
2024_06_education_binary_lower,ISCHEMIC_HEART_DISEASE,CURRENT_ASTHMA,0.07316034411655019,2474,194,214,27,1431.999989937597,False,False,True,True,2.6352744041304503,2.8443287692426806,1.311217899237481,5.296351726973552,0.015471979181719817,True,0.99,0.9642782382838231,0.9972533418664555,200.0
2024_06_education_binary_lower,ISCHEMIC_HEART_DISEASE,SKIN_CANCER,0.07288246400721844,2480,192,103,21,1439.8242518262598,False,False,False,False,1.7452449950845719,1.6863868020489527,0.8154497088501517,3.7352151332087327,0.21285989186061513,True,,,,
2024_06_education_binary_lower,ISCHEMIC_HEART_DISEASE,OTHER_CANCER,0.06403738380152837,2482,195,160,27,1439.847137665181,False,False,False,False,1.3361066348002484,1.3379521723952137,0.7243631094460556,2.464483511484221,0.4544360653282213,True,,,,
2024_06_education_binary_lower,ISCHEMIC_HEART_DISEASE,COPD,0.12030581071063758,2487,195,152,36,1442.4567099489416,True,True,True,True,3.1071414459896,3.0977259510317032,1.7427642295022452,5.539663829423316,0.00042846577210280763,True,1.0,0.9811546736227335,1.0,200.0
2024_06_education_binary_lower,ISCHEMIC_HEART_DISEASE,DEPRESSIVE_DISORDER,0.08544928396122319,2478,195,405,48,1434.1468510240563,True,False,True,True,3.234886793132253,3.3603401501518144,1.951747903125388,5.361600515939828,3.0116152664210044e-05,True,1.0,0.9811546736227335,1.0,200.0
2024_06_education_binary_lower,ISCHEMIC_HEART_DISEASE,KIDNEY_DISEASE,0.0726020333432151,2489,194,117,34,1443.9412192626442,False,False,False,False,2.0365083795526364,2.0060898382662478,1.0741668632445185,3.8610075602788405,0.05076995298529327,True,,,,
2024_06_education_binary_lower,ISCHEMIC_HEART_DISEASE,ARTHRITIS,0.15001810029909166,2477,192,604,96,1437.064009827446,True,True,True,True,1.935225962204417,1.9636811595240822,1.189988139802323,3.1471738242804066,0.0175730693230818,True,0.995,0.9722262956021069,0.9991168312843989,200.0
2024_06_education_binary_lower,ISCHEMIC_HEART_DISEASE,DIABETES,0.163505352710953,2480,193,398,76,1439.510943588662,True,True,True,True,2.5102385134756617,2.504418886121523,1.612333990320807,3.9081836842518918,0.00019271260594172658,True,1.0,0.9811546736227335,1.0,200.0
2024_06_education_binary_lower,STROKE,CURRENT_ASTHMA,0.11701470917341676,2502,126,219,21,1449.3233445806502,True,False,True,True,4.4670998050618556,4.631660867868153,2.1287812289469383,9.37389920440764,0.0002892071728201586,True,1.0,0.9811546736227335,1.0,200.0
2024_06_education_binary_lower,STROKE,SKIN_CANCER,0.08662459208116433,2508,123,104,12,1456.9138565519427,True,False,True,True,2.5983212640720326,2.5612889299632116,1.1347542515415032,5.949546681281572,0.043017642242505,True,0.97,0.9361057075454807,0.9861796856598887,200.0
2024_06_education_binary_lower,STROKE,OTHER_CANCER,0.039138128599283006,2510,126,160,15,1457.364329767538,False,False,False,False,1.149802187502534,1.1581408710564163,0.5490932274089327,2.407687810363446,0.7805254745275322,True,,,,
2024_06_education_binary_lower,STROKE,COPD,0.05499130793236738,2516,126,153,14,1460.5313909324748,False,False,False,False,1.8426162721962387,1.8404873831591302,0.8487813265453489,4.000128914689287,0.1832914054275195,True,,,,
2024_06_education_binary_lower,STROKE,DEPRESSIVE_DISORDER,0.06345356155891771,2505,126,410,26,1451.1675591564392,False,False,True,True,2.7095988700880835,2.744009723843048,1.447792561622909,5.071117390292895,0.004864543016265794,True,0.995,0.9722262956021069,0.9991168312843989,200.0
2024_06_education_binary_lower,STROKE,KIDNEY_DISEASE,0.09228243540216564,2515,125,118,17,1459.0475753510343,True,False,True,True,2.965359344736238,2.9487789993081353,1.3178234523865773,6.672635873560864,0.018507070964491498,True,0.985,0.9568342712073097,0.9948857622067417,200.0
2024_06_education_binary_lower,STROKE,ARTHRITIS,0.05325969126004802,2501,125,612,55,1451.6409693046642,False,False,False,False,0.9297768080372933,0.9415222327092815,0.5604266725089591,1.542547767924444,0.787722712470785,True,,,,
2024_06_education_binary_lower,STROKE,DIABETES,0.15441734038029725,2508,125,408,57,1456.6079018746466,True,True,True,True,3.1225782007429013,3.125359720004591,1.8737874738951306,5.2036288829949005,5.7663291154300654e-05,True,1.0,0.9811546736227335,1.0,200.0
2024_06_education_binary_lower,CURRENT_ASTHMA,SKIN_CANCER,0.06209264875324557,2498,218,104,11,1446.138648179509,False,False,True,True,2.916022392069973,2.8878192365762265,1.195019451059218,7.115521495082422,0.035105040288338815,True,0.975,0.942821659593358,0.9892752803482386,200.0
2024_06_education_binary_lower,CURRENT_ASTHMA,OTHER_CANCER,0.08984994223502246,2499,219,162,22,1445.777955474992,True,False,True,True,3.2086312831834474,3.290304252236206,1.6492633005245387,6.242371796031046,0.0018061814574354001,True,0.995,0.9722262956021069,0.9991168312843989,200.0
2024_06_education_binary_lower,CURRENT_ASTHMA,COPD,0.21488733036437474,2506,218,152,54,1449.7561906825595,True,True,True,True,10.449482435238412,10.286091732626621,6.2253407787418835,17.53987244155705,5.44877243744319e-17,True,1.0,0.9811546736227335,1.0,200.0
2024_06_education_binary_lower,CURRENT_ASTHMA,DEPRESSIVE_DISORDER,0.15327271191518202,2494,219,408,65,1440.0339775336274,True,True,True,True,3.49232377711494,3.4833497192199903,2.282633329016771,5.343094402926256,6.817399825554173e-08,True,1.0,0.9811546736227335,1.0,200.0
2024_06_education_binary_lower,CURRENT_ASTHMA,KIDNEY_DISEASE,0.014502642464945514,2505,221,120,18,1448.2722884525158,False,False,False,False,1.2146345493437045,1.227630176115263,0.5999439522705419,2.4591248613738634,0.7161830538556184,True,,,,
2024_06_education_binary_lower,CURRENT_ASTHMA,ARTHRITIS,0.14571372891556425,2491,220,612,96,1440.8658305745953,True,True,True,True,4.346029505608778,4.367463384088746,2.7433931445375825,6.88489453333746,5.018792542940407e-09,True,1.0,0.9811546736227335,1.0,200.0
2024_06_education_binary_lower,CURRENT_ASTHMA,DIABETES,0.057114953440039105,2499,219,411,53,1446.82716314196,False,False,True,True,1.7982859427050284,1.7871362637156125,1.1193334181685128,2.8890697617353314,0.02990924662518,True,1.0,0.9811546736227335,1.0,200.0
2024_06_education_binary_lower,SKIN_CANCER,OTHER_CANCER,0.23443141659238248,2506,102,160,36,1454.312204345361,True,True,True,True,6.648653398281062,6.5530880189195155,3.535449636266499,12.503244723676962,4.1459184519183e-08,True,1.0,0.9811546736227335,1.0,200.0
2024_06_education_binary_lower,SKIN_CANCER,COPD,0.05756515783359263,2512,104,154,18,1457.3479315418797,False,False,False,False,1.6401734346912322,1.6354349405741793,0.8154243397555686,3.299103012639099,0.22519893688670725,True,,,,
2024_06_education_binary_lower,SKIN_CANCER,DEPRESSIVE_DISORDER,-0.003750543645117546,2500,104,408,15,1447.6273609638,False,False,False,False,1.1331234264307537,1.1387707820982877,0.5474748718299569,2.345255947975209,0.787722712470785,True,,,,
2024_06_education_binary_lower,SKIN_CANCER,KIDNEY_DISEASE,0.06505663860565955,2512,103,119,16,1456.851108747673,False,False,False,False,2.186542632828528,2.1671577718646384,0.9214156756667492,5.188720803688442,0.11791038398428288,True,,,,
2024_06_education_binary_lower,SKIN_CANCER,ARTHRITIS,0.07035736736079198,2498,103,612,55,1449.4412761819235,False,False,False,False,0.9237631116166403,0.9085997567396191,0.5523967269438526,1.5447924376829136,0.787722712470785,True,,,,
2024_06_education_binary_lower,SKIN_CANCER,DIABETES,-0.01610291433468798,2505,104,407,16,1454.3652906417856,False,False,False,False,0.3325419662224478,0.333188224127955,0.14304245274947677,0.77308629133176,0.02158383975726273,True,,,,
2024_06_education_binary_lower,OTHER_CANCER,COPD,0.14004232857831167,2514,163,155,27,1457.7455460513947,True,True,True,True,3.1219167255563534,3.1141446265109995,1.6165275732684938,6.029197523431081,0.0019831056585446253,True,1.0,0.9811546736227335,1.0,200.0
2024_06_education_binary_lower,OTHER_CANCER,DEPRESSIVE_DISORDER,0.051931905431069535,2503,161,410,40,1449.0039274793594,False,False,True,True,2.2738851984254476,2.2504261057753547,1.3170724401035325,3.925793098526843,0.00802149175244525,True,1.0,0.9811546736227335,1.0,200.0
2024_06_education_binary_lower,OTHER_CANCER,KIDNEY_DISEASE,0.052563533805014155,2513,162,118,22,1456.2736611356813,False,False,False,False,1.4437401302278363,1.471768822687884,0.7223134393844454,2.885707851990968,0.39509477336732823,True,,,,
2024_06_education_binary_lower,OTHER_CANCER,ARTHRITIS,0.16557317953932893,2499,162,611,86,1448.848625199734,True,True,False,False,1.666443218456897,1.663801051516235,0.9889440232193936,2.808079057195437,0.08960399544121908,True,,,,
2024_06_education_binary_lower,OTHER_CANCER,DIABETES,0.0778155159184575,2507,163,409,43,1454.7797372309235,False,False,False,False,1.1324554946403969,1.1419072589338153,0.6646500930282142,1.929519698851206,0.7389185002689149,True,,,,
2024_06_education_binary_lower,COPD,DEPRESSIVE_DISORDER,0.10634919810901282,2509,155,411,48,1451.9974108566753,True,False,True,True,3.8390323588189887,3.8547790780948326,2.364291665656244,6.2336511464072775,3.723891655008645e-07,True,1.0,0.9811546736227335,1.0,200.0
2024_06_education_binary_lower,COPD,KIDNEY_DISEASE,0.04575889707142158,2520,155,120,20,1460.2366637167884,False,False,False,False,1.72017340401141,1.7197567176584527,0.840237016446147,3.521621259181749,0.20002991952364402,True,,,,
2024_06_education_binary_lower,COPD,ARTHRITIS,0.17503330653330884,2506,152,615,83,1452.8259212398073,True,True,True,True,3.4631951158862373,3.465989228291876,2.0240916987807838,5.925482732784694,3.0116152664210044e-05,True,1.0,0.9811546736227335,1.0,200.0
2024_06_education_binary_lower,COPD,DIABETES,0.043287402794528626,2514,153,408,36,1458.7981831085003,False,False,False,False,1.079636972531234,1.0807575675890797,0.6179630105766803,1.8862229170782596,0.787722712470785,True,,,,
2024_06_education_binary_lower,DEPRESSIVE_DISORDER,KIDNEY_DISEASE,0.004201429931996102,2510,413,119,27,1452.1710761819886,False,False,False,False,1.155688921076603,1.1577353546779252,0.6102857964901977,2.1885105142220955,0.7389185002689149,True,,,,
2024_06_education_binary_lower,DEPRESSIVE_DISORDER,ARTHRITIS,0.12025185418805469,2495,407,612,145,1444.0988680418113,True,True,True,True,3.5344005024469975,3.554420067206546,2.4424137169663083,5.114607253030709,3.881024496293864e-10,True,1.0,0.9811546736227335,1.0,200.0
2024_06_education_binary_lower,DEPRESSIVE_DISORDER,DIABETES,-0.005627705579398598,2504,411,408,67,1450.3184752026425,False,False,False,False,1.1134581202323328,1.1120463185333513,0.7136939167980153,1.7371438320136283,0.7389185002689149,True,,,,
2024_06_education_binary_lower,KIDNEY_DISEASE,ARTHRITIS,0.0703306077624015,2507,120,614,58,1453.3221136338825,False,False,False,False,1.214480760159605,1.2017676191959277,0.6450043799172026,2.2867496139905112,0.6839240887371351,True,,,,
2024_06_education_binary_lower,KIDNEY_DISEASE,DIABETES,0.1448224825528661,2514,118,408,52,1457.9773900870412,True,True,True,True,3.1325682489674596,3.1234208831034764,1.721853441495624,5.699081929943706,0.0006014072039052858,True,1.0,0.9811546736227335,1.0,200.0
2024_06_education_binary_lower,ARTHRITIS,DIABETES,0.17654271268839192,2499,614,404,166,1449.8980563953646,True,True,False,False,1.415535091442698,1.4170635426177978,0.9914904929373726,2.020936770830191,0.08960399544121908,True,,,,
