support_fraction,support_count,bootstrap_replicate,baseline_motif_count,replicate_baseline_vocabulary_count,retained_baseline_motif_count,baseline_vocabulary_retention,baseline_vocabulary_jaccard
0.1,10,1,1098,1055,1055,0.9608378870673953,0.9608378870673953
0.1,10,2,1098,1067,1067,0.9717668488160291,0.9717668488160291
0.1,10,3,1098,1027,1027,0.9353369763205829,0.9353369763205829
0.1,10,4,1098,993,993,0.9043715846994536,0.9043715846994536
0.1,10,5,1098,1063,1063,0.9681238615664846,0.9681238615664846
0.1,10,6,1098,1004,1004,0.9143897996357013,0.9143897996357013
0.1,10,7,1098,1072,1072,0.97632058287796,0.97632058287796
0.1,10,8,1098,1027,1027,0.9353369763205829,0.9353369763205829
0.1,10,9,1098,1068,1068,0.9726775956284153,0.9726775956284153
0.1,10,10,1098,999,999,0.9098360655737705,0.9098360655737705
0.1,10,11,1098,999,999,0.9098360655737705,0.9098360655737705
0.1,10,12,1098,1023,1023,0.9316939890710383,0.9316939890710383
0.1,10,13,1098,1035,1035,0.9426229508196722,0.9426229508196722
0.1,10,14,1098,1000,1000,0.9107468123861566,0.9107468123861566
0.1,10,15,1098,1018,1018,0.9271402550091075,0.9271402550091075
0.1,10,16,1098,1019,1019,0.9280510018214936,0.9280510018214936
0.1,10,17,1098,965,965,0.8788706739526412,0.8788706739526412
0.1,10,18,1098,1049,1049,0.9553734061930783,0.9553734061930783
0.1,10,19,1098,1043,1043,0.9499089253187614,0.9499089253187614
0.1,10,20,1098,972,972,0.8852459016393442,0.8852459016393442
0.1,10,21,1098,1079,1079,0.982695810564663,0.982695810564663
0.1,10,22,1098,1023,1023,0.9316939890710383,0.9316939890710383
0.1,10,23,1098,976,976,0.8888888888888888,0.8888888888888888
0.1,10,24,1098,989,989,0.900728597449909,0.900728597449909
0.1,10,25,1098,1002,1002,0.912568306010929,0.912568306010929
0.1,10,26,1098,967,967,0.8806921675774135,0.8806921675774135
0.1,10,27,1098,995,995,0.9061930783242259,0.9061930783242259
0.1,10,28,1098,970,970,0.8834244080145719,0.8834244080145719
0.1,10,29,1098,944,944,0.8597449908925319,0.8597449908925319
0.1,10,30,1098,1028,1028,0.936247723132969,0.936247723132969
0.1,10,31,1098,993,993,0.9043715846994536,0.9043715846994536
0.1,10,32,1098,954,954,0.8688524590163934,0.8688524590163934
0.1,10,33,1098,1025,1025,0.9335154826958105,0.9335154826958105
0.1,10,34,1098,1077,1077,0.9808743169398907,0.9808743169398907
0.1,10,35,1098,990,990,0.9016393442622951,0.9016393442622951
0.1,10,36,1098,976,976,0.8888888888888888,0.8888888888888888
0.1,10,37,1098,978,978,0.8907103825136612,0.8907103825136612
0.1,10,38,1098,1011,1011,0.9207650273224044,0.9207650273224044
0.1,10,39,1098,1039,1039,0.9462659380692168,0.9462659380692168
0.1,10,40,1098,1045,1045,0.9517304189435337,0.9517304189435337
0.1,10,41,1098,1016,1016,0.9253187613843351,0.9253187613843351
0.1,10,42,1098,1066,1066,0.970856102003643,0.970856102003643
0.1,10,43,1098,1066,1066,0.970856102003643,0.970856102003643
0.1,10,44,1098,1030,1030,0.9380692167577414,0.9380692167577414
0.1,10,45,1098,1065,1065,0.9699453551912568,0.9699453551912568
0.1,10,46,1098,1050,1050,0.9562841530054644,0.9562841530054644
0.1,10,47,1098,1054,1054,0.9599271402550091,0.9599271402550091
0.1,10,48,1098,1059,1059,0.9644808743169399,0.9644808743169399
0.1,10,49,1098,1029,1029,0.9371584699453552,0.9371584699453552
0.1,10,50,1098,973,973,0.8861566484517304,0.8861566484517304
0.1,10,51,1098,967,967,0.8806921675774135,0.8806921675774135
0.1,10,52,1098,1016,1016,0.9253187613843351,0.9253187613843351
0.1,10,53,1098,1020,1020,0.9289617486338798,0.9289617486338798
0.1,10,54,1098,1014,1014,0.9234972677595629,0.9234972677595629
0.1,10,55,1098,921,921,0.8387978142076503,0.8387978142076503
0.1,10,56,1098,1035,1035,0.9426229508196722,0.9426229508196722
0.1,10,57,1098,1024,1024,0.9326047358834244,0.9326047358834244
0.1,10,58,1098,1065,1065,0.9699453551912568,0.9699453551912568
0.1,10,59,1098,1064,1064,0.9690346083788707,0.9690346083788707
0.1,10,60,1098,999,999,0.9098360655737705,0.9098360655737705
0.1,10,61,1098,950,950,0.8652094717668488,0.8652094717668488
0.1,10,62,1098,1069,1069,0.9735883424408015,0.9735883424408015
0.1,10,63,1098,995,995,0.9061930783242259,0.9061930783242259
0.1,10,64,1098,1047,1047,0.953551912568306,0.953551912568306
0.1,10,65,1098,1020,1020,0.9289617486338798,0.9289617486338798
0.1,10,66,1098,982,982,0.8943533697632058,0.8943533697632058
0.1,10,67,1098,958,958,0.8724954462659381,0.8724954462659381
0.1,10,68,1098,952,952,0.8670309653916212,0.8670309653916212
0.1,10,69,1098,970,970,0.8834244080145719,0.8834244080145719
0.1,10,70,1098,1033,1033,0.9408014571948998,0.9408014571948998
0.1,10,71,1098,1050,1050,0.9562841530054644,0.9562841530054644
0.1,10,72,1098,1023,1023,0.9316939890710383,0.9316939890710383
0.1,10,73,1098,1032,1032,0.9398907103825137,0.9398907103825137
0.1,10,74,1098,920,920,0.8378870673952641,0.8378870673952641
0.1,10,75,1098,986,986,0.8979963570127505,0.8979963570127505
0.1,10,76,1098,983,983,0.895264116575592,0.895264116575592
0.1,10,77,1098,1057,1057,0.9626593806921676,0.9626593806921676
0.1,10,78,1098,1021,1021,0.9298724954462659,0.9298724954462659
0.1,10,79,1098,1005,1005,0.9153005464480874,0.9153005464480874
0.1,10,80,1098,1062,1062,0.9672131147540983,0.9672131147540983
0.1,10,81,1098,1013,1013,0.9225865209471766,0.9225865209471766
0.1,10,82,1098,1040,1040,0.9471766848816029,0.9471766848816029
0.1,10,83,1098,949,949,0.8642987249544627,0.8642987249544627
0.1,10,84,1098,971,971,0.8843351548269581,0.8843351548269581
0.1,10,85,1098,1004,1004,0.9143897996357013,0.9143897996357013
0.1,10,86,1098,1010,1010,0.9198542805100182,0.9198542805100182
0.1,10,87,1098,1023,1023,0.9316939890710383,0.9316939890710383
0.1,10,88,1098,1077,1077,0.9808743169398907,0.9808743169398907
0.1,10,89,1098,1016,1016,0.9253187613843351,0.9253187613843351
0.1,10,90,1098,888,888,0.8087431693989071,0.8087431693989071
0.1,10,91,1098,1006,1006,0.9162112932604736,0.9162112932604736
0.1,10,92,1098,930,930,0.8469945355191257,0.8469945355191257
0.1,10,93,1098,1036,1036,0.9435336976320583,0.9435336976320583
0.1,10,94,1098,1032,1032,0.9398907103825137,0.9398907103825137
0.1,10,95,1098,983,983,0.895264116575592,0.895264116575592
0.1,10,96,1098,976,976,0.8888888888888888,0.8888888888888888
0.1,10,97,1098,1038,1038,0.9453551912568307,0.9453551912568307
0.1,10,98,1098,1015,1015,0.924408014571949,0.924408014571949
0.1,10,99,1098,1070,1070,0.9744990892531876,0.9744990892531876
0.1,10,100,1098,1051,1051,0.9571948998178507,0.9571948998178507
0.1,10,101,1098,1029,1029,0.9371584699453552,0.9371584699453552
0.1,10,102,1098,924,924,0.8415300546448088,0.8415300546448088
0.1,10,103,1098,1034,1034,0.941712204007286,0.941712204007286
0.1,10,104,1098,1058,1058,0.9635701275045537,0.9635701275045537
0.1,10,105,1098,1065,1065,0.9699453551912568,0.9699453551912568
0.1,10,106,1098,959,959,0.8734061930783242,0.8734061930783242
0.1,10,107,1098,1024,1024,0.9326047358834244,0.9326047358834244
0.1,10,108,1098,986,986,0.8979963570127505,0.8979963570127505
0.1,10,109,1098,1059,1059,0.9644808743169399,0.9644808743169399
0.1,10,110,1098,995,995,0.9061930783242259,0.9061930783242259
0.1,10,111,1098,1019,1019,0.9280510018214936,0.9280510018214936
0.1,10,112,1098,1037,1037,0.9444444444444444,0.9444444444444444
0.1,10,113,1098,991,991,0.9025500910746812,0.9025500910746812
0.1,10,114,1098,1030,1030,0.9380692167577414,0.9380692167577414
0.1,10,115,1098,1013,1013,0.9225865209471766,0.9225865209471766
0.1,10,116,1098,956,956,0.8706739526411658,0.8706739526411658
0.1,10,117,1098,1029,1029,0.9371584699453552,0.9371584699453552
0.1,10,118,1098,1021,1021,0.9298724954462659,0.9298724954462659
0.1,10,119,1098,960,960,0.8743169398907104,0.8743169398907104
0.1,10,120,1098,1001,1001,0.9116575591985429,0.9116575591985429
0.1,10,121,1098,973,973,0.8861566484517304,0.8861566484517304
0.1,10,122,1098,1034,1034,0.941712204007286,0.941712204007286
0.1,10,123,1098,1087,1087,0.9899817850637522,0.9899817850637522
0.1,10,124,1098,1018,1018,0.9271402550091075,0.9271402550091075
0.1,10,125,1098,986,986,0.8979963570127505,0.8979963570127505
0.1,10,126,1098,1062,1062,0.9672131147540983,0.9672131147540983
0.1,10,127,1098,1024,1024,0.9326047358834244,0.9326047358834244
0.1,10,128,1098,1040,1040,0.9471766848816029,0.9471766848816029
0.1,10,129,1098,985,985,0.8970856102003643,0.8970856102003643
0.1,10,130,1098,979,979,0.8916211293260473,0.8916211293260473
0.1,10,131,1098,983,983,0.895264116575592,0.895264116575592
0.1,10,132,1098,1075,1075,0.9790528233151184,0.9790528233151184
0.1,10,133,1098,984,984,0.8961748633879781,0.8961748633879781
0.1,10,134,1098,1032,1032,0.9398907103825137,0.9398907103825137
0.1,10,135,1098,997,997,0.9080145719489982,0.9080145719489982
0.1,10,136,1098,1059,1059,0.9644808743169399,0.9644808743169399
0.1,10,137,1098,1055,1055,0.9608378870673953,0.9608378870673953
0.1,10,138,1098,1004,1004,0.9143897996357013,0.9143897996357013
0.1,10,139,1098,1064,1064,0.9690346083788707,0.9690346083788707
0.1,10,140,1098,1025,1025,0.9335154826958105,0.9335154826958105
0.1,10,141,1098,1019,1019,0.9280510018214936,0.9280510018214936
0.1,10,142,1098,876,876,0.7978142076502732,0.7978142076502732
0.1,10,143,1098,987,987,0.8989071038251366,0.8989071038251366
0.1,10,144,1098,1011,1011,0.9207650273224044,0.9207650273224044
0.1,10,145,1098,991,991,0.9025500910746812,0.9025500910746812
0.1,10,146,1098,1035,1035,0.9426229508196722,0.9426229508196722
0.1,10,147,1098,1025,1025,0.9335154826958105,0.9335154826958105
0.1,10,148,1098,999,999,0.9098360655737705,0.9098360655737705
0.1,10,149,1098,1040,1040,0.9471766848816029,0.9471766848816029
0.1,10,150,1098,993,993,0.9043715846994536,0.9043715846994536
0.1,10,151,1098,965,965,0.8788706739526412,0.8788706739526412
0.1,10,152,1098,1048,1048,0.9544626593806922,0.9544626593806922
0.1,10,153,1098,999,999,0.9098360655737705,0.9098360655737705
0.1,10,154,1098,1013,1013,0.9225865209471766,0.9225865209471766
0.1,10,155,1098,943,943,0.8588342440801457,0.8588342440801457
0.1,10,156,1098,989,989,0.900728597449909,0.900728597449909
0.1,10,157,1098,1021,1021,0.9298724954462659,0.9298724954462659
0.1,10,158,1098,1003,1003,0.9134790528233151,0.9134790528233151
0.1,10,159,1098,1022,1022,0.930783242258652,0.930783242258652
0.1,10,160,1098,914,914,0.8324225865209471,0.8324225865209471
0.1,10,161,1098,1015,1015,0.924408014571949,0.924408014571949
0.1,10,162,1098,1011,1011,0.9207650273224044,0.9207650273224044
0.1,10,163,1098,980,980,0.8925318761384335,0.8925318761384335
0.1,10,164,1098,1043,1043,0.9499089253187614,0.9499089253187614
0.1,10,165,1098,1009,1009,0.918943533697632,0.918943533697632
0.1,10,166,1098,999,999,0.9098360655737705,0.9098360655737705
0.1,10,167,1098,1015,1015,0.924408014571949,0.924408014571949
0.1,10,168,1098,1021,1021,0.9298724954462659,0.9298724954462659
0.1,10,169,1098,1040,1040,0.9471766848816029,0.9471766848816029
0.1,10,170,1098,1060,1060,0.9653916211293261,0.9653916211293261
0.1,10,171,1098,926,926,0.843351548269581,0.843351548269581
0.1,10,172,1098,983,983,0.895264116575592,0.895264116575592
0.1,10,173,1098,951,951,0.8661202185792349,0.8661202185792349
0.1,10,174,1098,953,953,0.8679417122040073,0.8679417122040073
0.1,10,175,1098,978,978,0.8907103825136612,0.8907103825136612
0.1,10,176,1098,983,983,0.895264116575592,0.895264116575592
0.1,10,177,1098,1056,1056,0.9617486338797814,0.9617486338797814
0.1,10,178,1098,986,986,0.8979963570127505,0.8979963570127505
0.1,10,179,1098,1007,1007,0.9171220400728597,0.9171220400728597
0.1,10,180,1098,1041,1041,0.9480874316939891,0.9480874316939891
0.1,10,181,1098,1070,1070,0.9744990892531876,0.9744990892531876
0.1,10,182,1098,969,969,0.8825136612021858,0.8825136612021858
0.1,10,183,1098,1004,1004,0.9143897996357013,0.9143897996357013
0.1,10,184,1098,1070,1070,0.9744990892531876,0.9744990892531876
0.1,10,185,1098,979,979,0.8916211293260473,0.8916211293260473
0.1,10,186,1098,967,967,0.8806921675774135,0.8806921675774135
0.1,10,187,1098,1036,1036,0.9435336976320583,0.9435336976320583
0.1,10,188,1098,1053,1053,0.9590163934426229,0.9590163934426229
0.1,10,189,1098,1038,1038,0.9453551912568307,0.9453551912568307
0.1,10,190,1098,1002,1002,0.912568306010929,0.912568306010929
0.1,10,191,1098,949,949,0.8642987249544627,0.8642987249544627
0.1,10,192,1098,1013,1013,0.9225865209471766,0.9225865209471766
0.1,10,193,1098,1035,1035,0.9426229508196722,0.9426229508196722
0.1,10,194,1098,1042,1042,0.9489981785063752,0.9489981785063752
0.1,10,195,1098,1023,1023,0.9316939890710383,0.9316939890710383
0.1,10,196,1098,978,978,0.8907103825136612,0.8907103825136612
0.1,10,197,1098,1041,1041,0.9480874316939891,0.9480874316939891
0.1,10,198,1098,994,994,0.9052823315118397,0.9052823315118397
0.1,10,199,1098,1027,1027,0.9353369763205829,0.9353369763205829
0.1,10,200,1098,1060,1060,0.9653916211293261,0.9653916211293261
0.1,10,201,1098,1050,1050,0.9562841530054644,0.9562841530054644
0.1,10,202,1098,994,994,0.9052823315118397,0.9052823315118397
0.1,10,203,1098,1073,1073,0.9772313296903461,0.9772313296903461
0.1,10,204,1098,969,969,0.8825136612021858,0.8825136612021858
0.1,10,205,1098,1041,1041,0.9480874316939891,0.9480874316939891
0.1,10,206,1098,1062,1062,0.9672131147540983,0.9672131147540983
0.1,10,207,1098,1058,1058,0.9635701275045537,0.9635701275045537
0.1,10,208,1098,1065,1065,0.9699453551912568,0.9699453551912568
0.1,10,209,1098,984,984,0.8961748633879781,0.8961748633879781
0.1,10,210,1098,1004,1004,0.9143897996357013,0.9143897996357013
0.1,10,211,1098,953,953,0.8679417122040073,0.8679417122040073
0.1,10,212,1098,1032,1032,0.9398907103825137,0.9398907103825137
0.1,10,213,1098,978,978,0.8907103825136612,0.8907103825136612
0.1,10,214,1098,1031,1031,0.9389799635701275,0.9389799635701275
0.1,10,215,1098,1049,1049,0.9553734061930783,0.9553734061930783
0.1,10,216,1098,983,983,0.895264116575592,0.895264116575592
0.1,10,217,1098,974,974,0.8870673952641166,0.8870673952641166
0.1,10,218,1098,961,961,0.8752276867030966,0.8752276867030966
0.1,10,219,1098,1017,1017,0.9262295081967213,0.9262295081967213
0.1,10,220,1098,1068,1068,0.9726775956284153,0.9726775956284153
0.1,10,221,1098,1025,1025,0.9335154826958105,0.9335154826958105
0.1,10,222,1098,1040,1040,0.9471766848816029,0.9471766848816029
0.1,10,223,1098,974,974,0.8870673952641166,0.8870673952641166
0.1,10,224,1098,961,961,0.8752276867030966,0.8752276867030966
0.1,10,225,1098,1043,1043,0.9499089253187614,0.9499089253187614
0.1,10,226,1098,1014,1014,0.9234972677595629,0.9234972677595629
0.1,10,227,1098,1031,1031,0.9389799635701275,0.9389799635701275
0.1,10,228,1098,967,967,0.8806921675774135,0.8806921675774135
0.1,10,229,1098,1031,1031,0.9389799635701275,0.9389799635701275
0.1,10,230,1098,1000,1000,0.9107468123861566,0.9107468123861566
0.1,10,231,1098,981,981,0.8934426229508197,0.8934426229508197
0.1,10,232,1098,954,954,0.8688524590163934,0.8688524590163934
0.1,10,233,1098,1064,1064,0.9690346083788707,0.9690346083788707
0.1,10,234,1098,1026,1026,0.9344262295081968,0.9344262295081968
0.1,10,235,1098,972,972,0.8852459016393442,0.8852459016393442
0.1,10,236,1098,1013,1013,0.9225865209471766,0.9225865209471766
0.1,10,237,1098,1054,1054,0.9599271402550091,0.9599271402550091
0.1,10,238,1098,1042,1042,0.9489981785063752,0.9489981785063752
0.1,10,239,1098,986,986,0.8979963570127505,0.8979963570127505
0.1,10,240,1098,1024,1024,0.9326047358834244,0.9326047358834244
0.1,10,241,1098,1067,1067,0.9717668488160291,0.9717668488160291
0.1,10,242,1098,950,950,0.8652094717668488,0.8652094717668488
0.1,10,243,1098,987,987,0.8989071038251366,0.8989071038251366
0.1,10,244,1098,1047,1047,0.953551912568306,0.953551912568306
0.1,10,245,1098,1067,1067,0.9717668488160291,0.9717668488160291
0.1,10,246,1098,1003,1003,0.9134790528233151,0.9134790528233151
0.1,10,247,1098,1013,1013,0.9225865209471766,0.9225865209471766
0.1,10,248,1098,1007,1007,0.9171220400728597,0.9171220400728597
0.1,10,249,1098,1027,1027,0.9353369763205829,0.9353369763205829
0.1,10,250,1098,1041,1041,0.9480874316939891,0.9480874316939891
0.1,10,251,1098,986,986,0.8979963570127505,0.8979963570127505
0.1,10,252,1098,1026,1026,0.9344262295081968,0.9344262295081968
0.1,10,253,1098,1052,1052,0.9581056466302368,0.9581056466302368
0.1,10,254,1098,1023,1023,0.9316939890710383,0.9316939890710383
0.1,10,255,1098,1042,1042,0.9489981785063752,0.9489981785063752
0.1,10,256,1098,1032,1032,0.9398907103825137,0.9398907103825137
0.1,10,257,1098,1008,1008,0.9180327868852459,0.9180327868852459
0.1,10,258,1098,987,987,0.8989071038251366,0.8989071038251366
0.1,10,259,1098,1020,1020,0.9289617486338798,0.9289617486338798
0.1,10,260,1098,1024,1024,0.9326047358834244,0.9326047358834244
0.1,10,261,1098,1079,1079,0.982695810564663,0.982695810564663
0.1,10,262,1098,1029,1029,0.9371584699453552,0.9371584699453552
0.1,10,263,1098,1039,1039,0.9462659380692168,0.9462659380692168
0.1,10,264,1098,1044,1044,0.9508196721311475,0.9508196721311475
0.1,10,265,1098,1005,1005,0.9153005464480874,0.9153005464480874
0.1,10,266,1098,1002,1002,0.912568306010929,0.912568306010929
0.1,10,267,1098,984,984,0.8961748633879781,0.8961748633879781
0.1,10,268,1098,1018,1018,0.9271402550091075,0.9271402550091075
0.1,10,269,1098,1001,1001,0.9116575591985429,0.9116575591985429
0.1,10,270,1098,1013,1013,0.9225865209471766,0.9225865209471766
0.1,10,271,1098,1034,1034,0.941712204007286,0.941712204007286
0.1,10,272,1098,1022,1022,0.930783242258652,0.930783242258652
0.1,10,273,1098,1044,1044,0.9508196721311475,0.9508196721311475
0.1,10,274,1098,1049,1049,0.9553734061930783,0.9553734061930783
0.1,10,275,1098,1004,1004,0.9143897996357013,0.9143897996357013
0.1,10,276,1098,1002,1002,0.912568306010929,0.912568306010929
0.1,10,277,1098,1040,1040,0.9471766848816029,0.9471766848816029
0.1,10,278,1098,1013,1013,0.9225865209471766,0.9225865209471766
0.1,10,279,1098,1067,1067,0.9717668488160291,0.9717668488160291
0.1,10,280,1098,1084,1084,0.9872495446265938,0.9872495446265938
0.1,10,281,1098,987,987,0.8989071038251366,0.8989071038251366
0.1,10,282,1098,1027,1027,0.9353369763205829,0.9353369763205829
0.1,10,283,1098,1030,1030,0.9380692167577414,0.9380692167577414
0.1,10,284,1098,998,998,0.9089253187613844,0.9089253187613844
0.1,10,285,1098,1002,1002,0.912568306010929,0.912568306010929
0.1,10,286,1098,1052,1052,0.9581056466302368,0.9581056466302368
0.1,10,287,1098,1054,1054,0.9599271402550091,0.9599271402550091
0.1,10,288,1098,1066,1066,0.970856102003643,0.970856102003643
0.1,10,289,1098,989,989,0.900728597449909,0.900728597449909
0.1,10,290,1098,1024,1024,0.9326047358834244,0.9326047358834244
0.1,10,291,1098,1032,1032,0.9398907103825137,0.9398907103825137
0.1,10,292,1098,1010,1010,0.9198542805100182,0.9198542805100182
0.1,10,293,1098,1049,1049,0.9553734061930783,0.9553734061930783
0.1,10,294,1098,994,994,0.9052823315118397,0.9052823315118397
0.1,10,295,1098,1013,1013,0.9225865209471766,0.9225865209471766
0.1,10,296,1098,1010,1010,0.9198542805100182,0.9198542805100182
0.1,10,297,1098,1046,1046,0.9526411657559198,0.9526411657559198
0.1,10,298,1098,1044,1044,0.9508196721311475,0.9508196721311475
0.1,10,299,1098,999,999,0.9098360655737705,0.9098360655737705
0.1,10,300,1098,960,960,0.8743169398907104,0.8743169398907104
0.1,10,301,1098,1036,1036,0.9435336976320583,0.9435336976320583
0.1,10,302,1098,1062,1062,0.9672131147540983,0.9672131147540983
0.1,10,303,1098,1024,1024,0.9326047358834244,0.9326047358834244
0.1,10,304,1098,1055,1055,0.9608378870673953,0.9608378870673953
0.1,10,305,1098,1054,1054,0.9599271402550091,0.9599271402550091
0.1,10,306,1098,1046,1046,0.9526411657559198,0.9526411657559198
0.1,10,307,1098,1066,1066,0.970856102003643,0.970856102003643
0.1,10,308,1098,959,959,0.8734061930783242,0.8734061930783242
0.1,10,309,1098,1021,1021,0.9298724954462659,0.9298724954462659
0.1,10,310,1098,1034,1034,0.941712204007286,0.941712204007286
0.1,10,311,1098,1025,1025,0.9335154826958105,0.9335154826958105
0.1,10,312,1098,1083,1083,0.9863387978142076,0.9863387978142076
0.1,10,313,1098,1004,1004,0.9143897996357013,0.9143897996357013
0.1,10,314,1098,1079,1079,0.982695810564663,0.982695810564663
0.1,10,315,1098,1005,1005,0.9153005464480874,0.9153005464480874
0.1,10,316,1098,956,956,0.8706739526411658,0.8706739526411658
0.1,10,317,1098,998,998,0.9089253187613844,0.9089253187613844
0.1,10,318,1098,1053,1053,0.9590163934426229,0.9590163934426229
0.1,10,319,1098,970,970,0.8834244080145719,0.8834244080145719
0.1,10,320,1098,1003,1003,0.9134790528233151,0.9134790528233151
0.1,10,321,1098,1002,1002,0.912568306010929,0.912568306010929
0.1,10,322,1098,1071,1071,0.9754098360655737,0.9754098360655737
0.1,10,323,1098,1023,1023,0.9316939890710383,0.9316939890710383
0.1,10,324,1098,1013,1013,0.9225865209471766,0.9225865209471766
0.1,10,325,1098,923,923,0.8406193078324226,0.8406193078324226
0.1,10,326,1098,993,993,0.9043715846994536,0.9043715846994536
0.1,10,327,1098,984,984,0.8961748633879781,0.8961748633879781
0.1,10,328,1098,1059,1059,0.9644808743169399,0.9644808743169399
0.1,10,329,1098,1036,1036,0.9435336976320583,0.9435336976320583
0.1,10,330,1098,965,965,0.8788706739526412,0.8788706739526412
0.1,10,331,1098,1015,1015,0.924408014571949,0.924408014571949
0.1,10,332,1098,1037,1037,0.9444444444444444,0.9444444444444444
0.1,10,333,1098,1070,1070,0.9744990892531876,0.9744990892531876
0.1,10,334,1098,1063,1063,0.9681238615664846,0.9681238615664846
0.1,10,335,1098,975,975,0.8879781420765027,0.8879781420765027
0.1,10,336,1098,1023,1023,0.9316939890710383,0.9316939890710383
0.1,10,337,1098,1012,1012,0.9216757741347905,0.9216757741347905
0.1,10,338,1098,948,948,0.8633879781420765,0.8633879781420765
0.1,10,339,1098,1060,1060,0.9653916211293261,0.9653916211293261
0.1,10,340,1098,1059,1059,0.9644808743169399,0.9644808743169399
0.1,10,341,1098,954,954,0.8688524590163934,0.8688524590163934
0.1,10,342,1098,1020,1020,0.9289617486338798,0.9289617486338798
0.1,10,343,1098,1005,1005,0.9153005464480874,0.9153005464480874
0.1,10,344,1098,1080,1080,0.9836065573770492,0.9836065573770492
0.1,10,345,1098,1045,1045,0.9517304189435337,0.9517304189435337
0.1,10,346,1098,993,993,0.9043715846994536,0.9043715846994536
0.1,10,347,1098,1040,1040,0.9471766848816029,0.9471766848816029
0.1,10,348,1098,1082,1082,0.9854280510018215,0.9854280510018215
0.1,10,349,1098,998,998,0.9089253187613844,0.9089253187613844
0.1,10,350,1098,1057,1057,0.9626593806921676,0.9626593806921676
0.1,10,351,1098,1026,1026,0.9344262295081968,0.9344262295081968
0.1,10,352,1098,1042,1042,0.9489981785063752,0.9489981785063752
0.1,10,353,1098,1045,1045,0.9517304189435337,0.9517304189435337
0.1,10,354,1098,1044,1044,0.9508196721311475,0.9508196721311475
0.1,10,355,1098,1032,1032,0.9398907103825137,0.9398907103825137
0.1,10,356,1098,1057,1057,0.9626593806921676,0.9626593806921676
0.1,10,357,1098,1007,1007,0.9171220400728597,0.9171220400728597
0.1,10,358,1098,1004,1004,0.9143897996357013,0.9143897996357013
0.1,10,359,1098,991,991,0.9025500910746812,0.9025500910746812
0.1,10,360,1098,981,981,0.8934426229508197,0.8934426229508197
0.1,10,361,1098,979,979,0.8916211293260473,0.8916211293260473
0.1,10,362,1098,1074,1074,0.9781420765027322,0.9781420765027322
0.1,10,363,1098,1053,1053,0.9590163934426229,0.9590163934426229
0.1,10,364,1098,1065,1065,0.9699453551912568,0.9699453551912568
0.1,10,365,1098,1013,1013,0.9225865209471766,0.9225865209471766
0.1,10,366,1098,1010,1010,0.9198542805100182,0.9198542805100182
0.1,10,367,1098,989,989,0.900728597449909,0.900728597449909
0.1,10,368,1098,1038,1038,0.9453551912568307,0.9453551912568307
0.1,10,369,1098,1007,1007,0.9171220400728597,0.9171220400728597
0.1,10,370,1098,1036,1036,0.9435336976320583,0.9435336976320583
0.1,10,371,1098,1081,1081,0.9845173041894353,0.9845173041894353
0.1,10,372,1098,1048,1048,0.9544626593806922,0.9544626593806922
0.1,10,373,1098,1040,1040,0.9471766848816029,0.9471766848816029
0.1,10,374,1098,999,999,0.9098360655737705,0.9098360655737705
0.1,10,375,1098,998,998,0.9089253187613844,0.9089253187613844
0.1,10,376,1098,983,983,0.895264116575592,0.895264116575592
0.1,10,377,1098,1020,1020,0.9289617486338798,0.9289617486338798
0.1,10,378,1098,1061,1061,0.9663023679417122,0.9663023679417122
0.1,10,379,1098,1023,1023,0.9316939890710383,0.9316939890710383
0.1,10,380,1098,976,976,0.8888888888888888,0.8888888888888888
0.1,10,381,1098,1033,1033,0.9408014571948998,0.9408014571948998
0.1,10,382,1098,1044,1044,0.9508196721311475,0.9508196721311475
0.1,10,383,1098,1032,1032,0.9398907103825137,0.9398907103825137
0.1,10,384,1098,1066,1066,0.970856102003643,0.970856102003643
0.1,10,385,1098,1036,1036,0.9435336976320583,0.9435336976320583
0.1,10,386,1098,1046,1046,0.9526411657559198,0.9526411657559198
0.1,10,387,1098,968,968,0.8816029143897997,0.8816029143897997
0.1,10,388,1098,954,954,0.8688524590163934,0.8688524590163934
0.1,10,389,1098,1075,1075,0.9790528233151184,0.9790528233151184
0.1,10,390,1098,1051,1051,0.9571948998178507,0.9571948998178507
0.1,10,391,1098,1058,1058,0.9635701275045537,0.9635701275045537
0.1,10,392,1098,1006,1006,0.9162112932604736,0.9162112932604736
0.1,10,393,1098,1067,1067,0.9717668488160291,0.9717668488160291
0.1,10,394,1098,1022,1022,0.930783242258652,0.930783242258652
0.1,10,395,1098,1047,1047,0.953551912568306,0.953551912568306
0.1,10,396,1098,1039,1039,0.9462659380692168,0.9462659380692168
0.1,10,397,1098,1039,1039,0.9462659380692168,0.9462659380692168
0.1,10,398,1098,1045,1045,0.9517304189435337,0.9517304189435337
0.1,10,399,1098,963,963,0.8770491803278688,0.8770491803278688
0.1,10,400,1098,975,975,0.8879781420765027,0.8879781420765027
0.1,10,401,1098,1013,1013,0.9225865209471766,0.9225865209471766
0.1,10,402,1098,1052,1052,0.9581056466302368,0.9581056466302368
0.1,10,403,1098,1081,1081,0.9845173041894353,0.9845173041894353
0.1,10,404,1098,1007,1007,0.9171220400728597,0.9171220400728597
0.1,10,405,1098,991,991,0.9025500910746812,0.9025500910746812
0.1,10,406,1098,1041,1041,0.9480874316939891,0.9480874316939891
0.1,10,407,1098,983,983,0.895264116575592,0.895264116575592
0.1,10,408,1098,1044,1044,0.9508196721311475,0.9508196721311475
0.1,10,409,1098,981,981,0.8934426229508197,0.8934426229508197
0.1,10,410,1098,999,999,0.9098360655737705,0.9098360655737705
0.1,10,411,1098,1065,1065,0.9699453551912568,0.9699453551912568
0.1,10,412,1098,948,948,0.8633879781420765,0.8633879781420765
0.1,10,413,1098,957,957,0.8715846994535519,0.8715846994535519
0.1,10,414,1098,1034,1034,0.941712204007286,0.941712204007286
0.1,10,415,1098,987,987,0.8989071038251366,0.8989071038251366
0.1,10,416,1098,1059,1059,0.9644808743169399,0.9644808743169399
0.1,10,417,1098,1088,1088,0.9908925318761385,0.9908925318761385
0.1,10,418,1098,993,993,0.9043715846994536,0.9043715846994536
0.1,10,419,1098,1015,1015,0.924408014571949,0.924408014571949
0.1,10,420,1098,973,973,0.8861566484517304,0.8861566484517304
0.1,10,421,1098,1069,1069,0.9735883424408015,0.9735883424408015
0.1,10,422,1098,1065,1065,0.9699453551912568,0.9699453551912568
0.1,10,423,1098,1025,1025,0.9335154826958105,0.9335154826958105
0.1,10,424,1098,977,977,0.8897996357012751,0.8897996357012751
0.1,10,425,1098,1081,1081,0.9845173041894353,0.9845173041894353
0.1,10,426,1098,1019,1019,0.9280510018214936,0.9280510018214936
0.1,10,427,1098,1001,1001,0.9116575591985429,0.9116575591985429
0.1,10,428,1098,1038,1038,0.9453551912568307,0.9453551912568307
0.1,10,429,1098,975,975,0.8879781420765027,0.8879781420765027
0.1,10,430,1098,1045,1045,0.9517304189435337,0.9517304189435337
0.1,10,431,1098,1078,1078,0.9817850637522769,0.9817850637522769
0.1,10,432,1098,1007,1007,0.9171220400728597,0.9171220400728597
0.1,10,433,1098,989,989,0.900728597449909,0.900728597449909
0.1,10,434,1098,977,977,0.8897996357012751,0.8897996357012751
0.1,10,435,1098,978,978,0.8907103825136612,0.8907103825136612
0.1,10,436,1098,932,932,0.848816029143898,0.848816029143898
0.1,10,437,1098,1029,1029,0.9371584699453552,0.9371584699453552
0.1,10,438,1098,1015,1015,0.924408014571949,0.924408014571949
0.1,10,439,1098,1046,1046,0.9526411657559198,0.9526411657559198
0.1,10,440,1098,930,930,0.8469945355191257,0.8469945355191257
0.1,10,441,1098,957,957,0.8715846994535519,0.8715846994535519
0.1,10,442,1098,1014,1014,0.9234972677595629,0.9234972677595629
0.1,10,443,1098,955,955,0.8697632058287796,0.8697632058287796
0.1,10,444,1098,1028,1028,0.936247723132969,0.936247723132969
0.1,10,445,1098,1045,1045,0.9517304189435337,0.9517304189435337
0.1,10,446,1098,1016,1016,0.9253187613843351,0.9253187613843351
0.1,10,447,1098,990,990,0.9016393442622951,0.9016393442622951
0.1,10,448,1098,1021,1021,0.9298724954462659,0.9298724954462659
0.1,10,449,1098,1020,1020,0.9289617486338798,0.9289617486338798
0.1,10,450,1098,979,979,0.8916211293260473,0.8916211293260473
0.1,10,451,1098,1025,1025,0.9335154826958105,0.9335154826958105
0.1,10,452,1098,1046,1046,0.9526411657559198,0.9526411657559198
0.1,10,453,1098,1021,1021,0.9298724954462659,0.9298724954462659
0.1,10,454,1098,1044,1044,0.9508196721311475,0.9508196721311475
0.1,10,455,1098,1067,1067,0.9717668488160291,0.9717668488160291
0.1,10,456,1098,1068,1068,0.9726775956284153,0.9726775956284153
0.1,10,457,1098,1074,1074,0.9781420765027322,0.9781420765027322
0.1,10,458,1098,1016,1016,0.9253187613843351,0.9253187613843351
0.1,10,459,1098,988,988,0.8998178506375227,0.8998178506375227
0.1,10,460,1098,981,981,0.8934426229508197,0.8934426229508197
0.1,10,461,1098,1028,1028,0.936247723132969,0.936247723132969
0.1,10,462,1098,1037,1037,0.9444444444444444,0.9444444444444444
0.1,10,463,1098,953,953,0.8679417122040073,0.8679417122040073
0.1,10,464,1098,1019,1019,0.9280510018214936,0.9280510018214936
0.1,10,465,1098,1028,1028,0.936247723132969,0.936247723132969
0.1,10,466,1098,907,907,0.8260473588342441,0.8260473588342441
0.1,10,467,1098,968,968,0.8816029143897997,0.8816029143897997
0.1,10,468,1098,1020,1020,0.9289617486338798,0.9289617486338798
0.1,10,469,1098,1001,1001,0.9116575591985429,0.9116575591985429
0.1,10,470,1098,1007,1007,0.9171220400728597,0.9171220400728597
0.1,10,471,1098,1058,1058,0.9635701275045537,0.9635701275045537
0.1,10,472,1098,958,958,0.8724954462659381,0.8724954462659381
0.1,10,473,1098,1053,1053,0.9590163934426229,0.9590163934426229
0.1,10,474,1098,959,959,0.8734061930783242,0.8734061930783242
0.1,10,475,1098,1046,1046,0.9526411657559198,0.9526411657559198
0.1,10,476,1098,990,990,0.9016393442622951,0.9016393442622951
0.1,10,477,1098,1031,1031,0.9389799635701275,0.9389799635701275
0.1,10,478,1098,1041,1041,0.9480874316939891,0.9480874316939891
0.1,10,479,1098,1026,1026,0.9344262295081968,0.9344262295081968
0.1,10,480,1098,906,906,0.825136612021858,0.825136612021858
0.1,10,481,1098,1034,1034,0.941712204007286,0.941712204007286
0.1,10,482,1098,1042,1042,0.9489981785063752,0.9489981785063752
0.1,10,483,1098,1004,1004,0.9143897996357013,0.9143897996357013
0.1,10,484,1098,1054,1054,0.9599271402550091,0.9599271402550091
0.1,10,485,1098,1047,1047,0.953551912568306,0.953551912568306
0.1,10,486,1098,980,980,0.8925318761384335,0.8925318761384335
0.1,10,487,1098,1014,1014,0.9234972677595629,0.9234972677595629
0.1,10,488,1098,1052,1052,0.9581056466302368,0.9581056466302368
0.1,10,489,1098,1017,1017,0.9262295081967213,0.9262295081967213
0.1,10,490,1098,1016,1016,0.9253187613843351,0.9253187613843351
0.1,10,491,1098,986,986,0.8979963570127505,0.8979963570127505
0.1,10,492,1098,919,919,0.836976320582878,0.836976320582878
0.1,10,493,1098,1011,1011,0.9207650273224044,0.9207650273224044
0.1,10,494,1098,951,951,0.8661202185792349,0.8661202185792349
0.1,10,495,1098,1022,1022,0.930783242258652,0.930783242258652
0.1,10,496,1098,1063,1063,0.9681238615664846,0.9681238615664846
0.1,10,497,1098,1041,1041,0.9480874316939891,0.9480874316939891
0.1,10,498,1098,1000,1000,0.9107468123861566,0.9107468123861566
0.1,10,499,1098,1036,1036,0.9435336976320583,0.9435336976320583
0.1,10,500,1098,1062,1062,0.9672131147540983,0.9672131147540983
0.2,19,1,542,508,508,0.9372693726937269,0.9372693726937269
0.2,19,2,542,529,529,0.9760147601476015,0.9760147601476015
0.2,19,3,542,517,517,0.9538745387453874,0.9538745387453874
0.2,19,4,542,489,489,0.9022140221402214,0.9022140221402214
0.2,19,5,542,521,521,0.9612546125461254,0.9612546125461254
0.2,19,6,542,504,504,0.9298892988929889,0.9298892988929889
0.2,19,7,542,512,512,0.9446494464944649,0.9446494464944649
0.2,19,8,542,507,507,0.9354243542435424,0.9354243542435424
0.2,19,9,542,518,518,0.955719557195572,0.955719557195572
0.2,19,10,542,494,494,0.9114391143911439,0.9114391143911439
0.2,19,11,542,498,498,0.9188191881918819,0.9188191881918819
0.2,19,12,542,512,512,0.9446494464944649,0.9446494464944649
0.2,19,13,542,496,496,0.915129151291513,0.915129151291513
0.2,19,14,542,524,524,0.966789667896679,0.966789667896679
0.2,19,15,542,498,498,0.9188191881918819,0.9188191881918819
0.2,19,16,542,512,512,0.9446494464944649,0.9446494464944649
0.2,19,17,542,485,485,0.8948339483394834,0.8948339483394834
0.2,19,18,542,520,520,0.959409594095941,0.959409594095941
0.2,19,19,542,502,502,0.9261992619926199,0.9261992619926199
0.2,19,20,542,482,482,0.8892988929889298,0.8892988929889298
0.2,19,21,542,522,522,0.9630996309963099,0.9630996309963099
0.2,19,22,542,503,503,0.9280442804428044,0.9280442804428044
0.2,19,23,542,516,516,0.9520295202952029,0.9520295202952029
0.2,19,24,542,514,514,0.948339483394834,0.948339483394834
0.2,19,25,542,518,518,0.955719557195572,0.955719557195572
0.2,19,26,542,523,523,0.9649446494464945,0.9649446494464945
0.2,19,27,542,489,489,0.9022140221402214,0.9022140221402214
0.2,19,28,542,489,489,0.9022140221402214,0.9022140221402214
0.2,19,29,542,501,501,0.9243542435424354,0.9243542435424354
0.2,19,30,542,529,529,0.9760147601476015,0.9760147601476015
0.2,19,31,542,511,511,0.9428044280442804,0.9428044280442804
0.2,19,32,542,490,490,0.9040590405904059,0.9040590405904059
0.2,19,33,542,531,531,0.9797047970479705,0.9797047970479705
0.2,19,34,542,532,532,0.981549815498155,0.981549815498155
0.2,19,35,542,519,519,0.9575645756457565,0.9575645756457565
0.2,19,36,542,494,494,0.9114391143911439,0.9114391143911439
0.2,19,37,542,537,537,0.9907749077490775,0.9907749077490775
0.2,19,38,542,501,501,0.9243542435424354,0.9243542435424354
0.2,19,39,542,520,520,0.959409594095941,0.959409594095941
0.2,19,40,542,492,492,0.9077490774907749,0.9077490774907749
0.2,19,41,542,521,521,0.9612546125461254,0.9612546125461254
0.2,19,42,542,515,515,0.9501845018450185,0.9501845018450185
0.2,19,43,542,534,534,0.985239852398524,0.985239852398524
0.2,19,44,542,539,539,0.9944649446494465,0.9944649446494465
0.2,19,45,542,506,506,0.933579335793358,0.933579335793358
0.2,19,46,542,530,530,0.977859778597786,0.977859778597786
0.2,19,47,542,539,539,0.9944649446494465,0.9944649446494465
0.2,19,48,542,480,480,0.8856088560885609,0.8856088560885609
0.2,19,49,542,513,513,0.9464944649446494,0.9464944649446494
0.2,19,50,542,495,495,0.9132841328413284,0.9132841328413284
0.2,19,51,542,526,526,0.9704797047970479,0.9704797047970479
0.2,19,52,542,509,509,0.9391143911439115,0.9391143911439115
0.2,19,53,542,530,530,0.977859778597786,0.977859778597786
0.2,19,54,542,515,515,0.9501845018450185,0.9501845018450185
0.2,19,55,542,532,532,0.981549815498155,0.981549815498155
0.2,19,56,542,496,496,0.915129151291513,0.915129151291513
0.2,19,57,542,479,479,0.8837638376383764,0.8837638376383764
0.2,19,58,542,524,524,0.966789667896679,0.966789667896679
0.2,19,59,542,519,519,0.9575645756457565,0.9575645756457565
0.2,19,60,542,532,532,0.981549815498155,0.981549815498155
0.2,19,61,542,496,496,0.915129151291513,0.915129151291513
0.2,19,62,542,532,532,0.981549815498155,0.981549815498155
0.2,19,63,542,512,512,0.9446494464944649,0.9446494464944649
0.2,19,64,542,506,506,0.933579335793358,0.933579335793358
0.2,19,65,542,508,508,0.9372693726937269,0.9372693726937269
0.2,19,66,542,498,498,0.9188191881918819,0.9188191881918819
0.2,19,67,542,507,507,0.9354243542435424,0.9354243542435424
0.2,19,68,542,495,495,0.9132841328413284,0.9132841328413284
0.2,19,69,542,497,497,0.9169741697416974,0.9169741697416974
0.2,19,70,542,515,515,0.9501845018450185,0.9501845018450185
0.2,19,71,542,506,506,0.933579335793358,0.933579335793358
0.2,19,72,542,480,480,0.8856088560885609,0.8856088560885609
0.2,19,73,542,530,530,0.977859778597786,0.977859778597786
0.2,19,74,542,496,496,0.915129151291513,0.915129151291513
0.2,19,75,542,495,495,0.9132841328413284,0.9132841328413284
0.2,19,76,542,501,501,0.9243542435424354,0.9243542435424354
0.2,19,77,542,540,540,0.996309963099631,0.996309963099631
0.2,19,78,542,516,516,0.9520295202952029,0.9520295202952029
0.2,19,79,542,526,526,0.9704797047970479,0.9704797047970479
0.2,19,80,542,493,493,0.9095940959409594,0.9095940959409594
0.2,19,81,542,514,514,0.948339483394834,0.948339483394834
0.2,19,82,542,542,542,1.0,1.0
0.2,19,83,542,510,510,0.940959409594096,0.940959409594096
0.2,19,84,542,498,498,0.9188191881918819,0.9188191881918819
0.2,19,85,542,532,532,0.981549815498155,0.981549815498155
0.2,19,86,542,491,491,0.9059040590405905,0.9059040590405905
0.2,19,87,542,517,517,0.9538745387453874,0.9538745387453874
0.2,19,88,542,531,531,0.9797047970479705,0.9797047970479705
0.2,19,89,542,516,516,0.9520295202952029,0.9520295202952029
0.2,19,90,542,484,484,0.8929889298892989,0.8929889298892989
0.2,19,91,542,508,508,0.9372693726937269,0.9372693726937269
0.2,19,92,542,523,523,0.9649446494464945,0.9649446494464945
0.2,19,93,542,524,524,0.966789667896679,0.966789667896679
0.2,19,94,542,540,540,0.996309963099631,0.996309963099631
0.2,19,95,542,518,518,0.955719557195572,0.955719557195572
0.2,19,96,542,517,517,0.9538745387453874,0.9538745387453874
0.2,19,97,542,518,518,0.955719557195572,0.955719557195572
0.2,19,98,542,519,519,0.9575645756457565,0.9575645756457565
0.2,19,99,542,517,517,0.9538745387453874,0.9538745387453874
0.2,19,100,542,528,528,0.974169741697417,0.974169741697417
0.2,19,101,542,507,507,0.9354243542435424,0.9354243542435424
0.2,19,102,542,516,516,0.9520295202952029,0.9520295202952029
0.2,19,103,542,492,492,0.9077490774907749,0.9077490774907749
0.2,19,104,542,533,533,0.9833948339483395,0.9833948339483395
0.2,19,105,542,537,537,0.9907749077490775,0.9907749077490775
0.2,19,106,542,512,512,0.9446494464944649,0.9446494464944649
0.2,19,107,542,518,518,0.955719557195572,0.955719557195572
0.2,19,108,542,502,502,0.9261992619926199,0.9261992619926199
0.2,19,109,542,529,529,0.9760147601476015,0.9760147601476015
0.2,19,110,542,507,507,0.9354243542435424,0.9354243542435424
0.2,19,111,542,522,522,0.9630996309963099,0.9630996309963099
0.2,19,112,542,538,538,0.992619926199262,0.992619926199262
0.2,19,113,542,506,506,0.933579335793358,0.933579335793358
0.2,19,114,542,528,528,0.974169741697417,0.974169741697417
0.2,19,115,542,511,511,0.9428044280442804,0.9428044280442804
0.2,19,116,542,519,519,0.9575645756457565,0.9575645756457565
0.2,19,117,542,533,533,0.9833948339483395,0.9833948339483395
0.2,19,118,542,528,528,0.974169741697417,0.974169741697417
0.2,19,119,542,517,517,0.9538745387453874,0.9538745387453874
0.2,19,120,542,524,524,0.966789667896679,0.966789667896679
0.2,19,121,542,526,526,0.9704797047970479,0.9704797047970479
0.2,19,122,542,503,503,0.9280442804428044,0.9280442804428044
0.2,19,123,542,535,535,0.9870848708487084,0.9870848708487084
0.2,19,124,542,493,493,0.9095940959409594,0.9095940959409594
0.2,19,125,542,511,511,0.9428044280442804,0.9428044280442804
0.2,19,126,542,535,535,0.9870848708487084,0.9870848708487084
0.2,19,127,542,512,512,0.9446494464944649,0.9446494464944649
0.2,19,128,542,532,532,0.981549815498155,0.981549815498155
0.2,19,129,542,515,515,0.9501845018450185,0.9501845018450185
0.2,19,130,542,527,527,0.9723247232472325,0.9723247232472325
0.2,19,131,542,520,520,0.959409594095941,0.959409594095941
0.2,19,132,542,532,532,0.981549815498155,0.981549815498155
0.2,19,133,542,506,506,0.933579335793358,0.933579335793358
0.2,19,134,542,542,542,1.0,1.0
0.2,19,135,542,500,500,0.922509225092251,0.922509225092251
0.2,19,136,542,516,516,0.9520295202952029,0.9520295202952029
0.2,19,137,542,500,500,0.922509225092251,0.922509225092251
0.2,19,138,542,496,496,0.915129151291513,0.915129151291513
0.2,19,139,542,509,509,0.9391143911439115,0.9391143911439115
0.2,19,140,542,507,507,0.9354243542435424,0.9354243542435424
0.2,19,141,542,525,525,0.9686346863468634,0.9686346863468634
0.2,19,142,542,513,513,0.9464944649446494,0.9464944649446494
0.2,19,143,542,509,509,0.9391143911439115,0.9391143911439115
0.2,19,144,542,509,509,0.9391143911439115,0.9391143911439115
0.2,19,145,542,500,500,0.922509225092251,0.922509225092251
0.2,19,146,542,530,530,0.977859778597786,0.977859778597786
0.2,19,147,542,535,535,0.9870848708487084,0.9870848708487084
0.2,19,148,542,512,512,0.9446494464944649,0.9446494464944649
0.2,19,149,542,538,538,0.992619926199262,0.992619926199262
0.2,19,150,542,527,527,0.9723247232472325,0.9723247232472325
0.2,19,151,542,513,513,0.9464944649446494,0.9464944649446494
0.2,19,152,542,528,528,0.974169741697417,0.974169741697417
0.2,19,153,542,516,516,0.9520295202952029,0.9520295202952029
0.2,19,154,542,496,496,0.915129151291513,0.915129151291513
0.2,19,155,542,484,484,0.8929889298892989,0.8929889298892989
0.2,19,156,542,509,509,0.9391143911439115,0.9391143911439115
0.2,19,157,542,477,477,0.8800738007380073,0.8800738007380073
0.2,19,158,542,521,521,0.9612546125461254,0.9612546125461254
0.2,19,159,542,496,496,0.915129151291513,0.915129151291513
0.2,19,160,542,483,483,0.8911439114391144,0.8911439114391144
0.2,19,161,542,513,513,0.9464944649446494,0.9464944649446494
0.2,19,162,542,497,497,0.9169741697416974,0.9169741697416974
0.2,19,163,542,491,491,0.9059040590405905,0.9059040590405905
0.2,19,164,542,526,526,0.9704797047970479,0.9704797047970479
0.2,19,165,542,525,525,0.9686346863468634,0.9686346863468634
0.2,19,166,542,496,496,0.915129151291513,0.915129151291513
0.2,19,167,542,460,460,0.8487084870848709,0.8487084870848709
0.2,19,168,542,526,526,0.9704797047970479,0.9704797047970479
0.2,19,169,542,527,527,0.9723247232472325,0.9723247232472325
0.2,19,170,542,527,527,0.9723247232472325,0.9723247232472325
0.2,19,171,542,495,495,0.9132841328413284,0.9132841328413284
0.2,19,172,542,504,504,0.9298892988929889,0.9298892988929889
0.2,19,173,542,471,471,0.8690036900369004,0.8690036900369004
0.2,19,174,542,486,486,0.8966789667896679,0.8966789667896679
0.2,19,175,542,497,497,0.9169741697416974,0.9169741697416974
0.2,19,176,542,535,535,0.9870848708487084,0.9870848708487084
0.2,19,177,542,529,529,0.9760147601476015,0.9760147601476015
0.2,19,178,542,488,488,0.9003690036900369,0.9003690036900369
0.2,19,179,542,536,536,0.988929889298893,0.988929889298893
0.2,19,180,542,526,526,0.9704797047970479,0.9704797047970479
0.2,19,181,542,509,509,0.9391143911439115,0.9391143911439115
0.2,19,182,542,470,470,0.8671586715867159,0.8671586715867159
0.2,19,183,542,494,494,0.9114391143911439,0.9114391143911439
0.2,19,184,542,518,518,0.955719557195572,0.955719557195572
0.2,19,185,542,519,519,0.9575645756457565,0.9575645756457565
0.2,19,186,542,509,509,0.9391143911439115,0.9391143911439115
0.2,19,187,542,516,516,0.9520295202952029,0.9520295202952029
0.2,19,188,542,524,524,0.966789667896679,0.966789667896679
0.2,19,189,542,507,507,0.9354243542435424,0.9354243542435424
0.2,19,190,542,526,526,0.9704797047970479,0.9704797047970479
0.2,19,191,542,519,519,0.9575645756457565,0.9575645756457565
0.2,19,192,542,527,527,0.9723247232472325,0.9723247232472325
0.2,19,193,542,486,486,0.8966789667896679,0.8966789667896679
0.2,19,194,542,522,522,0.9630996309963099,0.9630996309963099
0.2,19,195,542,522,522,0.9630996309963099,0.9630996309963099
0.2,19,196,542,530,530,0.977859778597786,0.977859778597786
0.2,19,197,542,521,521,0.9612546125461254,0.9612546125461254
0.2,19,198,542,529,529,0.9760147601476015,0.9760147601476015
0.2,19,199,542,505,505,0.9317343173431735,0.9317343173431735
0.2,19,200,542,527,527,0.9723247232472325,0.9723247232472325
0.2,19,201,542,524,524,0.966789667896679,0.966789667896679
0.2,19,202,542,520,520,0.959409594095941,0.959409594095941
0.2,19,203,542,538,538,0.992619926199262,0.992619926199262
0.2,19,204,542,532,532,0.981549815498155,0.981549815498155
0.2,19,205,542,534,534,0.985239852398524,0.985239852398524
0.2,19,206,542,523,523,0.9649446494464945,0.9649446494464945
0.2,19,207,542,530,530,0.977859778597786,0.977859778597786
0.2,19,208,542,513,513,0.9464944649446494,0.9464944649446494
0.2,19,209,542,521,521,0.9612546125461254,0.9612546125461254
0.2,19,210,542,488,488,0.9003690036900369,0.9003690036900369
0.2,19,211,542,525,525,0.9686346863468634,0.9686346863468634
0.2,19,212,542,508,508,0.9372693726937269,0.9372693726937269
0.2,19,213,542,492,492,0.9077490774907749,0.9077490774907749
0.2,19,214,542,525,525,0.9686346863468634,0.9686346863468634
0.2,19,215,542,522,522,0.9630996309963099,0.9630996309963099
0.2,19,216,542,519,519,0.9575645756457565,0.9575645756457565
0.2,19,217,542,506,506,0.933579335793358,0.933579335793358
0.2,19,218,542,512,512,0.9446494464944649,0.9446494464944649
0.2,19,219,542,542,542,1.0,1.0
0.2,19,220,542,542,542,1.0,1.0
0.2,19,221,542,525,525,0.9686346863468634,0.9686346863468634
0.2,19,222,542,530,530,0.977859778597786,0.977859778597786
0.2,19,223,542,521,521,0.9612546125461254,0.9612546125461254
0.2,19,224,542,516,516,0.9520295202952029,0.9520295202952029
0.2,19,225,542,519,519,0.9575645756457565,0.9575645756457565
0.2,19,226,542,518,518,0.955719557195572,0.955719557195572
0.2,19,227,542,521,521,0.9612546125461254,0.9612546125461254
0.2,19,228,542,523,523,0.9649446494464945,0.9649446494464945
0.2,19,229,542,531,531,0.9797047970479705,0.9797047970479705
0.2,19,230,542,505,505,0.9317343173431735,0.9317343173431735
0.2,19,231,542,477,477,0.8800738007380073,0.8800738007380073
0.2,19,232,542,486,486,0.8966789667896679,0.8966789667896679
0.2,19,233,542,512,512,0.9446494464944649,0.9446494464944649
0.2,19,234,542,519,519,0.9575645756457565,0.9575645756457565
0.2,19,235,542,508,508,0.9372693726937269,0.9372693726937269
0.2,19,236,542,489,489,0.9022140221402214,0.9022140221402214
0.2,19,237,542,502,502,0.9261992619926199,0.9261992619926199
0.2,19,238,542,504,504,0.9298892988929889,0.9298892988929889
0.2,19,239,542,507,507,0.9354243542435424,0.9354243542435424
0.2,19,240,542,522,522,0.9630996309963099,0.9630996309963099
0.2,19,241,542,530,530,0.977859778597786,0.977859778597786
0.2,19,242,542,533,533,0.9833948339483395,0.9833948339483395
0.2,19,243,542,506,506,0.933579335793358,0.933579335793358
0.2,19,244,542,492,492,0.9077490774907749,0.9077490774907749
0.2,19,245,542,526,526,0.9704797047970479,0.9704797047970479
0.2,19,246,542,496,496,0.915129151291513,0.915129151291513
0.2,19,247,542,522,522,0.9630996309963099,0.9630996309963099
0.2,19,248,542,522,522,0.9630996309963099,0.9630996309963099
0.2,19,249,542,520,520,0.959409594095941,0.959409594095941
0.2,19,250,542,535,535,0.9870848708487084,0.9870848708487084
0.2,19,251,542,497,497,0.9169741697416974,0.9169741697416974
0.2,19,252,542,527,527,0.9723247232472325,0.9723247232472325
0.2,19,253,542,488,488,0.9003690036900369,0.9003690036900369
0.2,19,254,542,540,540,0.996309963099631,0.996309963099631
0.2,19,255,542,505,505,0.9317343173431735,0.9317343173431735
0.2,19,256,542,500,500,0.922509225092251,0.922509225092251
0.2,19,257,542,518,518,0.955719557195572,0.955719557195572
0.2,19,258,542,502,502,0.9261992619926199,0.9261992619926199
0.2,19,259,542,528,528,0.974169741697417,0.974169741697417
0.2,19,260,542,510,510,0.940959409594096,0.940959409594096
0.2,19,261,542,516,516,0.9520295202952029,0.9520295202952029
0.2,19,262,542,499,499,0.9206642066420664,0.9206642066420664
0.2,19,263,542,530,530,0.977859778597786,0.977859778597786
0.2,19,264,542,534,534,0.985239852398524,0.985239852398524
0.2,19,265,542,517,517,0.9538745387453874,0.9538745387453874
0.2,19,266,542,515,515,0.9501845018450185,0.9501845018450185
0.2,19,267,542,521,521,0.9612546125461254,0.9612546125461254
0.2,19,268,542,508,508,0.9372693726937269,0.9372693726937269
0.2,19,269,542,527,527,0.9723247232472325,0.9723247232472325
0.2,19,270,542,534,534,0.985239852398524,0.985239852398524
0.2,19,271,542,496,496,0.915129151291513,0.915129151291513
0.2,19,272,542,495,495,0.9132841328413284,0.9132841328413284
0.2,19,273,542,522,522,0.9630996309963099,0.9630996309963099
0.2,19,274,542,529,529,0.9760147601476015,0.9760147601476015
0.2,19,275,542,530,530,0.977859778597786,0.977859778597786
0.2,19,276,542,534,534,0.985239852398524,0.985239852398524
0.2,19,277,542,541,541,0.9981549815498155,0.9981549815498155
0.2,19,278,542,531,531,0.9797047970479705,0.9797047970479705
0.2,19,279,542,514,514,0.948339483394834,0.948339483394834
0.2,19,280,542,538,538,0.992619926199262,0.992619926199262
0.2,19,281,542,527,527,0.9723247232472325,0.9723247232472325
0.2,19,282,542,514,514,0.948339483394834,0.948339483394834
0.2,19,283,542,534,534,0.985239852398524,0.985239852398524
0.2,19,284,542,530,530,0.977859778597786,0.977859778597786
0.2,19,285,542,527,527,0.9723247232472325,0.9723247232472325
0.2,19,286,542,510,510,0.940959409594096,0.940959409594096
0.2,19,287,542,498,498,0.9188191881918819,0.9188191881918819
0.2,19,288,542,541,541,0.9981549815498155,0.9981549815498155
0.2,19,289,542,507,507,0.9354243542435424,0.9354243542435424
0.2,19,290,542,525,525,0.9686346863468634,0.9686346863468634
0.2,19,291,542,504,504,0.9298892988929889,0.9298892988929889
0.2,19,292,542,532,532,0.981549815498155,0.981549815498155
0.2,19,293,542,524,524,0.966789667896679,0.966789667896679
0.2,19,294,542,492,492,0.9077490774907749,0.9077490774907749
0.2,19,295,542,527,527,0.9723247232472325,0.9723247232472325
0.2,19,296,542,509,509,0.9391143911439115,0.9391143911439115
0.2,19,297,542,500,500,0.922509225092251,0.922509225092251
0.2,19,298,542,522,522,0.9630996309963099,0.9630996309963099
0.2,19,299,542,522,522,0.9630996309963099,0.9630996309963099
0.2,19,300,542,507,507,0.9354243542435424,0.9354243542435424
0.2,19,301,542,521,521,0.9612546125461254,0.9612546125461254
0.2,19,302,542,535,535,0.9870848708487084,0.9870848708487084
0.2,19,303,542,511,511,0.9428044280442804,0.9428044280442804
0.2,19,304,542,526,526,0.9704797047970479,0.9704797047970479
0.2,19,305,542,516,516,0.9520295202952029,0.9520295202952029
0.2,19,306,542,522,522,0.9630996309963099,0.9630996309963099
0.2,19,307,542,507,507,0.9354243542435424,0.9354243542435424
0.2,19,308,542,508,508,0.9372693726937269,0.9372693726937269
0.2,19,309,542,506,506,0.933579335793358,0.933579335793358
0.2,19,310,542,512,512,0.9446494464944649,0.9446494464944649
0.2,19,311,542,491,491,0.9059040590405905,0.9059040590405905
0.2,19,312,542,499,499,0.9206642066420664,0.9206642066420664
0.2,19,313,542,505,505,0.9317343173431735,0.9317343173431735
0.2,19,314,542,542,542,1.0,1.0
0.2,19,315,542,516,516,0.9520295202952029,0.9520295202952029
0.2,19,316,542,513,513,0.9464944649446494,0.9464944649446494
0.2,19,317,542,528,528,0.974169741697417,0.974169741697417
0.2,19,318,542,541,541,0.9981549815498155,0.9981549815498155
0.2,19,319,542,522,522,0.9630996309963099,0.9630996309963099
0.2,19,320,542,500,500,0.922509225092251,0.922509225092251
0.2,19,321,542,536,536,0.988929889298893,0.988929889298893
0.2,19,322,542,515,515,0.9501845018450185,0.9501845018450185
0.2,19,323,542,522,522,0.9630996309963099,0.9630996309963099
0.2,19,324,542,517,517,0.9538745387453874,0.9538745387453874
0.2,19,325,542,507,507,0.9354243542435424,0.9354243542435424
0.2,19,326,542,503,503,0.9280442804428044,0.9280442804428044
0.2,19,327,542,500,500,0.922509225092251,0.922509225092251
0.2,19,328,542,519,519,0.9575645756457565,0.9575645756457565
0.2,19,329,542,505,505,0.9317343173431735,0.9317343173431735
0.2,19,330,542,500,500,0.922509225092251,0.922509225092251
0.2,19,331,542,516,516,0.9520295202952029,0.9520295202952029
0.2,19,332,542,514,514,0.948339483394834,0.948339483394834
0.2,19,333,542,530,530,0.977859778597786,0.977859778597786
0.2,19,334,542,508,508,0.9372693726937269,0.9372693726937269
0.2,19,335,542,513,513,0.9464944649446494,0.9464944649446494
0.2,19,336,542,502,502,0.9261992619926199,0.9261992619926199
0.2,19,337,542,501,501,0.9243542435424354,0.9243542435424354
0.2,19,338,542,520,520,0.959409594095941,0.959409594095941
0.2,19,339,542,488,488,0.9003690036900369,0.9003690036900369
0.2,19,340,542,527,527,0.9723247232472325,0.9723247232472325
0.2,19,341,542,516,516,0.9520295202952029,0.9520295202952029
0.2,19,342,542,537,537,0.9907749077490775,0.9907749077490775
0.2,19,343,542,491,491,0.9059040590405905,0.9059040590405905
0.2,19,344,542,525,525,0.9686346863468634,0.9686346863468634
0.2,19,345,542,511,511,0.9428044280442804,0.9428044280442804
0.2,19,346,542,507,507,0.9354243542435424,0.9354243542435424
0.2,19,347,542,484,484,0.8929889298892989,0.8929889298892989
0.2,19,348,542,539,539,0.9944649446494465,0.9944649446494465
0.2,19,349,542,520,520,0.959409594095941,0.959409594095941
0.2,19,350,542,520,520,0.959409594095941,0.959409594095941
0.2,19,351,542,524,524,0.966789667896679,0.966789667896679
0.2,19,352,542,526,526,0.9704797047970479,0.9704797047970479
0.2,19,353,542,504,504,0.9298892988929889,0.9298892988929889
0.2,19,354,542,509,509,0.9391143911439115,0.9391143911439115
0.2,19,355,542,518,518,0.955719557195572,0.955719557195572
0.2,19,356,542,499,499,0.9206642066420664,0.9206642066420664
0.2,19,357,542,526,526,0.9704797047970479,0.9704797047970479
0.2,19,358,542,487,487,0.8985239852398524,0.8985239852398524
0.2,19,359,542,507,507,0.9354243542435424,0.9354243542435424
0.2,19,360,542,494,494,0.9114391143911439,0.9114391143911439
0.2,19,361,542,517,517,0.9538745387453874,0.9538745387453874
0.2,19,362,542,540,540,0.996309963099631,0.996309963099631
0.2,19,363,542,534,534,0.985239852398524,0.985239852398524
0.2,19,364,542,522,522,0.9630996309963099,0.9630996309963099
0.2,19,365,542,519,519,0.9575645756457565,0.9575645756457565
0.2,19,366,542,510,510,0.940959409594096,0.940959409594096
0.2,19,367,542,515,515,0.9501845018450185,0.9501845018450185
0.2,19,368,542,511,511,0.9428044280442804,0.9428044280442804
0.2,19,369,542,506,506,0.933579335793358,0.933579335793358
0.2,19,370,542,521,521,0.9612546125461254,0.9612546125461254
0.2,19,371,542,532,532,0.981549815498155,0.981549815498155
0.2,19,372,542,524,524,0.966789667896679,0.966789667896679
0.2,19,373,542,509,509,0.9391143911439115,0.9391143911439115
0.2,19,374,542,505,505,0.9317343173431735,0.9317343173431735
0.2,19,375,542,528,528,0.974169741697417,0.974169741697417
0.2,19,376,542,523,523,0.9649446494464945,0.9649446494464945
0.2,19,377,542,540,540,0.996309963099631,0.996309963099631
0.2,19,378,542,532,532,0.981549815498155,0.981549815498155
0.2,19,379,542,524,524,0.966789667896679,0.966789667896679
0.2,19,380,542,475,475,0.8763837638376384,0.8763837638376384
0.2,19,381,542,511,511,0.9428044280442804,0.9428044280442804
0.2,19,382,542,495,495,0.9132841328413284,0.9132841328413284
0.2,19,383,542,485,485,0.8948339483394834,0.8948339483394834
0.2,19,384,542,525,525,0.9686346863468634,0.9686346863468634
0.2,19,385,542,513,513,0.9464944649446494,0.9464944649446494
0.2,19,386,542,521,521,0.9612546125461254,0.9612546125461254
0.2,19,387,542,495,495,0.9132841328413284,0.9132841328413284
0.2,19,388,542,501,501,0.9243542435424354,0.9243542435424354
0.2,19,389,542,529,529,0.9760147601476015,0.9760147601476015
0.2,19,390,542,475,475,0.8763837638376384,0.8763837638376384
0.2,19,391,542,464,464,0.8560885608856088,0.8560885608856088
0.2,19,392,542,508,508,0.9372693726937269,0.9372693726937269
0.2,19,393,542,480,480,0.8856088560885609,0.8856088560885609
0.2,19,394,542,518,518,0.955719557195572,0.955719557195572
0.2,19,395,542,510,510,0.940959409594096,0.940959409594096
0.2,19,396,542,525,525,0.9686346863468634,0.9686346863468634
0.2,19,397,542,527,527,0.9723247232472325,0.9723247232472325
0.2,19,398,542,533,533,0.9833948339483395,0.9833948339483395
0.2,19,399,542,508,508,0.9372693726937269,0.9372693726937269
0.2,19,400,542,506,506,0.933579335793358,0.933579335793358
0.2,19,401,542,506,506,0.933579335793358,0.933579335793358
0.2,19,402,542,519,519,0.9575645756457565,0.9575645756457565
0.2,19,403,542,532,532,0.981549815498155,0.981549815498155
0.2,19,404,542,499,499,0.9206642066420664,0.9206642066420664
0.2,19,405,542,512,512,0.9446494464944649,0.9446494464944649
0.2,19,406,542,510,510,0.940959409594096,0.940959409594096
0.2,19,407,542,511,511,0.9428044280442804,0.9428044280442804
0.2,19,408,542,510,510,0.940959409594096,0.940959409594096
0.2,19,409,542,523,523,0.9649446494464945,0.9649446494464945
0.2,19,410,542,510,510,0.940959409594096,0.940959409594096
0.2,19,411,542,535,535,0.9870848708487084,0.9870848708487084
0.2,19,412,542,493,493,0.9095940959409594,0.9095940959409594
0.2,19,413,542,505,505,0.9317343173431735,0.9317343173431735
0.2,19,414,542,499,499,0.9206642066420664,0.9206642066420664
0.2,19,415,542,524,524,0.966789667896679,0.966789667896679
0.2,19,416,542,510,510,0.940959409594096,0.940959409594096
0.2,19,417,542,536,536,0.988929889298893,0.988929889298893
0.2,19,418,542,508,508,0.9372693726937269,0.9372693726937269
0.2,19,419,542,500,500,0.922509225092251,0.922509225092251
0.2,19,420,542,500,500,0.922509225092251,0.922509225092251
0.2,19,421,542,503,503,0.9280442804428044,0.9280442804428044
0.2,19,422,542,506,506,0.933579335793358,0.933579335793358
0.2,19,423,542,496,496,0.915129151291513,0.915129151291513
0.2,19,424,542,500,500,0.922509225092251,0.922509225092251
0.2,19,425,542,496,496,0.915129151291513,0.915129151291513
0.2,19,426,542,491,491,0.9059040590405905,0.9059040590405905
0.2,19,427,542,523,523,0.9649446494464945,0.9649446494464945
0.2,19,428,542,514,514,0.948339483394834,0.948339483394834
0.2,19,429,542,521,521,0.9612546125461254,0.9612546125461254
0.2,19,430,542,520,520,0.959409594095941,0.959409594095941
0.2,19,431,542,516,516,0.9520295202952029,0.9520295202952029
0.2,19,432,542,502,502,0.9261992619926199,0.9261992619926199
0.2,19,433,542,492,492,0.9077490774907749,0.9077490774907749
0.2,19,434,542,534,534,0.985239852398524,0.985239852398524
0.2,19,435,542,490,490,0.9040590405904059,0.9040590405904059
0.2,19,436,542,499,499,0.9206642066420664,0.9206642066420664
0.2,19,437,542,519,519,0.9575645756457565,0.9575645756457565
0.2,19,438,542,540,540,0.996309963099631,0.996309963099631
0.2,19,439,542,497,497,0.9169741697416974,0.9169741697416974
0.2,19,440,542,487,487,0.8985239852398524,0.8985239852398524
0.2,19,441,542,514,514,0.948339483394834,0.948339483394834
0.2,19,442,542,515,515,0.9501845018450185,0.9501845018450185
0.2,19,443,542,521,521,0.9612546125461254,0.9612546125461254
0.2,19,444,542,534,534,0.985239852398524,0.985239852398524
0.2,19,445,542,469,469,0.8653136531365314,0.8653136531365314
0.2,19,446,542,519,519,0.9575645756457565,0.9575645756457565
0.2,19,447,542,511,511,0.9428044280442804,0.9428044280442804
0.2,19,448,542,483,483,0.8911439114391144,0.8911439114391144
0.2,19,449,542,498,498,0.9188191881918819,0.9188191881918819
0.2,19,450,542,490,490,0.9040590405904059,0.9040590405904059
0.2,19,451,542,503,503,0.9280442804428044,0.9280442804428044
0.2,19,452,542,531,531,0.9797047970479705,0.9797047970479705
0.2,19,453,542,530,530,0.977859778597786,0.977859778597786
0.2,19,454,542,504,504,0.9298892988929889,0.9298892988929889
0.2,19,455,542,537,537,0.9907749077490775,0.9907749077490775
0.2,19,456,542,509,509,0.9391143911439115,0.9391143911439115
0.2,19,457,542,534,534,0.985239852398524,0.985239852398524
0.2,19,458,542,497,497,0.9169741697416974,0.9169741697416974
0.2,19,459,542,515,515,0.9501845018450185,0.9501845018450185
0.2,19,460,542,519,519,0.9575645756457565,0.9575645756457565
0.2,19,461,542,484,484,0.8929889298892989,0.8929889298892989
0.2,19,462,542,523,523,0.9649446494464945,0.9649446494464945
0.2,19,463,542,533,533,0.9833948339483395,0.9833948339483395
0.2,19,464,542,518,518,0.955719557195572,0.955719557195572
0.2,19,465,542,534,534,0.985239852398524,0.985239852398524
0.2,19,466,542,506,506,0.933579335793358,0.933579335793358
0.2,19,467,542,527,527,0.9723247232472325,0.9723247232472325
0.2,19,468,542,468,468,0.8634686346863468,0.8634686346863468
0.2,19,469,542,489,489,0.9022140221402214,0.9022140221402214
0.2,19,470,542,476,476,0.8782287822878229,0.8782287822878229
0.2,19,471,542,521,521,0.9612546125461254,0.9612546125461254
0.2,19,472,542,498,498,0.9188191881918819,0.9188191881918819
0.2,19,473,542,533,533,0.9833948339483395,0.9833948339483395
0.2,19,474,542,498,498,0.9188191881918819,0.9188191881918819
0.2,19,475,542,514,514,0.948339483394834,0.948339483394834
0.2,19,476,542,487,487,0.8985239852398524,0.8985239852398524
0.2,19,477,542,515,515,0.9501845018450185,0.9501845018450185
0.2,19,478,542,516,516,0.9520295202952029,0.9520295202952029
0.2,19,479,542,516,516,0.9520295202952029,0.9520295202952029
0.2,19,480,542,510,510,0.940959409594096,0.940959409594096
0.2,19,481,542,521,521,0.9612546125461254,0.9612546125461254
0.2,19,482,542,539,539,0.9944649446494465,0.9944649446494465
0.2,19,483,542,529,529,0.9760147601476015,0.9760147601476015
0.2,19,484,542,535,535,0.9870848708487084,0.9870848708487084
0.2,19,485,542,511,511,0.9428044280442804,0.9428044280442804
0.2,19,486,542,508,508,0.9372693726937269,0.9372693726937269
0.2,19,487,542,501,501,0.9243542435424354,0.9243542435424354
0.2,19,488,542,533,533,0.9833948339483395,0.9833948339483395
0.2,19,489,542,519,519,0.9575645756457565,0.9575645756457565
0.2,19,490,542,473,473,0.8726937269372693,0.8726937269372693
0.2,19,491,542,499,499,0.9206642066420664,0.9206642066420664
0.2,19,492,542,507,507,0.9354243542435424,0.9354243542435424
0.2,19,493,542,512,512,0.9446494464944649,0.9446494464944649
0.2,19,494,542,509,509,0.9391143911439115,0.9391143911439115
0.2,19,495,542,538,538,0.992619926199262,0.992619926199262
0.2,19,496,542,527,527,0.9723247232472325,0.9723247232472325
0.2,19,497,542,518,518,0.955719557195572,0.955719557195572
0.2,19,498,542,514,514,0.948339483394834,0.948339483394834
0.2,19,499,542,514,514,0.948339483394834,0.948339483394834
0.2,19,500,542,516,516,0.9520295202952029,0.9520295202952029
0.3,29,1,342,304,304,0.8888888888888888,0.8888888888888888
0.3,29,2,342,321,321,0.9385964912280702,0.9385964912280702
0.3,29,3,342,327,327,0.956140350877193,0.956140350877193
0.3,29,4,342,282,282,0.8245614035087719,0.8245614035087719
0.3,29,5,342,323,323,0.9444444444444444,0.9444444444444444
0.3,29,6,342,307,307,0.8976608187134503,0.8976608187134503
0.3,29,7,342,319,319,0.9327485380116959,0.9327485380116959
0.3,29,8,342,321,321,0.9385964912280702,0.9385964912280702
0.3,29,9,342,328,328,0.9590643274853801,0.9590643274853801
0.3,29,10,342,302,302,0.8830409356725146,0.8830409356725146
0.3,29,11,342,312,312,0.9122807017543859,0.9122807017543859
0.3,29,12,342,323,323,0.9444444444444444,0.9444444444444444
0.3,29,13,342,326,326,0.9532163742690059,0.9532163742690059
0.3,29,14,342,314,314,0.9181286549707602,0.9181286549707602
0.3,29,15,342,312,312,0.9122807017543859,0.9122807017543859
0.3,29,16,342,319,319,0.9327485380116959,0.9327485380116959
0.3,29,17,342,313,313,0.9152046783625731,0.9152046783625731
0.3,29,18,342,324,324,0.9473684210526315,0.9473684210526315
0.3,29,19,342,310,310,0.9064327485380117,0.9064327485380117
0.3,29,20,342,298,298,0.8713450292397661,0.8713450292397661
0.3,29,21,342,330,330,0.9649122807017544,0.9649122807017544
0.3,29,22,342,310,310,0.9064327485380117,0.9064327485380117
0.3,29,23,342,307,307,0.8976608187134503,0.8976608187134503
0.3,29,24,342,315,315,0.9210526315789473,0.9210526315789473
0.3,29,25,342,325,325,0.9502923976608187,0.9502923976608187
0.3,29,26,342,321,321,0.9385964912280702,0.9385964912280702
0.3,29,27,342,293,293,0.8567251461988304,0.8567251461988304
0.3,29,28,342,272,272,0.7953216374269005,0.7953216374269005
0.3,29,29,342,309,309,0.9035087719298246,0.9035087719298246
0.3,29,30,342,330,330,0.9649122807017544,0.9649122807017544
0.3,29,31,342,323,323,0.9444444444444444,0.9444444444444444
0.3,29,32,342,301,301,0.8801169590643275,0.8801169590643275
0.3,29,33,342,335,335,0.97953216374269,0.97953216374269
0.3,29,34,342,324,324,0.9473684210526315,0.9473684210526315
0.3,29,35,342,322,322,0.9415204678362573,0.9415204678362573
0.3,29,36,342,292,292,0.8538011695906432,0.8538011695906432
0.3,29,37,342,322,322,0.9415204678362573,0.9415204678362573
0.3,29,38,342,298,298,0.8713450292397661,0.8713450292397661
0.3,29,39,342,320,320,0.935672514619883,0.935672514619883
0.3,29,40,342,292,292,0.8538011695906432,0.8538011695906432
0.3,29,41,342,314,314,0.9181286549707602,0.9181286549707602
0.3,29,42,342,324,324,0.9473684210526315,0.9473684210526315
0.3,29,43,342,316,316,0.9239766081871345,0.9239766081871345
0.3,29,44,342,322,322,0.9415204678362573,0.9415204678362573
0.3,29,45,342,301,301,0.8801169590643275,0.8801169590643275
0.3,29,46,342,324,324,0.9473684210526315,0.9473684210526315
0.3,29,47,342,325,325,0.9502923976608187,0.9502923976608187
0.3,29,48,342,300,300,0.8771929824561403,0.8771929824561403
0.3,29,49,342,315,315,0.9210526315789473,0.9210526315789473
0.3,29,50,342,282,282,0.8245614035087719,0.8245614035087719
0.3,29,51,342,329,329,0.9619883040935673,0.9619883040935673
0.3,29,52,342,327,327,0.956140350877193,0.956140350877193
0.3,29,53,342,312,312,0.9122807017543859,0.9122807017543859
0.3,29,54,342,316,316,0.9239766081871345,0.9239766081871345
0.3,29,55,342,324,324,0.9473684210526315,0.9473684210526315
0.3,29,56,342,314,314,0.9181286549707602,0.9181286549707602
0.3,29,57,342,295,295,0.8625730994152047,0.8625730994152047
0.3,29,58,342,331,331,0.9678362573099415,0.9678362573099415
0.3,29,59,342,316,316,0.9239766081871345,0.9239766081871345
0.3,29,60,342,319,319,0.9327485380116959,0.9327485380116959
0.3,29,61,342,305,305,0.8918128654970761,0.8918128654970761
0.3,29,62,342,328,328,0.9590643274853801,0.9590643274853801
0.3,29,63,342,312,312,0.9122807017543859,0.9122807017543859
0.3,29,64,342,317,317,0.9269005847953217,0.9269005847953217
0.3,29,65,342,316,316,0.9239766081871345,0.9239766081871345
0.3,29,66,342,307,307,0.8976608187134503,0.8976608187134503
0.3,29,67,342,322,322,0.9415204678362573,0.9415204678362573
0.3,29,68,342,316,316,0.9239766081871345,0.9239766081871345
0.3,29,69,342,312,312,0.9122807017543859,0.9122807017543859
0.3,29,70,342,322,322,0.9415204678362573,0.9415204678362573
0.3,29,71,342,323,323,0.9444444444444444,0.9444444444444444
0.3,29,72,342,309,309,0.9035087719298246,0.9035087719298246
0.3,29,73,342,328,328,0.9590643274853801,0.9590643274853801
0.3,29,74,342,303,303,0.8859649122807017,0.8859649122807017
0.3,29,75,342,312,312,0.9122807017543859,0.9122807017543859
0.3,29,76,342,315,315,0.9210526315789473,0.9210526315789473
0.3,29,77,342,306,306,0.8947368421052632,0.8947368421052632
0.3,29,78,342,324,324,0.9473684210526315,0.9473684210526315
0.3,29,79,342,331,331,0.9678362573099415,0.9678362573099415
0.3,29,80,342,294,294,0.8596491228070176,0.8596491228070176
0.3,29,81,342,321,321,0.9385964912280702,0.9385964912280702
0.3,29,82,342,331,331,0.9678362573099415,0.9678362573099415
0.3,29,83,342,315,315,0.9210526315789473,0.9210526315789473
0.3,29,84,342,316,316,0.9239766081871345,0.9239766081871345
0.3,29,85,342,334,334,0.9766081871345029,0.9766081871345029
0.3,29,86,342,299,299,0.8742690058479532,0.8742690058479532
0.3,29,87,342,325,325,0.9502923976608187,0.9502923976608187
0.3,29,88,342,324,324,0.9473684210526315,0.9473684210526315
0.3,29,89,342,308,308,0.9005847953216374,0.9005847953216374
0.3,29,90,342,295,295,0.8625730994152047,0.8625730994152047
0.3,29,91,342,325,325,0.9502923976608187,0.9502923976608187
0.3,29,92,342,324,324,0.9473684210526315,0.9473684210526315
0.3,29,93,342,305,305,0.8918128654970761,0.8918128654970761
0.3,29,94,342,327,327,0.956140350877193,0.956140350877193
0.3,29,95,342,326,326,0.9532163742690059,0.9532163742690059
0.3,29,96,342,319,319,0.9327485380116959,0.9327485380116959
0.3,29,97,342,307,307,0.8976608187134503,0.8976608187134503
0.3,29,98,342,322,322,0.9415204678362573,0.9415204678362573
0.3,29,99,342,338,338,0.9883040935672515,0.9883040935672515
0.3,29,100,342,315,315,0.9210526315789473,0.9210526315789473
0.3,29,101,342,321,321,0.9385964912280702,0.9385964912280702
0.3,29,102,342,325,325,0.9502923976608187,0.9502923976608187
0.3,29,103,342,306,306,0.8947368421052632,0.8947368421052632
0.3,29,104,342,327,327,0.956140350877193,0.956140350877193
0.3,29,105,342,329,329,0.9619883040935673,0.9619883040935673
0.3,29,106,342,299,299,0.8742690058479532,0.8742690058479532
0.3,29,107,342,318,318,0.9298245614035088,0.9298245614035088
0.3,29,108,342,304,304,0.8888888888888888,0.8888888888888888
0.3,29,109,342,314,314,0.9181286549707602,0.9181286549707602
0.3,29,110,342,313,313,0.9152046783625731,0.9152046783625731
0.3,29,111,342,318,318,0.9298245614035088,0.9298245614035088
0.3,29,112,342,328,328,0.9590643274853801,0.9590643274853801
0.3,29,113,342,319,319,0.9327485380116959,0.9327485380116959
0.3,29,114,342,315,315,0.9210526315789473,0.9210526315789473
0.3,29,115,342,308,308,0.9005847953216374,0.9005847953216374
0.3,29,116,342,320,320,0.935672514619883,0.935672514619883
0.3,29,117,342,335,335,0.97953216374269,0.97953216374269
0.3,29,118,342,330,330,0.9649122807017544,0.9649122807017544
0.3,29,119,342,315,315,0.9210526315789473,0.9210526315789473
0.3,29,120,342,326,326,0.9532163742690059,0.9532163742690059
0.3,29,121,342,321,321,0.9385964912280702,0.9385964912280702
0.3,29,122,342,302,302,0.8830409356725146,0.8830409356725146
0.3,29,123,342,328,328,0.9590643274853801,0.9590643274853801
0.3,29,124,342,299,299,0.8742690058479532,0.8742690058479532
0.3,29,125,342,301,301,0.8801169590643275,0.8801169590643275
0.3,29,126,342,333,333,0.9736842105263158,0.9736842105263158
0.3,29,127,342,319,319,0.9327485380116959,0.9327485380116959
0.3,29,128,342,325,325,0.9502923976608187,0.9502923976608187
0.3,29,129,342,319,319,0.9327485380116959,0.9327485380116959
0.3,29,130,342,301,301,0.8801169590643275,0.8801169590643275
0.3,29,131,342,312,312,0.9122807017543859,0.9122807017543859
0.3,29,132,342,329,329,0.9619883040935673,0.9619883040935673
0.3,29,133,342,306,306,0.8947368421052632,0.8947368421052632
0.3,29,134,342,315,315,0.9210526315789473,0.9210526315789473
0.3,29,135,342,307,307,0.8976608187134503,0.8976608187134503
0.3,29,136,342,314,314,0.9181286549707602,0.9181286549707602
0.3,29,137,342,302,302,0.8830409356725146,0.8830409356725146
0.3,29,138,342,303,303,0.8859649122807017,0.8859649122807017
0.3,29,139,342,320,320,0.935672514619883,0.935672514619883
0.3,29,140,342,317,317,0.9269005847953217,0.9269005847953217
0.3,29,141,342,320,320,0.935672514619883,0.935672514619883
0.3,29,142,342,326,326,0.9532163742690059,0.9532163742690059
0.3,29,143,342,329,329,0.9619883040935673,0.9619883040935673
0.3,29,144,342,317,317,0.9269005847953217,0.9269005847953217
0.3,29,145,342,318,318,0.9298245614035088,0.9298245614035088
0.3,29,146,342,334,334,0.9766081871345029,0.9766081871345029
0.3,29,147,342,319,319,0.9327485380116959,0.9327485380116959
0.3,29,148,342,317,317,0.9269005847953217,0.9269005847953217
0.3,29,149,342,330,330,0.9649122807017544,0.9649122807017544
0.3,29,150,342,331,331,0.9678362573099415,0.9678362573099415
0.3,29,151,342,306,306,0.8947368421052632,0.8947368421052632
0.3,29,152,342,337,337,0.9853801169590644,0.9853801169590644
0.3,29,153,342,311,311,0.9093567251461988,0.9093567251461988
0.3,29,154,342,315,315,0.9210526315789473,0.9210526315789473
0.3,29,155,342,315,315,0.9210526315789473,0.9210526315789473
0.3,29,156,342,305,305,0.8918128654970761,0.8918128654970761
0.3,29,157,342,298,298,0.8713450292397661,0.8713450292397661
0.3,29,158,342,329,329,0.9619883040935673,0.9619883040935673
0.3,29,159,342,312,312,0.9122807017543859,0.9122807017543859
0.3,29,160,342,295,295,0.8625730994152047,0.8625730994152047
0.3,29,161,342,319,319,0.9327485380116959,0.9327485380116959
0.3,29,162,342,306,306,0.8947368421052632,0.8947368421052632
0.3,29,163,342,299,299,0.8742690058479532,0.8742690058479532
0.3,29,164,342,308,308,0.9005847953216374,0.9005847953216374
0.3,29,165,342,314,314,0.9181286549707602,0.9181286549707602
0.3,29,166,342,308,308,0.9005847953216374,0.9005847953216374
0.3,29,167,342,297,297,0.868421052631579,0.868421052631579
0.3,29,168,342,329,329,0.9619883040935673,0.9619883040935673
0.3,29,169,342,319,319,0.9327485380116959,0.9327485380116959
0.3,29,170,342,336,336,0.9824561403508771,0.9824561403508771
0.3,29,171,342,309,309,0.9035087719298246,0.9035087719298246
0.3,29,172,342,302,302,0.8830409356725146,0.8830409356725146
0.3,29,173,342,292,292,0.8538011695906432,0.8538011695906432
0.3,29,174,342,296,296,0.8654970760233918,0.8654970760233918
0.3,29,175,342,301,301,0.8801169590643275,0.8801169590643275
0.3,29,176,342,331,331,0.9678362573099415,0.9678362573099415
0.3,29,177,342,304,304,0.8888888888888888,0.8888888888888888
0.3,29,178,342,297,297,0.868421052631579,0.868421052631579
0.3,29,179,342,336,336,0.9824561403508771,0.9824561403508771
0.3,29,180,342,335,335,0.97953216374269,0.97953216374269
0.3,29,181,342,317,317,0.9269005847953217,0.9269005847953217
0.3,29,182,342,289,289,0.8450292397660819,0.8450292397660819
0.3,29,183,342,315,315,0.9210526315789473,0.9210526315789473
0.3,29,184,342,334,334,0.9766081871345029,0.9766081871345029
0.3,29,185,342,313,313,0.9152046783625731,0.9152046783625731
0.3,29,186,342,297,297,0.868421052631579,0.868421052631579
0.3,29,187,342,329,329,0.9619883040935673,0.9619883040935673
0.3,29,188,342,324,324,0.9473684210526315,0.9473684210526315
0.3,29,189,342,317,317,0.9269005847953217,0.9269005847953217
0.3,29,190,342,327,327,0.956140350877193,0.956140350877193
0.3,29,191,342,327,327,0.956140350877193,0.956140350877193
0.3,29,192,342,311,311,0.9093567251461988,0.9093567251461988
0.3,29,193,342,311,311,0.9093567251461988,0.9093567251461988
0.3,29,194,342,319,319,0.9327485380116959,0.9327485380116959
0.3,29,195,342,322,322,0.9415204678362573,0.9415204678362573
0.3,29,196,342,330,330,0.9649122807017544,0.9649122807017544
0.3,29,197,342,313,313,0.9152046783625731,0.9152046783625731
0.3,29,198,342,322,322,0.9415204678362573,0.9415204678362573
0.3,29,199,342,318,318,0.9298245614035088,0.9298245614035088
0.3,29,200,342,331,331,0.9678362573099415,0.9678362573099415
0.3,29,201,342,333,333,0.9736842105263158,0.9736842105263158
0.3,29,202,342,316,316,0.9239766081871345,0.9239766081871345
0.3,29,203,342,339,339,0.9912280701754386,0.9912280701754386
0.3,29,204,342,330,330,0.9649122807017544,0.9649122807017544
0.3,29,205,342,329,329,0.9619883040935673,0.9619883040935673
0.3,29,206,342,324,324,0.9473684210526315,0.9473684210526315
0.3,29,207,342,327,327,0.956140350877193,0.956140350877193
0.3,29,208,342,311,311,0.9093567251461988,0.9093567251461988
0.3,29,209,342,327,327,0.956140350877193,0.956140350877193
0.3,29,210,342,316,316,0.9239766081871345,0.9239766081871345
0.3,29,211,342,320,320,0.935672514619883,0.935672514619883
0.3,29,212,342,304,304,0.8888888888888888,0.8888888888888888
0.3,29,213,342,297,297,0.868421052631579,0.868421052631579
0.3,29,214,342,330,330,0.9649122807017544,0.9649122807017544
0.3,29,215,342,314,314,0.9181286549707602,0.9181286549707602
0.3,29,216,342,310,310,0.9064327485380117,0.9064327485380117
0.3,29,217,342,303,303,0.8859649122807017,0.8859649122807017
0.3,29,218,342,320,320,0.935672514619883,0.935672514619883
0.3,29,219,342,330,330,0.9649122807017544,0.9649122807017544
0.3,29,220,342,325,325,0.9502923976608187,0.9502923976608187
0.3,29,221,342,326,326,0.9532163742690059,0.9532163742690059
0.3,29,222,342,323,323,0.9444444444444444,0.9444444444444444
0.3,29,223,342,331,331,0.9678362573099415,0.9678362573099415
0.3,29,224,342,312,312,0.9122807017543859,0.9122807017543859
0.3,29,225,342,330,330,0.9649122807017544,0.9649122807017544
0.3,29,226,342,313,313,0.9152046783625731,0.9152046783625731
0.3,29,227,342,325,325,0.9502923976608187,0.9502923976608187
0.3,29,228,342,302,302,0.8830409356725146,0.8830409356725146
0.3,29,229,342,335,335,0.97953216374269,0.97953216374269
0.3,29,230,342,296,296,0.8654970760233918,0.8654970760233918
0.3,29,231,342,293,293,0.8567251461988304,0.8567251461988304
0.3,29,232,342,306,306,0.8947368421052632,0.8947368421052632
0.3,29,233,342,310,310,0.9064327485380117,0.9064327485380117
0.3,29,234,342,332,332,0.9707602339181286,0.9707602339181286
0.3,29,235,342,307,307,0.8976608187134503,0.8976608187134503
0.3,29,236,342,309,309,0.9035087719298246,0.9035087719298246
0.3,29,237,342,314,314,0.9181286549707602,0.9181286549707602
0.3,29,238,342,323,323,0.9444444444444444,0.9444444444444444
0.3,29,239,342,309,309,0.9035087719298246,0.9035087719298246
0.3,29,240,342,326,326,0.9532163742690059,0.9532163742690059
0.3,29,241,342,330,330,0.9649122807017544,0.9649122807017544
0.3,29,242,342,317,317,0.9269005847953217,0.9269005847953217
0.3,29,243,342,318,318,0.9298245614035088,0.9298245614035088
0.3,29,244,342,321,321,0.9385964912280702,0.9385964912280702
0.3,29,245,342,325,325,0.9502923976608187,0.9502923976608187
0.3,29,246,342,312,312,0.9122807017543859,0.9122807017543859
0.3,29,247,342,297,297,0.868421052631579,0.868421052631579
0.3,29,248,342,306,306,0.8947368421052632,0.8947368421052632
0.3,29,249,342,325,325,0.9502923976608187,0.9502923976608187
0.3,29,250,342,332,332,0.9707602339181286,0.9707602339181286
0.3,29,251,342,302,302,0.8830409356725146,0.8830409356725146
0.3,29,252,342,306,306,0.8947368421052632,0.8947368421052632
0.3,29,253,342,304,304,0.8888888888888888,0.8888888888888888
0.3,29,254,342,330,330,0.9649122807017544,0.9649122807017544
0.3,29,255,342,316,316,0.9239766081871345,0.9239766081871345
0.3,29,256,342,289,289,0.8450292397660819,0.8450292397660819
0.3,29,257,342,316,316,0.9239766081871345,0.9239766081871345
0.3,29,258,342,315,315,0.9210526315789473,0.9210526315789473
0.3,29,259,342,325,325,0.9502923976608187,0.9502923976608187
0.3,29,260,342,322,322,0.9415204678362573,0.9415204678362573
0.3,29,261,342,329,329,0.9619883040935673,0.9619883040935673
0.3,29,262,342,319,319,0.9327485380116959,0.9327485380116959
0.3,29,263,342,323,323,0.9444444444444444,0.9444444444444444
0.3,29,264,342,328,328,0.9590643274853801,0.9590643274853801
0.3,29,265,342,290,290,0.847953216374269,0.847953216374269
0.3,29,266,342,318,318,0.9298245614035088,0.9298245614035088
0.3,29,267,342,321,321,0.9385964912280702,0.9385964912280702
0.3,29,268,342,322,322,0.9415204678362573,0.9415204678362573
0.3,29,269,342,326,326,0.9532163742690059,0.9532163742690059
0.3,29,270,342,324,324,0.9473684210526315,0.9473684210526315
0.3,29,271,342,301,301,0.8801169590643275,0.8801169590643275
0.3,29,272,342,314,314,0.9181286549707602,0.9181286549707602
0.3,29,273,342,331,331,0.9678362573099415,0.9678362573099415
0.3,29,274,342,323,323,0.9444444444444444,0.9444444444444444
0.3,29,275,342,326,326,0.9532163742690059,0.9532163742690059
0.3,29,276,342,334,334,0.9766081871345029,0.9766081871345029
0.3,29,277,342,329,329,0.9619883040935673,0.9619883040935673
0.3,29,278,342,321,321,0.9385964912280702,0.9385964912280702
0.3,29,279,342,321,321,0.9385964912280702,0.9385964912280702
0.3,29,280,342,328,328,0.9590643274853801,0.9590643274853801
0.3,29,281,342,318,318,0.9298245614035088,0.9298245614035088
0.3,29,282,342,308,308,0.9005847953216374,0.9005847953216374
0.3,29,283,342,311,311,0.9093567251461988,0.9093567251461988
0.3,29,284,342,315,315,0.9210526315789473,0.9210526315789473
0.3,29,285,342,324,324,0.9473684210526315,0.9473684210526315
0.3,29,286,342,330,330,0.9649122807017544,0.9649122807017544
0.3,29,287,342,303,303,0.8859649122807017,0.8859649122807017
0.3,29,288,342,328,328,0.9590643274853801,0.9590643274853801
0.3,29,289,342,322,322,0.9415204678362573,0.9415204678362573
0.3,29,290,342,320,320,0.935672514619883,0.935672514619883
0.3,29,291,342,300,300,0.8771929824561403,0.8771929824561403
0.3,29,292,342,325,325,0.9502923976608187,0.9502923976608187
0.3,29,293,342,332,332,0.9707602339181286,0.9707602339181286
0.3,29,294,342,294,294,0.8596491228070176,0.8596491228070176
0.3,29,295,342,325,325,0.9502923976608187,0.9502923976608187
0.3,29,296,342,319,319,0.9327485380116959,0.9327485380116959
0.3,29,297,342,310,310,0.9064327485380117,0.9064327485380117
0.3,29,298,342,311,311,0.9093567251461988,0.9093567251461988
0.3,29,299,342,327,327,0.956140350877193,0.956140350877193
0.3,29,300,342,289,289,0.8450292397660819,0.8450292397660819
0.3,29,301,342,312,312,0.9122807017543859,0.9122807017543859
0.3,29,302,342,335,335,0.97953216374269,0.97953216374269
0.3,29,303,342,314,314,0.9181286549707602,0.9181286549707602
0.3,29,304,342,330,330,0.9649122807017544,0.9649122807017544
0.3,29,305,342,308,308,0.9005847953216374,0.9005847953216374
0.3,29,306,342,329,329,0.9619883040935673,0.9619883040935673
0.3,29,307,342,323,323,0.9444444444444444,0.9444444444444444
0.3,29,308,342,313,313,0.9152046783625731,0.9152046783625731
0.3,29,309,342,320,320,0.935672514619883,0.935672514619883
0.3,29,310,342,306,306,0.8947368421052632,0.8947368421052632
0.3,29,311,342,312,312,0.9122807017543859,0.9122807017543859
0.3,29,312,342,300,300,0.8771929824561403,0.8771929824561403
0.3,29,313,342,312,312,0.9122807017543859,0.9122807017543859
0.3,29,314,342,330,330,0.9649122807017544,0.9649122807017544
0.3,29,315,342,319,319,0.9327485380116959,0.9327485380116959
0.3,29,316,342,322,322,0.9415204678362573,0.9415204678362573
0.3,29,317,342,336,336,0.9824561403508771,0.9824561403508771
0.3,29,318,342,337,337,0.9853801169590644,0.9853801169590644
0.3,29,319,342,315,315,0.9210526315789473,0.9210526315789473
0.3,29,320,342,318,318,0.9298245614035088,0.9298245614035088
0.3,29,321,342,334,334,0.9766081871345029,0.9766081871345029
0.3,29,322,342,331,331,0.9678362573099415,0.9678362573099415
0.3,29,323,342,312,312,0.9122807017543859,0.9122807017543859
0.3,29,324,342,317,317,0.9269005847953217,0.9269005847953217
0.3,29,325,342,316,316,0.9239766081871345,0.9239766081871345
0.3,29,326,342,309,309,0.9035087719298246,0.9035087719298246
0.3,29,327,342,318,318,0.9298245614035088,0.9298245614035088
0.3,29,328,342,320,320,0.935672514619883,0.935672514619883
0.3,29,329,342,302,302,0.8830409356725146,0.8830409356725146
0.3,29,330,342,323,323,0.9444444444444444,0.9444444444444444
0.3,29,331,342,320,320,0.935672514619883,0.935672514619883
0.3,29,332,342,307,307,0.8976608187134503,0.8976608187134503
0.3,29,333,342,332,332,0.9707602339181286,0.9707602339181286
0.3,29,334,342,319,319,0.9327485380116959,0.9327485380116959
0.3,29,335,342,306,306,0.8947368421052632,0.8947368421052632
0.3,29,336,342,287,287,0.8391812865497076,0.8391812865497076
0.3,29,337,342,325,325,0.9502923976608187,0.9502923976608187
0.3,29,338,342,306,306,0.8947368421052632,0.8947368421052632
0.3,29,339,342,316,316,0.9239766081871345,0.9239766081871345
0.3,29,340,342,331,331,0.9678362573099415,0.9678362573099415
0.3,29,341,342,305,305,0.8918128654970761,0.8918128654970761
0.3,29,342,342,320,320,0.935672514619883,0.935672514619883
0.3,29,343,342,299,299,0.8742690058479532,0.8742690058479532
0.3,29,344,342,315,315,0.9210526315789473,0.9210526315789473
0.3,29,345,342,316,316,0.9239766081871345,0.9239766081871345
0.3,29,346,342,313,313,0.9152046783625731,0.9152046783625731
0.3,29,347,342,310,310,0.9064327485380117,0.9064327485380117
0.3,29,348,342,332,332,0.9707602339181286,0.9707602339181286
0.3,29,349,342,328,328,0.9590643274853801,0.9590643274853801
0.3,29,350,342,323,323,0.9444444444444444,0.9444444444444444
0.3,29,351,342,327,327,0.956140350877193,0.956140350877193
0.3,29,352,342,322,322,0.9415204678362573,0.9415204678362573
0.3,29,353,342,325,325,0.9502923976608187,0.9502923976608187
0.3,29,354,342,311,311,0.9093567251461988,0.9093567251461988
0.3,29,355,342,319,319,0.9327485380116959,0.9327485380116959
0.3,29,356,342,318,318,0.9298245614035088,0.9298245614035088
0.3,29,357,342,328,328,0.9590643274853801,0.9590643274853801
0.3,29,358,342,302,302,0.8830409356725146,0.8830409356725146
0.3,29,359,342,308,308,0.9005847953216374,0.9005847953216374
0.3,29,360,342,321,321,0.9385964912280702,0.9385964912280702
0.3,29,361,342,306,306,0.8947368421052632,0.8947368421052632
0.3,29,362,342,325,325,0.9502923976608187,0.9502923976608187
0.3,29,363,342,330,330,0.9649122807017544,0.9649122807017544
0.3,29,364,342,334,334,0.9766081871345029,0.9766081871345029
0.3,29,365,342,309,309,0.9035087719298246,0.9035087719298246
0.3,29,366,342,326,326,0.9532163742690059,0.9532163742690059
0.3,29,367,342,318,318,0.9298245614035088,0.9298245614035088
0.3,29,368,342,314,314,0.9181286549707602,0.9181286549707602
0.3,29,369,342,313,313,0.9152046783625731,0.9152046783625731
0.3,29,370,342,316,316,0.9239766081871345,0.9239766081871345
0.3,29,371,342,328,328,0.9590643274853801,0.9590643274853801
0.3,29,372,342,304,304,0.8888888888888888,0.8888888888888888
0.3,29,373,342,299,299,0.8742690058479532,0.8742690058479532
0.3,29,374,342,305,305,0.8918128654970761,0.8918128654970761
0.3,29,375,342,333,333,0.9736842105263158,0.9736842105263158
0.3,29,376,342,312,312,0.9122807017543859,0.9122807017543859
0.3,29,377,342,329,329,0.9619883040935673,0.9619883040935673
0.3,29,378,342,322,322,0.9415204678362573,0.9415204678362573
0.3,29,379,342,333,333,0.9736842105263158,0.9736842105263158
0.3,29,380,342,282,282,0.8245614035087719,0.8245614035087719
0.3,29,381,342,307,307,0.8976608187134503,0.8976608187134503
0.3,29,382,342,323,323,0.9444444444444444,0.9444444444444444
0.3,29,383,342,307,307,0.8976608187134503,0.8976608187134503
0.3,29,384,342,327,327,0.956140350877193,0.956140350877193
0.3,29,385,342,316,316,0.9239766081871345,0.9239766081871345
0.3,29,386,342,316,316,0.9239766081871345,0.9239766081871345
0.3,29,387,342,316,316,0.9239766081871345,0.9239766081871345
0.3,29,388,342,314,314,0.9181286549707602,0.9181286549707602
0.3,29,389,342,321,321,0.9385964912280702,0.9385964912280702
0.3,29,390,342,303,303,0.8859649122807017,0.8859649122807017
0.3,29,391,342,300,300,0.8771929824561403,0.8771929824561403
0.3,29,392,342,302,302,0.8830409356725146,0.8830409356725146
0.3,29,393,342,296,296,0.8654970760233918,0.8654970760233918
0.3,29,394,342,315,315,0.9210526315789473,0.9210526315789473
0.3,29,395,342,312,312,0.9122807017543859,0.9122807017543859
0.3,29,396,342,323,323,0.9444444444444444,0.9444444444444444
0.3,29,397,342,323,323,0.9444444444444444,0.9444444444444444
0.3,29,398,342,314,314,0.9181286549707602,0.9181286549707602
0.3,29,399,342,300,300,0.8771929824561403,0.8771929824561403
0.3,29,400,342,318,318,0.9298245614035088,0.9298245614035088
0.3,29,401,342,317,317,0.9269005847953217,0.9269005847953217
0.3,29,402,342,314,314,0.9181286549707602,0.9181286549707602
0.3,29,403,342,335,335,0.97953216374269,0.97953216374269
0.3,29,404,342,317,317,0.9269005847953217,0.9269005847953217
0.3,29,405,342,318,318,0.9298245614035088,0.9298245614035088
0.3,29,406,342,317,317,0.9269005847953217,0.9269005847953217
0.3,29,407,342,320,320,0.935672514619883,0.935672514619883
0.3,29,408,342,311,311,0.9093567251461988,0.9093567251461988
0.3,29,409,342,331,331,0.9678362573099415,0.9678362573099415
0.3,29,410,342,323,323,0.9444444444444444,0.9444444444444444
0.3,29,411,342,330,330,0.9649122807017544,0.9649122807017544
0.3,29,412,342,300,300,0.8771929824561403,0.8771929824561403
0.3,29,413,342,313,313,0.9152046783625731,0.9152046783625731
0.3,29,414,342,317,317,0.9269005847953217,0.9269005847953217
0.3,29,415,342,324,324,0.9473684210526315,0.9473684210526315
0.3,29,416,342,329,329,0.9619883040935673,0.9619883040935673
0.3,29,417,342,331,331,0.9678362573099415,0.9678362573099415
0.3,29,418,342,299,299,0.8742690058479532,0.8742690058479532
0.3,29,419,342,317,317,0.9269005847953217,0.9269005847953217
0.3,29,420,342,312,312,0.9122807017543859,0.9122807017543859
0.3,29,421,342,321,321,0.9385964912280702,0.9385964912280702
0.3,29,422,342,301,301,0.8801169590643275,0.8801169590643275
0.3,29,423,342,319,319,0.9327485380116959,0.9327485380116959
0.3,29,424,342,302,302,0.8830409356725146,0.8830409356725146
0.3,29,425,342,322,322,0.9415204678362573,0.9415204678362573
0.3,29,426,342,319,319,0.9327485380116959,0.9327485380116959
0.3,29,427,342,327,327,0.956140350877193,0.956140350877193
0.3,29,428,342,323,323,0.9444444444444444,0.9444444444444444
0.3,29,429,342,329,329,0.9619883040935673,0.9619883040935673
0.3,29,430,342,314,314,0.9181286549707602,0.9181286549707602
0.3,29,431,342,324,324,0.9473684210526315,0.9473684210526315
0.3,29,432,342,306,306,0.8947368421052632,0.8947368421052632
0.3,29,433,342,294,294,0.8596491228070176,0.8596491228070176
0.3,29,434,342,331,331,0.9678362573099415,0.9678362573099415
0.3,29,435,342,302,302,0.8830409356725146,0.8830409356725146
0.3,29,436,342,317,317,0.9269005847953217,0.9269005847953217
0.3,29,437,342,322,322,0.9415204678362573,0.9415204678362573
0.3,29,438,342,324,324,0.9473684210526315,0.9473684210526315
0.3,29,439,342,311,311,0.9093567251461988,0.9093567251461988
0.3,29,440,342,309,309,0.9035087719298246,0.9035087719298246
0.3,29,441,342,306,306,0.8947368421052632,0.8947368421052632
0.3,29,442,342,319,319,0.9327485380116959,0.9327485380116959
0.3,29,443,342,319,319,0.9327485380116959,0.9327485380116959
0.3,29,444,342,329,329,0.9619883040935673,0.9619883040935673
0.3,29,445,342,280,280,0.8187134502923976,0.8187134502923976
0.3,29,446,342,324,324,0.9473684210526315,0.9473684210526315
0.3,29,447,342,330,330,0.9649122807017544,0.9649122807017544
0.3,29,448,342,305,305,0.8918128654970761,0.8918128654970761
0.3,29,449,342,293,293,0.8567251461988304,0.8567251461988304
0.3,29,450,342,302,302,0.8830409356725146,0.8830409356725146
0.3,29,451,342,321,321,0.9385964912280702,0.9385964912280702
0.3,29,452,342,327,327,0.956140350877193,0.956140350877193
0.3,29,453,342,321,321,0.9385964912280702,0.9385964912280702
0.3,29,454,342,320,320,0.935672514619883,0.935672514619883
0.3,29,455,342,335,335,0.97953216374269,0.97953216374269
0.3,29,456,342,307,307,0.8976608187134503,0.8976608187134503
0.3,29,457,342,326,326,0.9532163742690059,0.9532163742690059
0.3,29,458,342,304,304,0.8888888888888888,0.8888888888888888
0.3,29,459,342,307,307,0.8976608187134503,0.8976608187134503
0.3,29,460,342,338,338,0.9883040935672515,0.9883040935672515
0.3,29,461,342,320,320,0.935672514619883,0.935672514619883
0.3,29,462,342,310,310,0.9064327485380117,0.9064327485380117
0.3,29,463,342,319,319,0.9327485380116959,0.9327485380116959
0.3,29,464,342,310,310,0.9064327485380117,0.9064327485380117
0.3,29,465,342,326,326,0.9532163742690059,0.9532163742690059
0.3,29,466,342,322,322,0.9415204678362573,0.9415204678362573
0.3,29,467,342,320,320,0.935672514619883,0.935672514619883
0.3,29,468,342,308,308,0.9005847953216374,0.9005847953216374
0.3,29,469,342,313,313,0.9152046783625731,0.9152046783625731
0.3,29,470,342,293,293,0.8567251461988304,0.8567251461988304
0.3,29,471,342,323,323,0.9444444444444444,0.9444444444444444
0.3,29,472,342,307,307,0.8976608187134503,0.8976608187134503
0.3,29,473,342,328,328,0.9590643274853801,0.9590643274853801
0.3,29,474,342,316,316,0.9239766081871345,0.9239766081871345
0.3,29,475,342,310,310,0.9064327485380117,0.9064327485380117
0.3,29,476,342,283,283,0.827485380116959,0.827485380116959
0.3,29,477,342,319,319,0.9327485380116959,0.9327485380116959
0.3,29,478,342,312,312,0.9122807017543859,0.9122807017543859
0.3,29,479,342,321,321,0.9385964912280702,0.9385964912280702
0.3,29,480,342,313,313,0.9152046783625731,0.9152046783625731
0.3,29,481,342,319,319,0.9327485380116959,0.9327485380116959
0.3,29,482,342,313,313,0.9152046783625731,0.9152046783625731
0.3,29,483,342,329,329,0.9619883040935673,0.9619883040935673
0.3,29,484,342,331,331,0.9678362573099415,0.9678362573099415
0.3,29,485,342,301,301,0.8801169590643275,0.8801169590643275
0.3,29,486,342,316,316,0.9239766081871345,0.9239766081871345
0.3,29,487,342,317,317,0.9269005847953217,0.9269005847953217
0.3,29,488,342,332,332,0.9707602339181286,0.9707602339181286
0.3,29,489,342,320,320,0.935672514619883,0.935672514619883
0.3,29,490,342,301,301,0.8801169590643275,0.8801169590643275
0.3,29,491,342,311,311,0.9093567251461988,0.9093567251461988
0.3,29,492,342,298,298,0.8713450292397661,0.8713450292397661
0.3,29,493,342,315,315,0.9210526315789473,0.9210526315789473
0.3,29,494,342,308,308,0.9005847953216374,0.9005847953216374
0.3,29,495,342,332,332,0.9707602339181286,0.9707602339181286
0.3,29,496,342,313,313,0.9152046783625731,0.9152046783625731
0.3,29,497,342,311,311,0.9093567251461988,0.9093567251461988
0.3,29,498,342,309,309,0.9035087719298246,0.9035087719298246
0.3,29,499,342,303,303,0.8859649122807017,0.8859649122807017
0.3,29,500,342,325,325,0.9502923976608187,0.9502923976608187
