motif_id,node_count,edge_count,baseline_support_count,bootstrap_support_mean,bootstrap_support_median,bootstrap_support_025,bootstrap_support_975,p_boot_support_10pct,p_boot_support_20pct,p_boot_support_30pct
motif_7343187d61f58156,3,2,77,75.826,76.0,74.0,77.0,1.0,1.0,1.0
motif_1edae9dffc70a727,3,2,74,72.836,73.0,71.0,74.0,1.0,1.0,1.0
motif_05b3bb80d20cacfe,3,2,73,71.442,72.0,69.0,73.0,1.0,1.0,1.0
motif_abe15baf9aebb8d4,3,2,73,71.998,72.0,70.0,73.0,1.0,1.0,1.0
motif_1c7c35aa2acba71b,3,2,72,70.732,71.0,68.0,72.0,1.0,1.0,1.0
motif_2f435833caec9e2b,3,2,69,67.494,68.0,65.0,69.0,1.0,1.0,1.0
motif_06f133d1c67fa8e4,4,3,69,67.258,67.0,65.0,69.0,1.0,1.0,1.0
motif_65eb65a7562a1bcb,4,3,69,67.49,68.0,65.0,69.0,1.0,1.0,1.0
motif_144e36faf313d657,4,3,68,66.606,67.0,64.0,68.0,1.0,1.0,1.0
motif_bfbc51aaa402bef0,4,3,68,66.714,67.0,64.0,68.0,1.0,1.0,1.0
motif_0627f8d8deb4fba4,3,2,67,65.84,66.0,64.0,67.0,1.0,1.0,1.0
motif_e040651df1ee4832,3,2,66,63.956,64.0,61.0,66.0,1.0,1.0,1.0
motif_5611ddee26c3f8a2,4,3,66,64.22,64.0,61.0,66.0,1.0,1.0,1.0
motif_e515cabc007964a7,3,2,64,62.438,63.0,60.0,64.0,1.0,1.0,1.0
motif_a192df3ab4dfeb21,4,3,64,62.404,63.0,60.0,64.0,1.0,1.0,1.0
motif_58b9069656f5bf7c,5,4,64,62.406,62.0,60.0,64.0,1.0,1.0,1.0
motif_9136b5cad501c9c7,3,2,63,61.6,62.0,59.0,63.0,1.0,1.0,1.0
motif_2c556de84cb4e746,4,3,63,61.198,61.0,59.0,63.0,1.0,1.0,1.0
motif_4b3b17f7e5440be0,3,2,62,60.77,61.0,58.0,62.0,1.0,1.0,1.0
motif_2f11035ec8a07441,4,3,62,60.69,61.0,58.0,62.0,1.0,1.0,1.0
motif_5ae0b065c6d1e840,4,3,62,60.52,61.0,58.0,62.0,1.0,1.0,1.0
motif_6315d36b8c285cde,5,4,62,60.26,60.0,57.0,62.0,1.0,1.0,1.0
motif_212edb45a5b61006,3,2,61,59.358,59.0,57.0,61.0,1.0,1.0,1.0
motif_726f3861dd21cc38,3,2,61,59.646,60.0,57.0,61.0,1.0,1.0,1.0
motif_4074b843a40a8667,4,3,61,59.262,59.0,57.0,61.0,1.0,1.0,1.0
motif_52dd6e9ed5d3313a,3,3,60,58.388,59.0,55.0,60.0,1.0,1.0,1.0
motif_e5793275baa46474,4,3,60,58.184,58.0,55.0,60.0,1.0,1.0,1.0
motif_99e10474d9641594,5,4,60,58.248,58.0,55.0,60.0,1.0,1.0,1.0
motif_fad3706020dd7d19,5,4,60,58.476,59.0,56.0,60.0,1.0,1.0,1.0
motif_2411af643dc47294,4,4,59,57.192,57.0,54.0,59.0,1.0,1.0,1.0
motif_c03e15a1bea6ea46,5,4,59,57.086,57.0,54.0,59.0,1.0,1.0,1.0
motif_329c5520ea9f137f,3,2,58,56.788,57.0,54.0,58.0,1.0,1.0,1.0
motif_857e39d6361c69c4,3,2,58,56.084,56.0,53.0,58.0,1.0,1.0,1.0
motif_795694a86aef5c38,3,3,58,56.492,57.0,54.0,58.0,1.0,1.0,1.0
motif_48c393c748427b13,4,3,58,56.15,56.0,53.0,58.0,1.0,1.0,1.0
motif_7a01626f3ff4e596,4,3,58,55.7,56.0,53.0,58.0,1.0,1.0,1.0
motif_292d9b9a4fb005aa,5,4,58,56.082,56.0,53.0,58.0,1.0,1.0,1.0
motif_b7d6452102fa13a0,5,4,58,56.06,56.0,53.0,58.0,1.0,1.0,1.0
motif_67cab77b48831591,3,2,57,55.436,56.0,53.0,57.0,1.0,1.0,1.0
motif_971292dd18d037f2,4,3,57,55.112,55.0,53.0,57.0,1.0,1.0,1.0
motif_cb84fd61ebf8f384,4,3,57,55.542,56.0,53.0,57.0,1.0,1.0,1.0
motif_e0af2d1455e23c50,4,3,57,55.258,55.0,53.0,57.0,1.0,1.0,1.0
motif_eedbe58232b2165f,4,3,57,55.27,55.0,52.475,57.0,1.0,1.0,1.0
motif_394a686a6740f667,5,4,57,55.466,56.0,53.0,57.0,1.0,1.0,1.0
motif_db33a8dd2fbd76cd,5,4,57,55.184,55.0,53.0,57.0,1.0,1.0,1.0
motif_eeb4d747c66beaa4,3,2,56,54.25,54.0,52.0,56.0,1.0,1.0,1.0
motif_e867f6bd35d65ed5,4,3,56,53.988,54.0,51.0,56.0,1.0,1.0,1.0
motif_55909787035f2b7d,5,4,56,53.624,54.0,51.0,56.0,1.0,1.0,1.0
motif_daeb8129eeb1418a,5,4,56,54.128,54.0,51.0,56.0,1.0,1.0,1.0
motif_9ff7fa6a2454292d,5,5,56,54.116,54.0,51.0,56.0,1.0,1.0,1.0
motif_022aef1c1df514fd,4,3,55,53.064,53.0,50.0,55.0,1.0,1.0,1.0
motif_f39afc6a70122d9e,3,2,54,53.042,53.0,51.0,54.0,1.0,1.0,1.0
motif_1cc5c04e6b29c149,4,3,54,52.326,53.0,50.0,54.0,1.0,1.0,1.0
motif_294c7240155eb509,4,3,54,52.388,53.0,50.0,54.0,1.0,1.0,1.0
motif_34710843320b2fac,4,3,54,52.742,53.0,51.0,54.0,1.0,1.0,1.0
motif_4d469c53f6e01433,4,3,54,52.594,53.0,50.0,54.0,1.0,1.0,1.0
motif_e2e373750f40345c,4,3,54,52.724,53.0,50.0,54.0,1.0,1.0,1.0
motif_c8639dca025e0856,4,4,54,52.064,52.0,49.0,54.0,1.0,1.0,1.0
motif_09058bc7eec93ac2,5,4,54,52.108,52.0,49.0,54.0,1.0,1.0,1.0
motif_29d0f405b61cb8e4,5,4,54,51.404,51.5,48.0,54.0,1.0,1.0,1.0
motif_65bcc7505246fac6,5,4,54,52.352,52.0,50.0,54.0,1.0,1.0,1.0
motif_ece794950718732c,5,4,54,52.496,53.0,50.0,54.0,1.0,1.0,1.0
motif_684a163fba0cf367,3,2,53,51.55,52.0,49.0,53.0,1.0,1.0,1.0
motif_37830cccbe20e8cf,4,3,53,51.26,51.0,49.0,53.0,1.0,1.0,1.0
motif_e233cf1dfe3768b5,4,3,53,51.866,52.0,50.0,53.0,1.0,1.0,1.0
motif_ed5e4d011e2b456c,4,3,53,51.674,52.0,49.0,53.0,1.0,1.0,1.0
motif_0b0d398a14e5f2a3,4,4,53,51.432,52.0,49.0,53.0,1.0,1.0,1.0
motif_7efc4f61929ef0b8,4,4,53,51.628,52.0,49.0,53.0,1.0,1.0,1.0
motif_8543fd62cd4a1170,4,4,53,51.518,52.0,49.0,53.0,1.0,1.0,1.0
motif_8da5991d298f106b,5,4,53,51.068,51.0,48.0,53.0,1.0,1.0,1.0
motif_e0b714267ead3086,5,4,53,50.94,51.0,48.0,53.0,1.0,1.0,1.0
motif_e5b4b238cd487bc9,5,4,52,49.938,50.0,47.0,52.0,1.0,1.0,1.0
motif_2ac06cbfd625bf4e,5,5,52,50.334,51.0,47.475,52.0,1.0,1.0,1.0
motif_4fafa389d6f3cf6a,4,3,51,48.872,49.0,46.0,51.0,1.0,1.0,1.0
motif_a3bae32cb507520e,4,3,51,49.538,50.0,47.0,51.0,1.0,1.0,1.0
motif_6156682426cc8896,4,4,51,49.308,49.0,47.0,51.0,1.0,1.0,1.0
motif_2f49498d56eb193d,5,4,51,49.302,49.0,46.0,51.0,1.0,1.0,1.0
motif_4351f61c6294e968,5,4,51,49.524,50.0,47.0,51.0,1.0,1.0,1.0
motif_f219a667fad3d6dc,5,4,51,49.302,49.0,47.0,51.0,1.0,1.0,1.0
motif_f36a38d96b0a0951,4,3,50,48.636,49.0,46.0,50.0,1.0,1.0,1.0
motif_1e95a6dab5da9df2,5,4,50,48.74,49.0,46.0,50.0,1.0,1.0,1.0
motif_2ad1cf6160fe23c7,5,4,50,48.13,48.0,46.0,50.0,1.0,1.0,1.0
motif_40a677a453ac6467,5,4,50,48.284,48.0,45.0,50.0,1.0,1.0,1.0
motif_7148880977761506,5,4,50,48.37,48.0,46.0,50.0,1.0,1.0,1.0
motif_77a83db3cef85faa,5,4,50,48.814,49.0,46.475,50.0,1.0,1.0,1.0
motif_d0038ba3c8704588,5,4,50,47.814,48.0,45.0,50.0,1.0,1.0,1.0
motif_3c069e7c4f04b0c0,5,5,50,48.132,48.0,45.0,50.0,1.0,1.0,1.0
motif_9f155f3c63b0ae66,5,5,50,48.638,49.0,46.0,50.0,1.0,1.0,1.0
motif_1bd7b111855e755d,4,3,49,47.036,47.0,44.0,49.0,1.0,1.0,1.0
motif_2de10e214c2ecf82,4,3,49,47.2,47.0,45.0,49.0,1.0,1.0,1.0
motif_bac9340a022e2595,4,3,49,47.574,48.0,45.0,49.0,1.0,1.0,1.0
motif_ec1808fd0b66f7a0,4,3,49,47.176,47.0,44.0,49.0,1.0,1.0,1.0
motif_5d8278297502c784,4,4,49,47.02,47.0,44.0,49.0,1.0,1.0,1.0
motif_508757ac2e89a6f3,5,4,49,47.496,48.0,45.0,49.0,1.0,1.0,1.0
motif_6448517953121ee6,5,4,49,46.92,47.0,44.0,49.0,1.0,1.0,1.0
motif_eba470805227f98f,5,4,49,46.942,47.0,44.0,49.0,1.0,1.0,1.0
motif_f86305e1294efd83,5,4,49,47.536,48.0,45.0,49.0,1.0,1.0,1.0
motif_8d08924ed3622983,5,5,49,47.328,47.0,45.0,49.0,1.0,1.0,1.0
motif_5b961f2be4f41e18,4,3,48,46.714,47.0,44.0,48.0,1.0,1.0,1.0
motif_042d5c92b6ddeb0e,5,4,48,45.842,46.0,43.0,48.0,1.0,1.0,1.0
motif_8288677f41522d3e,5,4,48,46.438,47.0,44.0,48.0,1.0,1.0,1.0
motif_de554d8eb3595187,5,4,48,46.106,46.0,43.0,48.0,1.0,1.0,1.0
motif_e1b45ea8e38bda1d,5,5,48,45.93,46.0,43.0,48.0,1.0,1.0,1.0
motif_e7b678b80985a50a,4,3,47,45.688,46.0,43.0,47.0,1.0,1.0,1.0
motif_a23b58bb6552ca3b,4,4,47,45.594,46.0,43.0,47.0,1.0,1.0,1.0
motif_2cdb329eb88af463,5,4,47,45.714,46.0,43.0,47.0,1.0,1.0,1.0
motif_627e0dce19fa9636,5,4,47,45.26,45.0,43.0,47.0,1.0,1.0,1.0
motif_1f4787323fa6b30a,5,5,47,45.494,46.0,43.0,47.0,1.0,1.0,1.0
motif_7611ddb360618444,5,5,47,45.06,45.0,42.0,47.0,1.0,1.0,1.0
motif_b8f74c60dd14740c,4,4,46,44.628,45.0,42.0,46.0,1.0,1.0,1.0
motif_8e4c0f6b5f4dcf4c,4,5,46,44.536,45.0,42.0,46.0,1.0,1.0,1.0
motif_fb71835b862676ea,5,4,46,44.474,45.0,42.0,46.0,1.0,1.0,1.0
motif_34712bfa3ca77994,3,2,45,43.3,43.0,41.0,45.0,1.0,1.0,1.0
motif_130e8d015ee1c8e6,4,3,45,43.0,43.0,40.0,45.0,1.0,1.0,1.0
motif_165c840f51ada343,4,4,45,43.3,43.0,40.0,45.0,1.0,1.0,1.0
motif_0145829533663255,5,4,45,42.722,43.0,40.0,45.0,1.0,1.0,1.0
motif_3ca241df6e5e399b,5,4,45,42.776,43.0,40.0,45.0,1.0,1.0,1.0
motif_472d9dc1836bab98,5,4,45,43.074,43.0,40.475,45.0,1.0,1.0,1.0
motif_5bad6588e3c14b16,5,4,45,42.994,43.0,40.0,45.0,1.0,1.0,1.0
motif_ebb94316f5d3356b,5,4,45,42.83,43.0,40.0,45.0,1.0,1.0,1.0
motif_290c1bbabab0f535,5,5,45,42.942,43.0,40.0,45.0,1.0,1.0,1.0
motif_5d4a3de6daa53094,5,5,45,42.63,43.0,40.0,45.0,1.0,1.0,1.0
motif_a32ef714ca7c1caf,5,5,45,43.228,43.0,40.0,45.0,1.0,1.0,1.0
motif_5665f6ba7fc7cdc0,4,3,44,42.558,43.0,40.0,44.0,1.0,1.0,1.0
motif_4b20edf7a84d17a9,5,4,44,42.784,43.0,40.0,44.0,1.0,1.0,1.0
motif_4b7f33281feedeaf,5,4,44,42.432,43.0,40.0,44.0,1.0,1.0,1.0
motif_57abb9a1ba9ef16c,5,4,44,42.44,43.0,40.0,44.0,1.0,1.0,1.0
motif_0c0cba279f8eaafe,5,5,44,42.34,43.0,39.475,44.0,1.0,1.0,1.0
motif_3a44a0047355a92b,5,5,44,42.698,43.0,40.0,44.0,1.0,1.0,1.0
motif_72376cc605a69c03,5,5,44,42.704,43.0,40.0,44.0,1.0,1.0,1.0
motif_7ed0d1a35df795fc,5,5,44,42.138,42.0,39.475,44.0,1.0,1.0,1.0
motif_396f8c618dc38f26,5,6,44,42.618,43.0,40.0,44.0,1.0,1.0,1.0
motif_904ccc169bdd8cf0,3,2,43,41.032,41.0,38.0,43.0,1.0,1.0,1.0
motif_94bb9d085649fe12,3,2,43,41.98,42.0,40.0,43.0,1.0,1.0,1.0
motif_738262c87e2a834c,4,3,43,41.034,41.0,38.0,43.0,1.0,1.0,1.0
motif_5bf36971a980c4ca,5,4,43,41.564,42.0,39.0,43.0,1.0,1.0,1.0
motif_b8b1456b837147f2,5,4,43,41.042,41.0,38.0,43.0,1.0,1.0,1.0
motif_cebe0606f15d5cc0,5,4,43,40.966,41.0,38.0,43.0,1.0,1.0,1.0
motif_d398da6c713f53b7,5,4,43,40.786,41.0,38.0,43.0,1.0,1.0,1.0
motif_a328587a896f8edc,5,5,43,41.406,42.0,39.0,43.0,1.0,1.0,1.0
motif_2f35404608f3f2ef,5,6,43,41.316,41.0,38.0,43.0,1.0,1.0,1.0
motif_2aa95981fc3e8f36,3,2,42,40.686,41.0,38.0,42.0,1.0,1.0,1.0
motif_61367486903318cd,3,2,42,40.232,40.0,38.0,42.0,1.0,1.0,1.0
motif_24fa1a057d5acded,4,3,42,40.552,41.0,38.0,42.0,1.0,1.0,1.0
motif_d9bff20e093a1be3,4,3,42,40.33,41.0,37.0,42.0,1.0,1.0,1.0
motif_a5f0aedaba53c141,4,4,42,40.41,41.0,38.0,42.0,1.0,1.0,1.0
motif_2d9dea63090b7772,5,4,42,40.0,40.0,37.0,42.0,1.0,1.0,1.0
motif_5ded3e44b292b50e,5,4,42,40.522,41.0,38.0,42.0,1.0,1.0,1.0
motif_752a9ee5cce96695,5,4,42,40.54,41.0,38.0,42.0,1.0,1.0,1.0
motif_f31ec24997c9f33d,5,4,42,40.348,41.0,38.0,42.0,1.0,1.0,1.0
motif_825fab86668eb8ff,5,5,42,39.81,40.0,37.0,42.0,1.0,1.0,1.0
motif_9346ea0f68c7424e,5,5,42,40.38,41.0,38.0,42.0,1.0,1.0,1.0
motif_fc5100af43da23a5,3,2,41,38.978,39.0,36.0,41.0,1.0,1.0,1.0
motif_08f3fda7af28ee0d,4,3,41,39.368,40.0,36.475,41.0,1.0,1.0,1.0
motif_ba42a46d0a454734,4,3,41,39.092,39.0,36.0,41.0,1.0,1.0,1.0
motif_f436a966bfb8a0f7,4,3,41,40.022,40.0,38.0,41.0,1.0,1.0,1.0
motif_60b43b9090a793bc,5,4,41,39.33,40.0,37.0,41.0,1.0,1.0,1.0
motif_b0af780cd01e57bf,5,4,41,39.126,39.0,36.0,41.0,1.0,1.0,1.0
motif_f5528311f24310da,5,4,41,38.684,39.0,36.0,41.0,1.0,1.0,1.0
motif_fd2c20ed817a1487,5,4,41,39.342,40.0,37.0,41.0,1.0,1.0,1.0
motif_9ce65289eb9b60cb,5,5,41,39.194,39.0,36.0,41.0,1.0,1.0,1.0
motif_67b3ff2f437cc158,3,2,40,38.846,39.0,37.0,40.0,1.0,1.0,1.0
motif_e744486a4774c589,3,2,40,38.418,39.0,36.0,40.0,1.0,1.0,1.0
motif_2f1cad9346e74372,4,3,40,38.062,38.0,35.0,40.0,1.0,1.0,1.0
motif_1890479618ebbd5a,5,4,40,38.278,38.0,35.0,40.0,1.0,1.0,1.0
motif_a79cab0e1b2c2fbf,5,4,40,38.434,39.0,36.0,40.0,1.0,1.0,1.0
motif_8772d8cec906d3dc,3,2,39,37.776,38.0,36.0,39.0,1.0,1.0,1.0
motif_2768109c9ad0c060,4,3,39,37.702,38.0,35.0,39.0,1.0,1.0,1.0
motif_d1f6be288fa1eb5b,4,3,39,36.84,37.0,34.0,39.0,1.0,1.0,1.0
motif_1ad6eca41bc12d2a,5,4,39,37.374,38.0,35.0,39.0,1.0,1.0,1.0
motif_280c39cdcfcace26,5,4,39,37.222,37.0,34.475,39.0,1.0,1.0,1.0
motif_87cc0947b79bd1a4,5,4,39,37.644,38.0,35.0,39.0,1.0,1.0,1.0
motif_a286a547b110eed9,5,4,39,37.032,37.0,34.0,39.0,1.0,1.0,1.0
motif_aeb7b3cc0e77bf78,5,4,39,37.722,38.0,35.0,39.0,1.0,1.0,1.0
motif_c297aea309bced17,5,4,39,37.91,38.0,36.0,39.0,1.0,1.0,1.0
motif_ef33fbd9d0acc07e,5,4,39,37.13,37.0,34.0,39.0,1.0,1.0,1.0
motif_f3686eff0a11ab0b,5,4,39,37.146,37.0,34.475,39.0,1.0,1.0,1.0
motif_5bfc4a225f2f79e3,5,5,39,37.468,38.0,35.0,39.0,1.0,1.0,1.0
motif_a1bf96e5bcfd11c0,5,5,39,37.236,37.0,35.0,39.0,1.0,1.0,1.0
motif_a74b93da382c579d,5,5,39,37.548,38.0,35.0,39.0,1.0,1.0,1.0
motif_bc3158d22549bb20,5,5,39,37.058,37.0,34.0,39.0,1.0,1.0,1.0
motif_bc9fa3f671bd8fbc,5,5,39,37.036,37.0,34.0,39.0,1.0,1.0,1.0
motif_0993068cca98bb75,5,6,39,36.95,37.0,34.0,39.0,1.0,1.0,1.0
motif_e390ceeffbb5a40b,3,3,38,35.858,36.0,33.0,38.0,1.0,1.0,1.0
motif_49217163f0dffbc8,4,3,38,36.58,37.0,34.0,38.0,1.0,1.0,1.0
motif_589b182e5642be3c,4,3,38,36.768,37.0,34.0,38.0,1.0,1.0,1.0
motif_8d85dc8910d4a0d4,4,3,38,35.988,36.0,33.0,38.0,1.0,1.0,1.0
motif_91f8b80b46fb6115,4,3,38,36.302,36.0,34.0,38.0,1.0,1.0,1.0
motif_a25aafa6bbcffed2,4,3,38,36.74,37.0,34.475,38.0,1.0,1.0,1.0
motif_15072348c6870401,3,2,37,35.382,36.0,32.0,37.0,1.0,1.0,1.0
motif_029c13843bbf61d1,4,3,37,35.206,35.0,32.0,37.0,1.0,1.0,1.0
motif_37475eace4a84e41,4,3,37,34.69,35.0,31.0,37.0,1.0,1.0,1.0
motif_39ec7fe0f96a2be6,4,3,37,35.564,36.0,33.0,37.0,1.0,1.0,1.0
motif_54c504eb0430ba25,4,3,37,35.408,36.0,33.0,37.0,1.0,1.0,1.0
motif_a314b9317c488409,4,3,37,35.408,36.0,33.0,37.0,1.0,1.0,1.0
motif_f4bfcdb57c53a8e9,4,3,37,35.88,36.0,34.0,37.0,1.0,1.0,1.0
motif_a60a2225f65ee9fa,4,4,37,35.268,35.0,33.0,37.0,1.0,1.0,1.0
motif_d15afefdf81c9369,4,4,37,34.746,35.0,32.0,37.0,1.0,1.0,1.0
motif_07019d963bc595b3,5,4,37,36.096,36.0,34.0,37.0,1.0,1.0,1.0
motif_4215b9a5488b5aa2,5,4,37,34.968,35.0,32.0,37.0,1.0,1.0,1.0
motif_9aa9557464dbe999,5,4,37,35.652,36.0,33.0,37.0,1.0,1.0,1.0
motif_c965da534d6c6b89,5,4,37,35.278,35.0,33.0,37.0,1.0,1.0,1.0
motif_e188e11aa9d19f55,5,4,37,35.236,35.0,32.0,37.0,1.0,1.0,1.0
motif_e5a69fb349d827dd,5,4,37,34.832,35.0,32.0,37.0,1.0,1.0,1.0
motif_ab039606710983b0,5,5,37,35.14,35.0,32.0,37.0,1.0,1.0,1.0
motif_5c6c6345350ffc64,4,3,36,34.5,35.0,32.0,36.0,1.0,1.0,1.0
motif_6a6b5b0ababd7fc9,4,3,36,34.302,35.0,31.0,36.0,1.0,1.0,1.0
motif_b462ae70ca309b24,4,3,36,33.95,34.0,31.0,36.0,1.0,1.0,0.998
motif_fbbeca09a9cbe02e,4,4,36,34.396,35.0,32.0,36.0,1.0,1.0,1.0
motif_0e63e1f3da53f70b,5,4,36,34.418,34.5,32.0,36.0,1.0,1.0,1.0
motif_5a1d60dbf66e3db1,5,4,36,33.778,34.0,30.0,36.0,1.0,1.0,0.998
motif_5bf76cb491ac43d3,5,4,36,34.724,35.0,32.475,36.0,1.0,1.0,1.0
motif_68738de32e9c0312,5,4,36,34.332,34.0,32.0,36.0,1.0,1.0,1.0
motif_82337625a556d562,5,4,36,34.732,35.0,32.0,36.0,1.0,1.0,1.0
motif_9737518e452322bd,5,4,36,34.754,35.0,32.0,36.0,1.0,1.0,1.0
motif_a11a2373437f53ac,5,4,36,34.302,35.0,31.0,36.0,1.0,1.0,1.0
motif_b958f616b5f82bc4,5,4,36,34.542,35.0,32.0,36.0,1.0,1.0,0.998
motif_ebed88d2a144263b,5,5,36,34.326,34.0,32.0,36.0,1.0,1.0,1.0
motif_b7999bf61588abbf,4,3,35,33.386,33.5,31.0,35.0,1.0,1.0,0.994
motif_e153f64de5d09b33,4,3,35,33.12,33.0,30.0,35.0,1.0,1.0,1.0
motif_66d789541717095f,4,4,35,33.274,33.0,30.475,35.0,1.0,1.0,0.994
motif_f5e851e8a26bb0d0,4,4,35,32.982,33.0,30.0,35.0,1.0,1.0,1.0
motif_0dede2e6fa5a899a,5,4,35,33.484,34.0,31.0,35.0,1.0,1.0,0.998
motif_138711240361b16d,5,4,35,33.31,33.0,31.0,35.0,1.0,1.0,0.998
motif_2640c36f9d12e013,5,4,35,32.982,33.0,30.0,35.0,1.0,1.0,1.0
motif_30a6e62e9c0d1251,5,4,35,33.386,33.0,31.0,35.0,1.0,1.0,1.0
motif_4f19d2064be25086,5,4,35,33.592,34.0,31.0,35.0,1.0,1.0,0.998
motif_9299e8337472a50e,5,4,35,32.692,33.0,30.0,35.0,1.0,1.0,0.992
motif_a6141d4b71e71270,5,4,35,33.622,34.0,31.0,35.0,1.0,1.0,1.0
motif_0f41a99567ec9bba,5,5,35,32.846,33.0,30.0,35.0,1.0,1.0,1.0
motif_2365c8970a548362,5,5,35,32.788,33.0,30.0,35.0,1.0,1.0,0.998
motif_564f9cbbae11e040,5,5,35,33.506,34.0,31.0,35.0,1.0,1.0,0.998
motif_632e37d2fe836c60,5,5,35,33.402,34.0,31.0,35.0,1.0,1.0,0.998
motif_a789c00a2ba82862,3,2,34,33.012,33.0,31.0,34.0,1.0,1.0,1.0
motif_26c1177b7e91b833,3,3,34,32.462,33.0,30.0,34.0,1.0,1.0,0.996
motif_561aab0d2e3fcfbf,4,3,34,32.958,33.0,31.0,34.0,1.0,1.0,0.998
motif_865a7e1db6e3d015,4,3,34,33.082,33.0,31.0,34.0,1.0,1.0,1.0
motif_e7b47efe0af02072,4,3,34,32.46,33.0,30.0,34.0,1.0,1.0,0.99
motif_204392044e79cf6a,4,4,34,31.744,32.0,29.0,34.0,1.0,1.0,0.98
motif_5d4f727711085252,4,4,34,32.87,33.0,31.0,34.0,1.0,1.0,0.998
motif_aa915ce5086e7958,4,4,34,32.27,32.0,30.0,34.0,1.0,1.0,0.996
motif_1ccba954f9a8e8c0,5,4,34,32.894,33.0,31.0,34.0,1.0,1.0,1.0
motif_2d48a4fd368d5657,5,4,34,32.294,32.0,29.0,34.0,1.0,1.0,0.99
motif_58108fef281175a5,5,4,34,32.762,33.0,30.0,34.0,1.0,1.0,1.0
motif_594088dea3ed99ad,5,4,34,32.596,33.0,30.0,34.0,1.0,1.0,0.996
motif_7d709f8abcdc82e5,5,4,34,32.16,32.0,29.0,34.0,1.0,1.0,0.99
motif_8182686a0f8422e0,5,4,34,32.034,32.0,29.0,34.0,1.0,1.0,0.986
motif_8d50e2fb8f9fbd00,5,4,34,32.88,33.0,31.0,34.0,1.0,1.0,0.998
motif_b920e1f8dcf87b42,5,4,34,32.32,32.0,30.0,34.0,1.0,1.0,0.996
motif_dc67d5aaeb0b97c0,5,4,34,32.924,33.0,31.0,34.0,1.0,1.0,1.0
motif_027ba7efe2fe2e56,5,5,34,31.922,32.0,29.0,34.0,1.0,1.0,0.986
motif_4278b35cbcfd2b6b,5,5,34,32.744,33.0,31.0,34.0,1.0,1.0,1.0
motif_44f14a83080f71ac,5,5,34,32.792,33.0,30.475,34.0,1.0,1.0,0.998
motif_857cf1d41f71c8f6,5,5,34,32.372,32.0,30.0,34.0,1.0,1.0,0.996
motif_99f25f43459111ca,5,5,34,32.472,33.0,30.0,34.0,1.0,1.0,0.998
motif_f548207977f75af1,5,5,34,32.226,32.0,29.0,34.0,1.0,1.0,0.996
motif_add33857e4b485af,5,6,34,32.392,33.0,30.0,34.0,1.0,1.0,0.998
motif_070e91bcc54960a5,4,3,33,31.438,32.0,29.0,33.0,1.0,1.0,0.982
motif_567b7af85cfa22f3,4,4,33,31.592,32.0,29.0,33.0,1.0,1.0,0.992
motif_9549cf95a022f9b4,4,4,33,31.084,31.0,28.0,33.0,1.0,1.0,0.964
motif_552be5f9f12c3639,4,5,33,30.962,31.0,28.0,33.0,1.0,1.0,0.958
motif_089bbb6e336a32e3,5,4,33,31.382,32.0,29.0,33.0,1.0,1.0,0.98
motif_367019b89a849370,5,4,33,31.458,32.0,29.0,33.0,1.0,1.0,0.978
motif_3a74636fdbc8b97b,5,4,33,31.462,32.0,29.0,33.0,1.0,1.0,0.976
motif_44b052f6015177f9,5,4,33,31.282,31.0,28.475,33.0,1.0,1.0,0.974
motif_8dcfc98226e1efc7,5,4,33,31.392,32.0,29.0,33.0,1.0,1.0,0.978
motif_91d7797e53fe79ef,5,4,33,31.314,31.0,29.0,33.0,1.0,1.0,0.98
motif_971e3dbb7f58e1ea,5,4,33,31.36,32.0,28.0,33.0,1.0,1.0,0.972
motif_def29965c110d7de,5,4,33,31.042,31.0,28.0,33.0,1.0,1.0,0.95
motif_23a242d75055148a,5,5,33,31.288,31.0,29.0,33.0,1.0,1.0,0.976
motif_3be567c2d0a1b7d5,5,5,33,30.956,31.0,28.0,33.0,1.0,1.0,0.954
motif_6542648bb13448a0,5,5,33,31.412,32.0,29.0,33.0,1.0,1.0,0.99
motif_a244b5d5e3725e95,5,5,33,30.746,31.0,28.0,33.0,1.0,1.0,0.932
motif_a97c649fcff5d5d1,5,5,33,31.374,31.0,28.475,33.0,1.0,1.0,0.974
motif_deb1cfa3eafe01ec,5,5,33,31.432,32.0,29.0,33.0,1.0,1.0,0.988
motif_599a47832de48e0b,5,6,33,30.836,31.0,28.0,33.0,1.0,1.0,0.944
motif_0ef225c16706d8fe,3,2,32,30.8,31.0,29.0,32.0,1.0,1.0,0.982
motif_8173fff60f0d3407,4,3,32,30.776,31.0,29.0,32.0,1.0,1.0,0.98
motif_9a804183b3321941,4,3,32,29.972,30.0,27.0,32.0,1.0,1.0,0.86
motif_e8cc14ed19806fcc,4,4,32,30.622,31.0,28.0,32.0,1.0,1.0,0.968
motif_8669434201178897,4,5,32,30.534,31.0,28.0,32.0,1.0,1.0,0.956
motif_55f635f51d345c44,5,4,32,30.23,30.0,27.475,32.0,1.0,1.0,0.906
motif_72859cdf5403f701,5,4,32,30.05,30.0,27.0,32.0,1.0,1.0,0.876
motif_80fca12529cb792b,5,4,32,29.804,30.0,27.0,32.0,1.0,1.0,0.824
motif_a60b470ee33da55c,5,4,32,30.012,30.0,27.0,32.0,1.0,1.0,0.862
motif_d409f63c308a2d6d,5,4,32,30.244,30.0,28.0,32.0,1.0,1.0,0.916
motif_fbe47b283d485aaf,5,4,32,30.43,31.0,28.0,32.0,1.0,1.0,0.932
motif_010b3c71bdbcf2a6,5,5,32,30.332,30.0,27.475,32.0,1.0,1.0,0.924
motif_0f0ac668f0dc386c,5,5,32,29.926,30.0,27.0,32.0,1.0,1.0,0.844
motif_9f061127188bad39,5,5,32,30.546,31.0,28.0,32.0,1.0,1.0,0.964
motif_a1fd530b04ced400,5,5,32,30.41,31.0,28.0,32.0,1.0,1.0,0.928
motif_b715f164644b06ac,5,6,32,30.458,31.0,28.0,32.0,1.0,1.0,0.95
motif_3194408fb9452179,3,2,31,29.992,30.0,28.0,31.0,1.0,1.0,0.936
motif_a357866e74d5aac1,3,2,31,29.984,30.0,28.0,31.0,1.0,1.0,0.914
motif_041663865fdf67e1,4,3,31,29.8,30.0,28.0,31.0,1.0,1.0,0.88
motif_082f79e52f52ff53,4,3,31,29.978,30.0,28.0,31.0,1.0,1.0,0.914
motif_c99164990c51b2e9,4,3,31,29.832,30.0,28.0,31.0,1.0,1.0,0.902
motif_d1d448d03e415c86,4,3,31,29.95,30.0,28.0,31.0,1.0,1.0,0.93
motif_038ad01f2250792b,5,4,31,29.816,30.0,28.0,31.0,1.0,1.0,0.9
motif_080cca411daac145,5,4,31,29.432,30.0,27.0,31.0,1.0,1.0,0.8
motif_47d78b52f7b40f0b,5,4,31,28.654,29.0,25.0,31.0,1.0,1.0,0.58
motif_9a81ed62d65435c3,5,4,31,29.794,30.0,28.0,31.0,1.0,1.0,0.88
motif_af254a1c82e36b5f,5,4,31,30.016,30.0,28.0,31.0,1.0,1.0,0.928
motif_fe7b90304caa5322,5,4,31,29.868,30.0,28.0,31.0,1.0,1.0,0.9
motif_03a86f20681e50ea,5,5,31,29.97,30.0,28.0,31.0,1.0,1.0,0.916
motif_4fb69e3be74bb949,5,5,31,29.252,29.0,27.0,31.0,1.0,1.0,0.748
motif_da6a723978c7cfb8,4,3,30,28.92,29.0,27.0,30.0,1.0,1.0,0.706
motif_144357e970631bdc,4,4,30,28.838,29.0,27.0,30.0,1.0,1.0,0.66
motif_309e1fd1b1c35d59,5,4,30,28.636,29.0,26.0,30.0,1.0,1.0,0.596
motif_4d94dac0da31b256,5,4,30,28.044,28.0,25.0,30.0,1.0,1.0,0.412
motif_64c46f0bc8a7853d,5,4,30,28.748,29.0,26.0,30.0,1.0,1.0,0.632
motif_747d5d7b30279f2d,5,4,30,28.904,29.0,27.0,30.0,1.0,1.0,0.7
motif_810b92e3ea05e188,5,4,30,28.012,28.0,25.0,30.0,1.0,1.0,0.406
motif_88f193386373d65c,5,4,30,28.102,28.0,25.0,30.0,1.0,1.0,0.416
motif_fff7782cb017e67a,5,4,30,28.654,29.0,26.0,30.0,1.0,1.0,0.598
motif_03815a9e83d32c65,5,5,30,28.822,29.0,27.0,30.0,1.0,1.0,0.652
motif_2239e63c934728ab,5,5,30,28.564,29.0,26.0,30.0,1.0,1.0,0.566
motif_5cc36c8196edf8e4,5,5,30,28.554,29.0,26.0,30.0,1.0,1.0,0.562
motif_8a3a45dc361aa47b,5,5,30,27.906,28.0,25.0,30.0,1.0,1.0,0.378
motif_8d236ec1aa320a9d,5,5,30,28.118,28.0,25.0,30.0,1.0,1.0,0.44
motif_0e5e85a7dddbb60d,5,6,30,28.038,28.0,25.0,30.0,1.0,1.0,0.416
motif_1ba4c51f0f8fad83,5,6,30,28.484,29.0,26.0,30.0,1.0,1.0,0.536
motif_ecd6dde695a866b9,3,2,29,27.864,28.0,26.0,29.0,1.0,1.0,0.31
motif_c1d59433f9939b77,3,3,29,27.85,28.0,26.0,29.0,1.0,1.0,0.302
motif_f972b2865c90f585,4,3,29,27.786,28.0,26.0,29.0,1.0,1.0,0.282
motif_53e8134231efd6a0,4,4,29,27.114,27.0,24.0,29.0,1.0,1.0,0.152
motif_2268a823202931ea,5,4,29,27.47,28.0,25.0,29.0,1.0,1.0,0.212
motif_3dca7fe7a9c94f2f,5,4,29,27.992,28.0,26.0,29.0,1.0,1.0,0.348
motif_462c4df0c1cacf78,5,4,29,27.916,28.0,26.0,29.0,1.0,1.0,0.318
motif_652e84642f661624,5,4,29,27.762,28.0,26.0,29.0,1.0,1.0,0.272
motif_7434dae0d646da6b,5,4,29,28.028,28.0,26.0,29.0,1.0,1.0,0.362
motif_90e3cc1dcf4e3b79,5,4,29,27.794,28.0,25.0,29.0,1.0,1.0,0.292
motif_ace47faad0c74b11,5,4,29,28.038,28.0,26.0,29.0,1.0,1.0,0.364
motif_e51d13cc35f9cbc0,5,4,29,27.472,28.0,25.0,29.0,1.0,1.0,0.216
motif_ee6ea2d9e15ae257,5,4,29,28.028,28.0,26.0,29.0,1.0,1.0,0.358
motif_515f2a2b2aaee61d,5,5,29,27.712,28.0,25.0,29.0,1.0,1.0,0.27
motif_73bf87366dc57d10,5,5,29,27.376,28.0,25.0,29.0,1.0,1.0,0.18
motif_9aea37b624069e78,5,5,29,27.91,28.0,26.0,29.0,1.0,1.0,0.32
motif_c1cb74bf02920d95,5,5,29,27.908,28.0,26.0,29.0,1.0,1.0,0.312
motif_cb910122203920e9,5,5,29,26.962,27.0,24.0,29.0,1.0,1.0,0.132
motif_d9d6a0af6bcd611b,5,5,29,27.698,28.0,25.0,29.0,1.0,1.0,0.252
motif_7c9654a7552f1afd,5,6,29,27.652,28.0,25.0,29.0,1.0,1.0,0.244
motif_43cc804437a47f43,4,3,28,26.424,27.0,24.0,28.0,1.0,1.0,0.0
motif_94fda426c64e7b30,4,3,28,26.872,27.0,25.0,28.0,1.0,1.0,0.0
motif_ac678f6d8b8171a2,4,3,28,26.624,27.0,24.0,28.0,1.0,1.0,0.0
motif_c6162316b5742d5a,4,3,28,26.864,27.0,25.0,28.0,1.0,1.0,0.0
motif_4625a9fb33fe9a18,5,4,28,26.708,27.0,24.0,28.0,1.0,1.0,0.0
motif_47ce3e87e8a12011,5,4,28,26.36,27.0,24.0,28.0,1.0,1.0,0.0
motif_65b770a6b0dde937,5,4,28,27.076,27.0,25.0,28.0,1.0,1.0,0.0
motif_7887aeea576de116,5,4,28,26.858,27.0,25.0,28.0,1.0,1.0,0.0
motif_85897afcde10ae9d,5,4,28,26.612,27.0,24.0,28.0,1.0,1.0,0.0
motif_8987799e9536733a,5,4,28,26.706,27.0,25.0,28.0,1.0,1.0,0.0
motif_92462db061392ae7,5,4,28,26.564,27.0,24.0,28.0,1.0,1.0,0.0
motif_9dd3ef603731eb1d,5,4,28,26.4,26.0,24.0,28.0,1.0,1.0,0.0
motif_9f5dccfd505d1842,5,4,28,26.216,26.0,23.0,28.0,1.0,1.0,0.0
motif_a352e465397bbb21,5,4,28,26.866,27.0,25.0,28.0,1.0,1.0,0.0
motif_d08d2b220c27d371,5,4,28,26.576,27.0,24.0,28.0,1.0,1.0,0.0
motif_37d31d57d3f9c5b8,5,5,28,25.838,26.0,22.0,28.0,1.0,1.0,0.0
motif_4aa6795ac5be2401,5,5,28,26.136,26.0,23.0,28.0,1.0,1.0,0.0
motif_4abc84179978fc41,5,5,28,26.45,27.0,24.0,28.0,1.0,1.0,0.0
motif_5cefd2032c431627,5,5,28,27.04,27.0,25.0,28.0,1.0,1.0,0.0
motif_653dde72c933e69a,5,5,28,27.068,27.0,25.0,28.0,1.0,1.0,0.0
motif_9583570644293b3f,5,5,28,26.146,26.0,23.0,28.0,1.0,1.0,0.0
motif_bd8eff38223588de,5,5,28,26.086,26.0,23.0,28.0,1.0,1.0,0.0
motif_cafa14125e4d3e91,5,5,28,26.488,27.0,24.0,28.0,1.0,1.0,0.0
motif_d6947d105949725e,5,5,28,26.134,26.0,23.0,28.0,1.0,1.0,0.0
motif_daab14175ce460f2,5,5,28,26.104,26.0,23.0,28.0,1.0,1.0,0.0
motif_018c4efb7ab2990c,5,6,28,26.038,26.0,23.0,28.0,1.0,1.0,0.0
motif_2e153101d0a11288,5,6,28,27.032,27.0,25.0,28.0,1.0,1.0,0.0
motif_a8e2557395de591b,5,6,28,26.068,26.0,23.0,28.0,1.0,1.0,0.0
motif_62be63cfd14a7b5f,3,2,27,26.046,26.0,24.0,27.0,1.0,1.0,0.0
motif_731b0357487deaf3,3,2,27,25.648,26.0,23.0,27.0,1.0,1.0,0.0
motif_38423b6b2977d305,4,3,27,26.116,26.0,24.0,27.0,1.0,1.0,0.0
motif_878918d1010ef59c,4,3,27,26.008,26.0,24.0,27.0,1.0,1.0,0.0
motif_b666e4a2a4e21f61,4,3,27,25.872,26.0,24.0,27.0,1.0,1.0,0.0
motif_9222964e0f293ccf,4,4,27,25.872,26.0,24.0,27.0,1.0,1.0,0.0
motif_1c19ace04bcdb92f,5,4,27,25.458,26.0,23.0,27.0,1.0,1.0,0.0
motif_2432ee146ee06e9b,5,4,27,26.11,26.0,24.0,27.0,1.0,1.0,0.0
motif_3d50d7469ea2a0a8,5,4,27,25.736,26.0,23.475,27.0,1.0,1.0,0.0
motif_5c79379a0133821d,5,4,27,25.976,26.0,24.0,27.0,1.0,1.0,0.0
motif_677a13f588cdb059,5,4,27,25.274,25.0,22.0,27.0,1.0,1.0,0.0
motif_fd8026f3f9aefe0f,5,4,27,26.02,26.0,24.0,27.0,1.0,1.0,0.0
motif_0f1eaadb5b328872,5,5,27,25.692,26.0,23.0,27.0,1.0,1.0,0.0
motif_7062164c652c7ad4,5,5,27,25.192,25.0,22.0,27.0,1.0,1.0,0.0
motif_8d7eadf530f2600e,5,5,27,25.7,26.0,23.0,27.0,1.0,1.0,0.0
motif_e7faaf909e70ba88,5,5,27,25.594,26.0,23.0,27.0,1.0,1.0,0.0
motif_fa7f3982b5280d95,5,5,27,25.38,26.0,23.0,27.0,1.0,1.0,0.0
motif_5e83cea79dae2573,5,6,27,25.616,26.0,23.0,27.0,1.0,1.0,0.0
motif_6ca5865328442749,5,6,27,25.586,26.0,23.0,27.0,1.0,1.0,0.0
motif_7e70cbb5d1272c31,4,3,26,24.882,25.0,23.0,26.0,1.0,1.0,0.0
motif_907bc8e649cc9e30,4,3,26,24.996,25.0,23.0,26.0,1.0,1.0,0.0
motif_b366b2840430a16c,4,4,26,24.868,25.0,23.0,26.0,1.0,1.0,0.0
motif_1b5f56b34ecdaa6c,5,4,26,24.45,25.0,22.0,26.0,1.0,1.0,0.0
motif_26507b4dbd33a9b0,5,4,26,24.976,25.0,23.0,26.0,1.0,1.0,0.0
motif_3584f99186f55098,5,4,26,24.664,25.0,22.0,26.0,1.0,1.0,0.0
motif_5dceed5e09274722,5,4,26,25.046,25.0,23.0,26.0,1.0,1.0,0.0
motif_9e18a3296a08a2d2,5,4,26,24.958,25.0,23.0,26.0,1.0,1.0,0.0
motif_d2fceddc64f9c4b8,5,4,26,25.026,25.0,23.0,26.0,1.0,1.0,0.0
motif_181b8ce161b66b8b,5,5,26,24.806,25.0,23.0,26.0,1.0,1.0,0.0
motif_87672ea659340518,5,5,26,24.358,24.0,21.0,26.0,1.0,1.0,0.0
motif_b38850de34c883b8,5,5,26,24.91,25.0,23.0,26.0,1.0,1.0,0.0
motif_1f7ac044c9f83b05,5,6,26,24.77,25.0,22.475,26.0,1.0,1.0,0.0
motif_2af20ff912ea7195,5,6,26,24.294,24.0,21.0,26.0,1.0,1.0,0.0
motif_5e815e962da809ee,5,6,26,24.288,24.0,21.0,26.0,1.0,1.0,0.0
motif_d818811728222c86,5,6,26,24.798,25.0,23.0,26.0,1.0,1.0,0.0
motif_c6837bde7d886408,5,7,26,24.762,25.0,22.0,26.0,1.0,1.0,0.0
motif_e8e7168a0537a3da,5,7,26,24.226,24.0,21.0,26.0,1.0,1.0,0.0
motif_90f0469331adc789,3,3,25,23.604,24.0,21.0,25.0,1.0,1.0,0.0
motif_260b9ee8cedf65ab,4,3,25,23.984,24.0,22.0,25.0,1.0,1.0,0.0
motif_632e6b3a31ce3011,4,3,25,23.954,24.0,22.0,25.0,1.0,1.0,0.0
motif_cf36d5d36d17f0d4,4,3,25,23.508,24.0,21.0,25.0,1.0,1.0,0.0
motif_e0be9084453e8269,4,4,25,23.792,24.0,22.0,25.0,1.0,1.0,0.0
motif_9f82584d66042611,5,4,25,23.928,24.0,22.0,25.0,1.0,1.0,0.0
motif_d1701f302cafb7b8,5,4,25,24.028,24.0,22.0,25.0,1.0,1.0,0.0
motif_fe7681306acbdcba,5,4,25,23.962,24.0,22.0,25.0,1.0,1.0,0.0
motif_82cb78c31a4d45f4,5,5,25,23.786,24.0,22.0,25.0,1.0,1.0,0.0
motif_c38a1f8d4d13cd58,5,5,25,23.654,24.0,21.0,25.0,1.0,1.0,0.0
motif_e9f2800f2f4139b5,5,5,25,23.33,23.0,21.0,25.0,1.0,1.0,0.0
motif_d73c4c050c515690,5,6,25,23.254,23.0,20.475,25.0,1.0,1.0,0.0
motif_aa88697c4878a8d2,4,3,24,22.776,23.0,20.0,24.0,1.0,1.0,0.0
motif_b7f95b768d0ed88f,4,3,24,22.736,23.0,20.0,24.0,1.0,1.0,0.0
motif_cefbf9695c101b62,4,3,24,22.87,23.0,21.0,24.0,1.0,1.0,0.0
motif_daeb4bd8e246a8ce,4,3,24,22.748,23.0,20.0,24.0,1.0,1.0,0.0
motif_df23103c2dddd8a7,4,3,24,22.784,23.0,21.0,24.0,1.0,1.0,0.0
motif_1ef5e2e1bdccc5eb,4,4,24,22.858,23.0,21.0,24.0,1.0,1.0,0.0
motif_24eb9a87cdb74628,4,4,24,22.51,23.0,20.0,24.0,1.0,0.996,0.0
motif_a0117e3a50871f45,4,4,24,22.47,23.0,20.0,24.0,1.0,0.996,0.0
motif_1705651ede59320a,5,4,24,22.746,23.0,21.0,24.0,1.0,1.0,0.0
motif_577624a63a62a8a9,5,4,24,22.43,23.0,20.0,24.0,1.0,1.0,0.0
motif_7f263166867f6719,5,4,24,23.166,23.0,21.0,24.0,1.0,1.0,0.0
motif_86d8105fe5309952,5,4,24,22.952,23.0,21.0,24.0,1.0,1.0,0.0
motif_d68985c461e287c9,5,4,24,22.93,23.0,21.0,24.0,1.0,1.0,0.0
motif_d740706ea3c34912,5,4,24,22.66,23.0,20.0,24.0,1.0,1.0,0.0
motif_e93a5794cad1d099,5,4,24,22.618,23.0,20.0,24.0,1.0,1.0,0.0
motif_efae6b60f595cdfb,5,4,24,22.842,23.0,21.0,24.0,1.0,1.0,0.0
motif_0bae3f446a0ef73b,5,5,24,23.12,23.0,21.0,24.0,1.0,1.0,0.0
motif_1d705ca0de2416ea,5,5,24,22.842,23.0,21.0,24.0,1.0,1.0,0.0
motif_ba7a0a0ed1ab1304,5,5,24,22.93,23.0,21.0,24.0,1.0,1.0,0.0
motif_c88f48387ef2b4fe,5,5,24,22.954,23.0,21.0,24.0,1.0,1.0,0.0
motif_496bfc724505030e,4,3,23,21.61,22.0,19.0,23.0,1.0,0.992,0.0
motif_13987350646e3e50,4,4,23,21.656,22.0,19.0,23.0,1.0,0.988,0.0
motif_36015bab6274bff0,4,4,23,21.714,22.0,19.0,23.0,1.0,0.994,0.0
motif_2ec7c5deb3b9bc46,4,5,23,21.476,22.0,19.0,23.0,1.0,0.978,0.0
motif_0340aaab0dccc1f1,5,4,23,21.752,22.0,19.0,23.0,1.0,0.994,0.0
motif_2611ff976d3ff14b,5,4,23,21.608,22.0,19.0,23.0,1.0,0.988,0.0
motif_287b8ec85d70fbac,5,4,23,21.338,21.0,19.0,23.0,1.0,0.984,0.0
motif_29d831cab5ba7ad5,5,4,23,21.768,22.0,20.0,23.0,1.0,0.996,0.0
motif_b37ecaf5b25bba35,5,4,23,21.908,22.0,20.0,23.0,1.0,0.998,0.0
motif_db3614fd20563588,5,4,23,21.862,22.0,20.0,23.0,1.0,0.998,0.0
motif_eb030d5e67232bce,5,4,23,21.884,22.0,20.0,23.0,1.0,0.998,0.0
motif_1681ae0e2b76586f,5,5,23,21.85,22.0,20.0,23.0,1.0,0.998,0.0
motif_22c34d8dbb9b8983,5,5,23,21.768,22.0,20.0,23.0,1.0,0.996,0.0
motif_3a17b4ce682ce2b1,5,5,23,22.06,22.0,20.0,23.0,1.0,1.0,0.0
motif_8d6839eb022660a3,5,6,23,22.014,22.0,20.0,23.0,1.0,1.0,0.0
motif_1fe91a45ad633b8a,4,4,22,20.832,21.0,19.0,22.0,1.0,0.976,0.0
motif_acb44744b5c13899,4,4,22,20.788,21.0,18.475,22.0,1.0,0.974,0.0
motif_dfcab8382e621753,4,4,22,20.75,21.0,18.0,22.0,1.0,0.96,0.0
motif_0dd4e2d3dd505b69,4,5,22,20.674,21.0,18.0,22.0,1.0,0.956,0.0
motif_96ca5d9e76d59355,5,4,22,20.528,21.0,18.0,22.0,1.0,0.954,0.0
motif_9ac79cbea8a03df2,5,4,22,20.988,21.0,19.0,22.0,1.0,0.986,0.0
motif_c8187ca9fadf7006,5,4,22,20.99,21.0,19.0,22.0,1.0,0.982,0.0
motif_cce66e271e34786b,5,4,22,20.828,21.0,19.0,22.0,1.0,0.978,0.0
motif_d678613ad78fd8b5,5,4,22,20.806,21.0,18.0,22.0,1.0,0.966,0.0
motif_e897bd616681fc9e,5,4,22,20.69,21.0,18.0,22.0,1.0,0.968,0.0
motif_ecfe11186116dda0,5,4,22,20.638,21.0,18.0,22.0,1.0,0.954,0.0
motif_117ce0c6871a8986,5,5,22,20.572,21.0,18.0,22.0,1.0,0.928,0.0
motif_4105c9e59ebee4e9,5,5,22,20.686,21.0,18.0,22.0,1.0,0.952,0.0
motif_43d3e6a7657c3f65,5,5,22,20.754,21.0,18.0,22.0,1.0,0.972,0.0
motif_64f1a25c5b185955,5,5,22,20.666,21.0,18.0,22.0,1.0,0.96,0.0
motif_755161c6993a890a,5,5,22,20.814,21.0,19.0,22.0,1.0,0.978,0.0
motif_aebb239dc237d823,5,5,22,20.766,21.0,18.475,22.0,1.0,0.974,0.0
motif_b943d51a3cad6ccb,5,5,22,20.678,21.0,18.0,22.0,1.0,0.954,0.0
motif_d7a3643ee9889ee9,5,5,22,20.988,21.0,19.0,22.0,1.0,0.986,0.0
motif_fd5604ec6f39b5d9,5,5,22,20.724,21.0,18.0,22.0,1.0,0.97,0.0
motif_dfad82cf69cd5d21,5,6,22,20.61,21.0,18.0,22.0,1.0,0.948,0.0
motif_f15c0176afdf4707,4,3,21,19.43,20.0,17.0,21.0,1.0,0.77,0.0
motif_b2134e3ae1086107,4,4,21,19.69,20.0,17.0,21.0,1.0,0.854,0.0
motif_bd370b73f6308ca4,4,4,21,19.866,20.0,18.0,21.0,1.0,0.888,0.0
motif_43a7c652c5ba4862,4,5,21,19.72,20.0,17.0,21.0,1.0,0.864,0.0
motif_561797d764dd3072,4,5,21,19.778,20.0,17.0,21.0,1.0,0.876,0.0
motif_64e9b535d46d64dd,4,6,21,19.644,20.0,17.0,21.0,1.0,0.852,0.0
motif_6b99f87c7a88300a,5,4,21,19.762,20.0,18.0,21.0,1.0,0.886,0.0
motif_756512b4fa9723fa,5,4,21,20.06,20.0,18.0,21.0,1.0,0.952,0.0
motif_8b4b2fe1bc4dac47,5,4,21,19.106,19.0,16.0,21.0,1.0,0.686,0.0
motif_91dd0c300eec0e6a,5,4,21,19.648,20.0,17.0,21.0,1.0,0.862,0.0
motif_9e3f191e99760e38,5,4,21,19.418,20.0,17.0,21.0,1.0,0.768,0.0
motif_de75556f4a6d0d32,5,4,21,19.804,20.0,18.0,21.0,1.0,0.874,0.0
motif_f2b1e51d13a5dd59,5,4,21,20.046,20.0,18.0,21.0,1.0,0.94,0.0
motif_f7cc5c20fba39429,5,4,21,19.788,20.0,18.0,21.0,1.0,0.89,0.0
motif_fd643b6352520f0a,5,4,21,20.176,20.0,18.0,21.0,1.0,0.96,0.0
motif_435f8c9612b8295a,5,5,21,19.506,20.0,17.0,21.0,1.0,0.824,0.0
motif_4cddcff2e83d0e6e,5,5,21,19.802,20.0,17.0,21.0,1.0,0.88,0.0
motif_50b72c034294f2b7,5,5,21,20.052,20.0,18.0,21.0,1.0,0.95,0.0
motif_be9378f64da8d7b5,5,5,21,19.628,20.0,17.0,21.0,1.0,0.836,0.0
motif_bf4ee698a85dda5c,5,5,21,19.776,20.0,18.0,21.0,1.0,0.89,0.0
motif_ff504e978e810527,5,5,21,19.788,20.0,17.0,21.0,1.0,0.89,0.0
motif_31b8f3aa403ee8c6,5,6,21,19.714,20.0,17.0,21.0,1.0,0.868,0.0
motif_986ec0f4f4126cc8,5,6,21,19.646,20.0,17.0,21.0,1.0,0.862,0.0
motif_be307ea30f83fb0c,5,6,21,19.656,20.0,17.0,21.0,1.0,0.856,0.0
motif_3a1d9a86aeb5f4f8,5,7,21,19.58,20.0,17.0,21.0,1.0,0.844,0.0
motif_05f070b10dcbe41e,4,3,20,18.816,19.0,17.0,20.0,1.0,0.666,0.0
motif_4cb433188dfc828f,4,3,20,18.764,19.0,17.0,20.0,1.0,0.61,0.0
motif_8eae1a827fa96a7e,4,4,20,18.702,19.0,17.0,20.0,1.0,0.588,0.0
motif_4070e95c02ddad03,5,4,20,18.792,19.0,16.475,20.0,1.0,0.656,0.0
motif_915459203636bcf0,5,4,20,18.764,19.0,17.0,20.0,1.0,0.61,0.0
motif_987d863e22801283,5,4,20,18.634,19.0,16.0,20.0,1.0,0.582,0.0
motif_23cc6162d1915ee1,5,5,20,18.702,19.0,17.0,20.0,1.0,0.588,0.0
motif_2f6cad489931cdf0,5,5,20,18.838,19.0,16.475,20.0,1.0,0.662,0.0
motif_817c90b1554ba0f0,5,5,20,18.672,19.0,16.0,20.0,1.0,0.618,0.0
motif_c0283d0dd0a2df5e,5,5,20,18.844,19.0,17.0,20.0,1.0,0.664,0.0
motif_ecb1c7bc59bf9182,5,5,20,18.798,19.0,16.0,20.0,1.0,0.648,0.0
motif_21aaa6da34876534,5,6,20,18.806,19.0,16.0,20.0,1.0,0.652,0.0
motif_a2c157ac518ee3be,5,6,20,18.61,19.0,16.0,20.0,1.0,0.592,0.0
motif_a51efb246032f35d,3,2,19,17.996,18.0,16.0,19.0,1.0,0.352,0.0
motif_27d0f2ddf19119ae,4,3,19,18.106,18.0,16.0,19.0,1.0,0.388,0.0
motif_386af288f6bc33e7,4,3,19,17.874,18.0,16.0,19.0,1.0,0.306,0.0
motif_51687645c020d39b,4,3,19,17.984,18.0,16.0,19.0,1.0,0.348,0.0
motif_552754589ce397ca,4,3,19,18.19,18.0,16.0,19.0,1.0,0.426,0.0
motif_eed2570155f0d8ca,4,3,19,18.008,18.0,16.0,19.0,1.0,0.372,0.0
motif_1bdf46431e951ea7,4,4,19,18.01,18.0,16.0,19.0,1.0,0.344,0.0
motif_93b19383de3aeaeb,4,4,19,17.948,18.0,16.0,19.0,1.0,0.34,0.0
motif_163d77e74764a311,5,4,19,17.732,18.0,15.475000000000001,19.0,1.0,0.28,0.0
motif_1ee766cd045d008b,5,4,19,17.906,18.0,15.0,19.0,1.0,0.326,0.0
motif_218d3fe939fce32f,5,4,19,18.002,18.0,16.0,19.0,1.0,0.368,0.0
motif_40fb75c9b40ab08f,5,4,19,18.096,18.0,16.0,19.0,1.0,0.382,0.0
motif_41a3669f830877a0,5,4,19,17.796,18.0,15.0,19.0,1.0,0.312,0.0
motif_76777e96d0813e38,5,4,19,17.862,18.0,16.0,19.0,1.0,0.302,0.0
motif_a0be1cf96934a506,5,4,19,17.838,18.0,16.0,19.0,1.0,0.294,0.0
motif_cb36a7f38fcceac4,5,4,19,18.178,18.0,16.0,19.0,1.0,0.42,0.0
motif_fba9e661c7a0ef63,5,4,19,17.536,18.0,15.0,19.0,1.0,0.226,0.0
motif_00e7451086a38d80,5,5,19,17.942,18.0,16.0,19.0,1.0,0.336,0.0
motif_1cfc59c930135712,5,5,19,17.952,18.0,16.0,19.0,1.0,0.324,0.0
motif_53c16c417891981b,5,5,19,18.0,18.0,16.0,19.0,1.0,0.338,0.0
motif_67f890c9aaf1afb3,5,5,19,17.94,18.0,16.0,19.0,1.0,0.324,0.0
motif_849b9f981358deed,5,5,19,17.848,18.0,15.0,19.0,1.0,0.298,0.0
motif_948576f4e777ae04,5,5,19,17.738,18.0,15.0,19.0,1.0,0.282,0.0
motif_af15f6193d606e4e,5,5,19,17.862,18.0,16.0,19.0,1.0,0.312,0.0
motif_f3d8d555b798c814,5,5,19,17.682,18.0,15.0,19.0,1.0,0.266,0.0
motif_21f073533e4c17fc,5,6,19,17.822,18.0,15.0,19.0,1.0,0.302,0.0
motif_a1e996ad2b5dec2f,5,6,19,17.952,18.0,16.0,19.0,1.0,0.324,0.0
motif_cfd1705d4a75fb9e,5,6,19,17.828,18.0,15.475000000000001,19.0,1.0,0.3,0.0
motif_efa8d0c48c92575e,5,7,19,17.79,18.0,15.0,19.0,1.0,0.292,0.0
motif_88cfe92387204dc8,4,4,18,17.054,17.0,15.0,18.0,1.0,0.0,0.0
motif_9491a0dd792f0196,4,5,18,17.046,17.0,15.0,18.0,1.0,0.0,0.0
motif_0eea7689c5f70452,5,4,18,17.02,17.0,15.0,18.0,1.0,0.0,0.0
motif_19b146aa052965d1,5,4,18,16.884,17.0,15.0,18.0,1.0,0.0,0.0
motif_1e99c7056c3cd49d,5,4,18,16.308,16.0,14.0,18.0,1.0,0.0,0.0
motif_267c02faf2d907f0,5,4,18,16.93,17.0,15.0,18.0,1.0,0.0,0.0
motif_78ab9ca892e33873,5,4,18,16.76,17.0,15.0,18.0,1.0,0.0,0.0
motif_8e4b50e6b9c5c33b,5,4,18,17.0,17.0,15.0,18.0,1.0,0.0,0.0
motif_99e8c843de8d882e,5,4,18,16.998,17.0,15.0,18.0,1.0,0.0,0.0
motif_a1ae62206b8ba733,5,4,18,17.078,17.0,15.0,18.0,1.0,0.0,0.0
motif_e3de499b71f201eb,5,4,18,16.51,17.0,14.0,18.0,1.0,0.0,0.0
motif_fb2720f36e825503,5,4,18,16.954,17.0,14.475000000000001,18.0,1.0,0.0,0.0
motif_fcb2309a55e1c264,5,4,18,16.914,17.0,15.0,18.0,1.0,0.0,0.0
motif_2df1fc468997b780,5,5,18,16.086,16.0,14.0,18.0,1.0,0.0,0.0
motif_3e45758c870619f1,5,5,18,17.024,17.0,15.0,18.0,1.0,0.0,0.0
motif_4ab9c1124d55c11e,5,5,18,16.83,17.0,15.0,18.0,1.0,0.0,0.0
motif_4d8abc0d6f5be753,5,5,18,17.07,17.0,15.0,18.0,1.0,0.0,0.0
motif_5356ddb63baeb1a0,5,5,18,16.894,17.0,14.0,18.0,1.0,0.0,0.0
motif_5b005ebf29769484,5,5,18,16.614,17.0,14.0,18.0,1.0,0.0,0.0
motif_8b2b32ac1e312975,5,5,18,16.76,17.0,15.0,18.0,1.0,0.0,0.0
motif_8d40f48fcb3125a8,5,5,18,16.884,17.0,15.0,18.0,1.0,0.0,0.0
motif_942eea161cd3e9b4,5,5,18,16.94,17.0,15.0,18.0,1.0,0.0,0.0
motif_9c0f066e204e2ae7,5,5,18,17.048,17.0,15.0,18.0,1.0,0.0,0.0
motif_b290b84d8c29a912,5,5,18,16.826,17.0,15.0,18.0,1.0,0.0,0.0
motif_b3ca1057bdd993aa,5,5,18,17.046,17.0,15.0,18.0,1.0,0.0,0.0
motif_ca4ca54bdbc7af3a,5,5,18,17.046,17.0,15.0,18.0,1.0,0.0,0.0
motif_e1f9610d351f3b68,5,5,18,16.51,17.0,14.0,18.0,1.0,0.0,0.0
motif_e7f8a2637fff03ac,5,5,18,16.898,17.0,14.0,18.0,1.0,0.0,0.0
motif_f8ae3e548d565a34,5,5,18,16.858,17.0,14.475000000000001,18.0,1.0,0.0,0.0
motif_2b09bdd59d8c5fd2,5,6,18,16.71,17.0,15.0,18.0,1.0,0.0,0.0
motif_6a76264f1b8e1022,5,6,18,17.038,17.0,15.0,18.0,1.0,0.0,0.0
motif_78b018ef1263d23e,5,6,18,17.04,17.0,15.0,18.0,1.0,0.0,0.0
motif_8e098a528736afc1,5,6,18,17.016,17.0,15.0,18.0,1.0,0.0,0.0
motif_aea54dd1d68d6aa1,5,6,18,16.886,17.0,14.0,18.0,1.0,0.0,0.0
motif_cec4c5befdad2280,5,6,18,16.84,17.0,14.0,18.0,1.0,0.0,0.0
motif_e33f6b854d961970,5,6,18,17.038,17.0,15.0,18.0,1.0,0.0,0.0
motif_fc46176829791ba1,5,6,18,17.016,17.0,15.0,18.0,1.0,0.0,0.0
motif_47dad5662122fb76,5,7,18,17.008,17.0,15.0,18.0,1.0,0.0,0.0
motif_8be70ed3d03cf36b,3,2,17,15.976,16.0,14.0,17.0,1.0,0.0,0.0
motif_14e98797f2dd5952,4,3,17,15.956,16.0,14.0,17.0,1.0,0.0,0.0
motif_f2e9ca5ad6516eb7,4,3,17,15.882,16.0,13.0,17.0,1.0,0.0,0.0
motif_0d549577edd9b883,4,4,17,15.956,16.0,14.0,17.0,1.0,0.0,0.0
motif_51fdda337b0e40f4,5,4,17,15.812,16.0,13.0,17.0,1.0,0.0,0.0
motif_52a0b2f4bbb23b94,5,4,17,15.834,16.0,14.0,17.0,1.0,0.0,0.0
motif_6d42bdbb4a71b8b3,5,4,17,15.75,16.0,13.0,17.0,1.0,0.0,0.0
motif_802a6c2d5883a39a,5,4,17,16.286,16.0,14.0,17.0,1.0,0.0,0.0
motif_8532d57fe6419cdc,5,4,17,15.87,16.0,13.0,17.0,1.0,0.0,0.0
motif_8ed81f4f7e46fc33,5,4,17,15.888,16.0,14.0,17.0,1.0,0.0,0.0
motif_96ecd619dc3c46a8,5,4,17,15.542,16.0,13.0,17.0,1.0,0.0,0.0
motif_9fd780027a6921f4,5,4,17,15.598,16.0,13.0,17.0,1.0,0.0,0.0
motif_c2fd866a78a4d483,5,4,17,15.766,16.0,13.0,17.0,1.0,0.0,0.0
motif_ceb401621b1b58f4,5,4,17,15.98,16.0,14.0,17.0,1.0,0.0,0.0
motif_d676c57c1d944424,5,4,17,16.24,16.0,14.0,17.0,1.0,0.0,0.0
motif_e9a1ec2826e19932,5,4,17,15.844,16.0,14.0,17.0,1.0,0.0,0.0
motif_0c99da1e241f58ee,5,5,17,16.172,16.0,14.0,17.0,1.0,0.0,0.0
motif_2864047416dce450,5,5,17,16.05,16.0,14.0,17.0,1.0,0.0,0.0
motif_7441d69f4a3677ba,5,5,17,15.49,16.0,13.0,17.0,1.0,0.0,0.0
motif_8233cd6d0c428f2e,5,5,17,16.074,16.0,14.0,17.0,1.0,0.0,0.0
motif_982005d603aa54fa,5,5,17,15.944,16.0,14.0,17.0,1.0,0.0,0.0
motif_a08abd313dd26450,5,5,17,15.834,16.0,14.0,17.0,1.0,0.0,0.0
motif_ae603c09fa29e0bd,5,5,17,15.888,16.0,14.0,17.0,1.0,0.0,0.0
motif_c8a09e1397dea443,5,5,17,15.8,16.0,14.0,17.0,1.0,0.0,0.0
motif_fed0cf2b822c7988,5,5,17,15.942,16.0,14.0,17.0,1.0,0.0,0.0
motif_19953f2a0ebbb76b,5,6,17,15.908,16.0,14.0,17.0,1.0,0.0,0.0
motif_19a8c435e078d3bf,5,6,17,16.042,16.0,14.0,17.0,1.0,0.0,0.0
motif_7559da31aa7a931b,5,6,17,16.042,16.0,14.0,17.0,1.0,0.0,0.0
motif_808c9822c2d6cf39,5,6,17,16.066,16.0,14.0,17.0,1.0,0.0,0.0
motif_9b5b464292c18af7,5,6,17,16.02,16.0,14.0,17.0,1.0,0.0,0.0
motif_b3476efa1e6cab24,5,6,17,16.042,16.0,14.0,17.0,1.0,0.0,0.0
motif_8ff5ace76cfeeabc,5,7,17,16.012,16.0,14.0,17.0,1.0,0.0,0.0
motif_b97df8977fb14b28,5,7,17,16.012,16.0,14.0,17.0,1.0,0.0,0.0
motif_c5044c45d3fbede6,5,7,17,16.034,16.0,14.0,17.0,1.0,0.0,0.0
motif_e837885bb041745f,5,7,17,16.034,16.0,14.0,17.0,1.0,0.0,0.0
motif_f5e0254eb233c8b3,5,8,17,16.004,16.0,14.0,17.0,1.0,0.0,0.0
motif_1b70672a0200c360,3,2,16,15.142,15.0,13.0,16.0,1.0,0.0,0.0
motif_3f700015cc320b9f,3,2,16,15.222,15.0,13.0,16.0,1.0,0.0,0.0
motif_a8d23c336bd382f7,3,2,16,15.16,15.0,13.0,16.0,1.0,0.0,0.0
motif_b34b1515d11dff2d,3,2,16,15.182,15.0,13.0,16.0,1.0,0.0,0.0
motif_4b05d4f2b5167865,4,3,16,14.896,15.0,13.0,16.0,1.0,0.0,0.0
motif_6ae867c41be1530a,4,3,16,14.984,15.0,13.0,16.0,1.0,0.0,0.0
motif_86d38c7c09294daf,4,3,16,14.918,15.0,13.0,16.0,1.0,0.0,0.0
motif_93fb0cdad507103e,4,3,16,15.008,15.0,13.0,16.0,1.0,0.0,0.0
motif_b0a4fb709e4b902d,4,3,16,15.144,15.0,13.0,16.0,1.0,0.0,0.0
motif_e914423a10596f14,4,3,16,14.898,15.0,12.475000000000001,16.0,1.0,0.0,0.0
motif_119901c82bb32e02,5,4,16,15.28,15.0,13.475000000000001,16.0,1.0,0.0,0.0
motif_2cc5efe0d3208595,5,4,16,15.254,15.0,13.0,16.0,1.0,0.0,0.0
motif_2f7f130e801e1694,5,4,16,15.208,15.0,13.0,16.0,1.0,0.0,0.0
motif_361d94e8355254fb,5,4,16,14.972,15.0,13.0,16.0,1.0,0.0,0.0
motif_61888c130d5d9ef6,5,4,16,14.88,15.0,13.0,16.0,0.998,0.0,0.0
motif_663ebbcf311ad7ef,5,4,16,14.8,15.0,12.475000000000001,16.0,1.0,0.0,0.0
motif_6dcdb3a82ba650fc,5,4,16,15.198,15.0,13.0,16.0,1.0,0.0,0.0
motif_a331fbe8eb8c5bf3,5,4,16,14.768,15.0,13.0,16.0,1.0,0.0,0.0
motif_a37d25618713175a,5,4,16,15.176,15.0,13.0,16.0,1.0,0.0,0.0
motif_cf9c9230b4395826,5,4,16,15.132,15.0,13.0,16.0,1.0,0.0,0.0
motif_d2d3941dc3dcdda6,5,4,16,14.882,15.0,13.0,16.0,1.0,0.0,0.0
motif_ed7fd1b0d342bae0,5,4,16,15.054,15.0,13.0,16.0,1.0,0.0,0.0
motif_74fdcb73cf700601,5,5,16,15.126,15.0,13.0,16.0,1.0,0.0,0.0
motif_79f2bdd8ef302047,5,5,16,15.198,15.0,13.0,16.0,1.0,0.0,0.0
motif_92891644fc009b21,5,5,16,15.058,15.0,13.0,16.0,1.0,0.0,0.0
motif_979bfd561a32d6ec,5,5,16,15.208,15.0,13.0,16.0,1.0,0.0,0.0
motif_a0be1267abde7bff,5,5,16,15.068,15.0,13.0,16.0,1.0,0.0,0.0
motif_b604acdcd89ca6ad,5,5,16,14.714,15.0,12.0,16.0,1.0,0.0,0.0
motif_c276fb95f931537d,5,5,16,15.114,15.0,13.0,16.0,1.0,0.0,0.0
motif_df6253b66cf8092b,5,5,16,15.166,15.0,13.0,16.0,1.0,0.0,0.0
motif_6a53ac480546d15f,5,6,16,14.974,15.0,13.0,16.0,1.0,0.0,0.0
motif_732d88786176d94a,5,6,16,15.126,15.0,13.0,16.0,1.0,0.0,0.0
motif_e72f4a6e150dd905,5,6,16,15.008,15.0,13.0,16.0,1.0,0.0,0.0
motif_f1854ccfa9a70eef,5,6,16,15.02,15.0,13.0,16.0,1.0,0.0,0.0
motif_dc489e744aae719a,5,7,16,14.938,15.0,13.0,16.0,1.0,0.0,0.0
motif_a43b28fd352c3ebd,3,2,15,14.416,15.0,13.0,15.0,1.0,0.0,0.0
motif_c89ddfa6cc6aab27,3,2,15,14.134,14.0,12.0,15.0,1.0,0.0,0.0
motif_d877fb80cd3afbbc,3,2,15,14.564,15.0,13.0,15.0,1.0,0.0,0.0
motif_719ac8b104bb9f5a,4,3,15,14.108,14.0,12.0,15.0,1.0,0.0,0.0
motif_85dc8a2a69a366ed,4,3,15,14.12,14.0,12.0,15.0,1.0,0.0,0.0
motif_1e62e7ab2de42a0c,5,4,15,13.94,14.0,12.0,15.0,1.0,0.0,0.0
motif_30eac748c9b6b6ad,5,4,15,14.068,14.0,12.0,15.0,1.0,0.0,0.0
motif_55659ce9ca8581e0,5,4,15,13.956,14.0,12.0,15.0,1.0,0.0,0.0
motif_7923ef18841b1d60,5,4,15,13.888,14.0,12.0,15.0,1.0,0.0,0.0
motif_99a961c31f3cb611,5,4,15,14.058,14.0,12.0,15.0,1.0,0.0,0.0
motif_bbce14c7c6af7723,5,4,15,14.106,14.0,12.0,15.0,1.0,0.0,0.0
motif_bd3e0e800b3d3ab6,5,4,15,13.876,14.0,11.475000000000001,15.0,1.0,0.0,0.0
motif_fd53f703a15f6171,5,4,15,13.986,14.0,12.0,15.0,0.998,0.0,0.0
motif_29492fa27ecc5e4c,5,5,15,13.876,14.0,11.475000000000001,15.0,1.0,0.0,0.0
motif_59930048cf08ed8a,3,2,14,13.358,14.0,12.0,14.0,1.0,0.0,0.0
motif_6c46ddfa2e3e805e,3,2,14,13.592,14.0,12.0,14.0,1.0,0.0,0.0
motif_85885a371198be0a,3,2,14,13.448,14.0,12.0,14.0,1.0,0.0,0.0
motif_cd9096506642a0a4,3,2,14,13.358,14.0,12.0,14.0,1.0,0.0,0.0
motif_f1a82655213bd83e,3,2,14,13.28,13.0,12.0,14.0,1.0,0.0,0.0
motif_57be78ca59a7740b,3,3,14,13.354,14.0,12.0,14.0,1.0,0.0,0.0
motif_ab6254b20120b056,3,3,14,13.27,13.0,11.475000000000001,14.0,1.0,0.0,0.0
motif_03ca9491450a65fe,4,3,14,13.236,13.0,11.0,14.0,1.0,0.0,0.0
motif_102c6e9d78ee3ec7,4,3,14,13.27,13.0,12.0,14.0,1.0,0.0,0.0
motif_1f6e0e453ce3f0b3,4,3,14,13.12,13.0,11.0,14.0,0.998,0.0,0.0
motif_20e58aec07c10b6e,4,3,14,13.348,13.5,11.475000000000001,14.0,1.0,0.0,0.0
motif_2c3a7d57f6c65cf3,4,3,14,13.118,13.0,11.0,14.0,0.998,0.0,0.0
motif_44f58845fafd1f04,4,3,14,13.552,14.0,12.0,14.0,1.0,0.0,0.0
motif_56117d7bc6505b15,4,3,14,13.118,13.0,11.0,14.0,0.998,0.0,0.0
motif_5a11e3588343dd34,4,3,14,13.182,13.0,11.0,14.0,0.998,0.0,0.0
motif_638b01422add1be9,4,3,14,13.292,13.0,11.0,14.0,1.0,0.0,0.0
motif_6d0715d010496bbd,4,3,14,13.412,14.0,12.0,14.0,1.0,0.0,0.0
motif_7bb0995b40596203,4,3,14,13.064,13.0,11.0,14.0,1.0,0.0,0.0
motif_941283ca50a50542,4,3,14,13.078,13.0,11.0,14.0,0.998,0.0,0.0
motif_9661aa1993d88851,4,3,14,13.314,13.0,12.0,14.0,1.0,0.0,0.0
motif_a84108f15ce496ab,4,3,14,13.042,13.0,11.0,14.0,1.0,0.0,0.0
motif_be16fa98f74de416,4,3,14,13.598,14.0,12.0,14.0,1.0,0.0,0.0
motif_daaa1c17175d12b5,4,3,14,13.324,14.0,12.0,14.0,1.0,0.0,0.0
motif_df714eee2f850410,4,3,14,13.348,13.0,12.0,14.0,1.0,0.0,0.0
motif_f861045217cafed5,4,3,14,13.314,13.0,12.0,14.0,1.0,0.0,0.0
motif_302ce535f63e4a71,4,4,14,12.97,13.0,11.0,14.0,0.998,0.0,0.0
motif_30fd9f48f03f7c74,4,4,14,13.226,13.0,11.0,14.0,1.0,0.0,0.0
motif_32ad1c23f2ae591a,4,4,14,13.26,13.0,11.475000000000001,14.0,1.0,0.0,0.0
motif_8b97c1bed618017d,4,4,14,13.304,13.0,12.0,14.0,1.0,0.0,0.0
motif_f4ce7d24158f3adb,4,4,14,13.226,13.0,11.0,14.0,1.0,0.0,0.0
motif_f8ba0793a21c1310,4,4,14,12.902,13.0,11.0,14.0,0.996,0.0,0.0
motif_6e730615c688e1f6,4,5,14,13.216,13.0,11.0,14.0,1.0,0.0,0.0
motif_0736999767f979b8,5,4,14,13.11,13.0,11.0,14.0,0.998,0.0,0.0
motif_0a54b8cc99574e71,5,4,14,13.074,13.0,11.0,14.0,0.998,0.0,0.0
motif_0db918ee954bf825,5,4,14,13.078,13.0,11.0,14.0,0.998,0.0,0.0
motif_409458ebc84003c3,5,4,14,12.996,13.0,11.0,14.0,0.998,0.0,0.0
motif_4bf17d16162319a7,5,4,14,12.928,13.0,11.0,14.0,0.998,0.0,0.0
motif_4f96fec7de252336,5,4,14,13.034,13.0,11.0,14.0,0.994,0.0,0.0
motif_796bc0904ca42936,5,4,14,12.95,13.0,11.0,14.0,1.0,0.0,0.0
motif_860e111160559f4a,5,4,14,13.116,13.0,11.0,14.0,0.998,0.0,0.0
motif_99183ecf8ee38281,5,4,14,13.148,13.0,11.0,14.0,0.998,0.0,0.0
motif_9e365847eeb5773b,5,4,14,12.958,13.0,11.0,14.0,0.998,0.0,0.0
motif_9ffcf9a61af78c23,5,4,14,13.312,13.0,11.0,14.0,1.0,0.0,0.0
motif_a5066e794d4e1251,5,4,14,13.014,13.0,11.0,14.0,0.996,0.0,0.0
motif_b19a02a5331c56cc,5,4,14,13.166,13.0,11.0,14.0,1.0,0.0,0.0
motif_d664828ab1d1af28,5,4,14,12.892,13.0,11.0,14.0,1.0,0.0,0.0
motif_e443575d63a2a94c,5,4,14,12.784,13.0,10.0,14.0,0.998,0.0,0.0
motif_e4e4f0c2ae14f178,5,4,14,12.928,13.0,11.0,14.0,0.998,0.0,0.0
motif_eff93837e7c7eb57,5,4,14,13.052,13.0,11.0,14.0,0.998,0.0,0.0
motif_f1f9f857e53462dc,5,4,14,13.032,13.0,11.0,14.0,0.998,0.0,0.0
motif_0844c6f2655498c6,5,5,14,13.148,13.0,11.0,14.0,0.998,0.0,0.0
motif_21ec8f8c9d580077,5,5,14,13.134,13.0,11.0,14.0,1.0,0.0,0.0
motif_28de9d82bd181d49,5,5,14,12.964,13.0,11.0,14.0,0.994,0.0,0.0
motif_31a48e12b639f442,5,5,14,12.99,13.0,11.0,14.0,0.998,0.0,0.0
motif_65ff610866fe59e4,5,5,14,13.158,13.0,11.0,14.0,1.0,0.0,0.0
motif_814b502b446fbc42,5,5,14,13.014,13.0,11.0,14.0,0.996,0.0,0.0
motif_9291f5dec38604a8,5,5,14,12.806,13.0,10.0,14.0,0.996,0.0,0.0
motif_a79f126286cb40ad,5,5,14,12.674,13.0,10.0,14.0,0.998,0.0,0.0
motif_bba5ef19a6743b98,5,5,14,12.832,13.0,11.0,14.0,0.998,0.0,0.0
motif_bee86fa03871dbfd,5,5,14,12.822,13.0,11.0,14.0,0.998,0.0,0.0
motif_d53e2a3c15630bbd,5,5,14,12.604,13.0,10.0,14.0,0.992,0.0,0.0
motif_e0f4385c101dd6e6,5,5,14,12.89,13.0,11.0,14.0,0.996,0.0,0.0
motif_f2661d2b5855f782,5,5,14,12.986,13.0,11.0,14.0,0.998,0.0,0.0
motif_f9442f72604ce930,5,5,14,13.068,13.0,11.0,14.0,0.998,0.0,0.0
motif_fb6b569578a347eb,5,5,14,13.022,13.0,11.0,14.0,0.998,0.0,0.0
motif_5677d361d746bb2f,5,6,14,13.126,13.0,11.0,14.0,1.0,0.0,0.0
motif_5e93359d0e369559,5,6,14,12.98,13.0,11.0,14.0,0.998,0.0,0.0
motif_a9597247d36af917,5,6,14,12.508,13.0,10.0,14.0,0.992,0.0,0.0
motif_55204e66349552de,3,2,13,12.372,13.0,11.0,13.0,0.996,0.0,0.0
motif_09cbb4fdf9ec0935,4,3,13,12.084,12.0,10.0,13.0,0.986,0.0,0.0
motif_5373d5c77d75d134,4,3,13,11.688,12.0,9.0,13.0,0.96,0.0,0.0
motif_5726b96f5e04302f,4,3,13,12.496,13.0,11.0,13.0,1.0,0.0,0.0
motif_61dbbbd9a68fd124,4,3,13,12.308,12.0,11.0,13.0,0.996,0.0,0.0
motif_974f3af55abda56b,4,3,13,12.59,13.0,11.0,13.0,1.0,0.0,0.0
motif_a30e4d93bac8c72d,4,3,13,12.464,13.0,11.0,13.0,1.0,0.0,0.0
motif_a6686b16eb16c8f5,4,3,13,12.362,13.0,11.0,13.0,0.996,0.0,0.0
motif_b8b9a74d34ecbd56,4,3,13,12.134,12.0,10.0,13.0,0.992,0.0,0.0
motif_c91ab3029e8c5019,4,3,13,12.264,12.0,10.475000000000001,13.0,1.0,0.0,0.0
motif_e80f1384a255b464,4,3,13,12.364,13.0,11.0,13.0,0.996,0.0,0.0
motif_eb965207c9151610,4,3,13,12.362,13.0,11.0,13.0,0.996,0.0,0.0
motif_35b25ff849cedddd,4,4,13,11.596,12.0,9.0,13.0,0.958,0.0,0.0
motif_40f115386ad69003,4,4,13,12.492,13.0,11.0,13.0,1.0,0.0,0.0
motif_64488d3121115cd6,4,4,13,12.354,13.0,11.0,13.0,0.996,0.0,0.0
motif_9adc1169610fc2b6,4,4,13,12.354,13.0,11.0,13.0,0.996,0.0,0.0
motif_a9c4bcb9b3dd8ec6,4,4,13,12.222,12.0,10.0,13.0,0.996,0.0,0.0
motif_011a38a32de3b7dd,5,4,13,12.188,12.0,10.0,13.0,0.996,0.0,0.0
motif_1abbe9e8641d1ec1,5,4,13,12.006,12.0,10.0,13.0,0.984,0.0,0.0
motif_2438fa77cf88e1ce,5,4,13,12.22,12.0,10.0,13.0,0.996,0.0,0.0
motif_28829b66a849d9fa,5,4,13,12.13,12.0,10.0,13.0,0.994,0.0,0.0
motif_2ea327f21ddaaa54,5,4,13,12.352,13.0,11.0,13.0,0.996,0.0,0.0
motif_3506c47e56bf068a,5,4,13,12.132,12.0,10.0,13.0,0.996,0.0,0.0
motif_4ae20a2381227a75,5,4,13,12.364,13.0,11.0,13.0,0.998,0.0,0.0
motif_54242edadc447171,5,4,13,12.322,12.0,11.0,13.0,0.996,0.0,0.0
motif_56e99004e75a0653,5,4,13,12.528,13.0,11.0,13.0,1.0,0.0,0.0
motif_5ad27ac7e27a06eb,5,4,13,12.32,12.0,11.0,13.0,0.996,0.0,0.0
motif_5f4182e9115c8239,5,4,13,12.266,12.0,10.0,13.0,0.996,0.0,0.0
motif_5ffcfcca1c5c912f,5,4,13,12.298,12.0,10.0,13.0,0.996,0.0,0.0
motif_67064ea6781f33f6,5,4,13,12.32,12.0,11.0,13.0,0.996,0.0,0.0
motif_6b9f4654fad9bc4b,5,4,13,11.676,12.0,9.0,13.0,0.96,0.0,0.0
motif_6bb58696134f3153,5,4,13,12.538,13.0,11.0,13.0,1.0,0.0,0.0
motif_6cd82b6d43c8255f,5,4,13,12.428,13.0,11.0,13.0,1.0,0.0,0.0
motif_6f98dc882221bf18,5,4,13,11.492,12.0,9.0,13.0,0.934,0.0,0.0
motif_70d5ba2e015f9d9a,5,4,13,12.298,12.0,10.475000000000001,13.0,0.996,0.0,0.0
motif_78cf643a53963302,5,4,13,12.188,12.0,10.0,13.0,0.994,0.0,0.0
motif_81ef6862ac931678,5,4,13,12.166,12.0,10.0,13.0,0.99,0.0,0.0
motif_8341e60317787269,5,4,13,12.026,12.0,10.0,13.0,0.986,0.0,0.0
motif_8fe255b7c26b3dcd,5,4,13,12.364,13.0,11.0,13.0,0.994,0.0,0.0
motif_9097e761cd3f6ab1,5,4,13,12.52,13.0,11.0,13.0,1.0,0.0,0.0
motif_94968d108ca92c97,5,4,13,12.07,12.0,10.0,13.0,0.992,0.0,0.0
motif_c933e865cb7dd1a6,5,4,13,12.182,12.0,10.0,13.0,0.992,0.0,0.0
motif_d900cb8df07bc59b,5,4,13,12.586,13.0,11.0,13.0,1.0,0.0,0.0
motif_d938e0d5596e37be,5,4,13,12.354,12.5,11.0,13.0,0.996,0.0,0.0
motif_e08df7b45c1551f1,5,4,13,11.944,12.0,10.0,13.0,0.986,0.0,0.0
motif_e802c45973b2f5f8,5,4,13,12.07,12.0,10.0,13.0,0.99,0.0,0.0
motif_f2b672fed13e5bf2,5,4,13,12.444,13.0,11.0,13.0,1.0,0.0,0.0
motif_fb2dbc03f16a2ede,5,4,13,12.426,13.0,11.0,13.0,1.0,0.0,0.0
motif_fd95d1d34b39c965,5,4,13,12.266,12.0,10.0,13.0,0.996,0.0,0.0
motif_111e68c3b12d536d,5,5,13,11.584,12.0,9.0,13.0,0.958,0.0,0.0
motif_399d0fcc049fe0cf,5,5,13,12.256,12.0,10.0,13.0,0.996,0.0,0.0
motif_5a73d6adb6f33a2c,5,5,13,12.31,12.0,11.0,13.0,0.996,0.0,0.0
motif_671a452650e51d91,5,5,13,12.44,13.0,11.0,13.0,1.0,0.0,0.0
motif_877c11f9632c41e7,5,5,13,12.422,13.0,11.0,13.0,1.0,0.0,0.0
motif_94540e1941e9921b,5,5,13,11.942,12.0,10.0,13.0,0.98,0.0,0.0
motif_96ff5708a621681b,5,5,13,12.06,12.0,10.0,13.0,0.988,0.0,0.0
motif_985b69febfb21c6b,5,5,13,12.312,12.0,11.0,13.0,0.996,0.0,0.0
motif_c4717a59730628ea,5,5,13,12.21,12.0,10.0,13.0,0.996,0.0,0.0
motif_c4f7f91aeda9000c,5,5,13,12.178,12.0,10.0,13.0,0.996,0.0,0.0
motif_d33defb4252b2274,5,5,13,12.044,12.0,10.0,13.0,0.986,0.0,0.0
motif_d7259ed8f7ca4c68,5,5,13,11.416,12.0,9.0,13.0,0.932,0.0,0.0
motif_f43670ad6edbad99,5,5,13,12.344,12.0,11.0,13.0,0.996,0.0,0.0
motif_f7a10d05ede59dd4,5,5,13,12.312,12.0,11.0,13.0,0.996,0.0,0.0
motif_fb737fa52b36dbc3,5,5,13,12.178,12.0,10.0,13.0,0.996,0.0,0.0
motif_73567f6e574b83af,5,6,13,11.872,12.0,10.0,13.0,0.98,0.0,0.0
motif_94ad76abc9083824,5,6,13,12.168,12.0,10.0,13.0,0.996,0.0,0.0
motif_dcb214ea95ad5257,5,6,13,12.302,12.0,11.0,13.0,0.996,0.0,0.0
motif_4f4a2ec11badf8fa,3,2,12,11.342,12.0,10.0,12.0,0.976,0.0,0.0
motif_f93a60ce0c6db0e5,3,2,12,11.334,11.0,10.0,12.0,0.98,0.0,0.0
motif_3486d9dc955392fb,4,3,12,11.17,11.0,9.0,12.0,0.964,0.0,0.0
motif_67eb1a300d203ccd,4,3,12,11.496,12.0,10.0,12.0,0.99,0.0,0.0
motif_700ceff50fa0e0f9,4,3,12,11.024,11.0,9.0,12.0,0.946,0.0,0.0
motif_7aae84218b572ff3,4,3,12,11.212,11.0,10.0,12.0,0.976,0.0,0.0
motif_83b41e1e6cbf411c,4,3,12,11.29,11.0,10.0,12.0,0.978,0.0,0.0
motif_993bc0c778627e70,4,3,12,11.258,11.0,9.0,12.0,0.972,0.0,0.0
motif_a287e6f85d6bd649,4,3,12,11.322,11.0,10.0,12.0,0.976,0.0,0.0
motif_ba4eff2711177a58,4,3,12,11.06,11.0,9.0,12.0,0.93,0.0,0.0
motif_cdc12b332bc8e6d2,4,3,12,11.466,12.0,10.0,12.0,0.994,0.0,0.0
motif_d60e8245c37bbbc2,4,3,12,11.362,12.0,10.0,12.0,0.984,0.0,0.0
motif_f6d6c91aa2b5d534,4,3,12,11.206,11.0,9.0,12.0,0.962,0.0,0.0
motif_f7f792ca3e0c89df,4,3,12,11.176,11.0,9.0,12.0,0.97,0.0,0.0
motif_5949382023fb3815,4,4,12,11.22,11.0,9.0,12.0,0.97,0.0,0.0
motif_6c209fd68b7f3d1b,4,4,12,11.28,11.0,10.0,12.0,0.982,0.0,0.0
motif_b3d1490119eed083,4,4,12,11.312,11.0,10.0,12.0,0.976,0.0,0.0
motif_d01370274886edbe,4,4,12,11.35,12.0,10.0,12.0,0.984,0.0,0.0
motif_d314ff3c65aefeb4,4,4,12,11.18,11.0,9.0,12.0,0.964,0.0,0.0
motif_075a62250a611f95,5,4,12,10.946,11.0,9.0,12.0,0.932,0.0,0.0
motif_07ea21b8d2ae766c,5,4,12,11.086,11.0,9.0,12.0,0.956,0.0,0.0
motif_07edead3c08dfaa1,5,4,12,11.048,11.0,9.0,12.0,0.94,0.0,0.0
motif_0a0816f8dfe570fc,5,4,12,11.166,11.0,9.0,12.0,0.964,0.0,0.0
motif_1265d32ef65996bc,5,4,12,11.464,12.0,10.0,12.0,0.99,0.0,0.0
motif_16669a869ee67143,5,4,12,11.086,11.0,9.0,12.0,0.958,0.0,0.0
motif_185605e36a84f308,5,4,12,11.674,12.0,10.0,12.0,0.994,0.0,0.0
motif_24567fd6741ebd9f,5,4,12,11.312,11.0,9.475000000000001,12.0,0.974,0.0,0.0
motif_346fc16ff129ec68,5,4,12,11.126,11.0,9.0,12.0,0.958,0.0,0.0
motif_36405468b2fb3ecd,5,4,12,11.228,11.0,9.0,12.0,0.966,0.0,0.0
motif_3b9272125fc3266c,5,4,12,11.314,11.0,9.475000000000001,12.0,0.974,0.0,0.0
motif_449409cef3e46d92,5,4,12,10.712,11.0,8.0,12.0,0.872,0.0,0.0
motif_4bedbd6ce315a0c5,5,4,12,11.172,11.0,9.0,12.0,0.97,0.0,0.0
motif_5175263f411cae4d,5,4,12,11.048,11.0,9.0,12.0,0.958,0.0,0.0
motif_53c2683415d02e5d,5,4,12,11.618,12.0,10.0,12.0,0.996,0.0,0.0
motif_7308934d28594d69,5,4,12,11.41,12.0,10.0,12.0,0.99,0.0,0.0
motif_7a78bd7f676cdabe,5,4,12,11.018,11.0,9.0,12.0,0.924,0.0,0.0
motif_89ef67de7813ade4,5,4,12,11.31,11.0,10.0,12.0,0.982,0.0,0.0
motif_8edabf9e56c8ca96,5,4,12,11.282,11.0,9.475000000000001,12.0,0.974,0.0,0.0
motif_95e573bcad752592,5,4,12,11.168,11.0,9.0,12.0,0.96,0.0,0.0
motif_a9687a8848fb0f2e,5,4,12,11.412,12.0,10.0,12.0,0.986,0.0,0.0
motif_b53e30fbc74e37c1,5,4,12,11.142,11.0,9.0,12.0,0.968,0.0,0.0
motif_d330b84d6906863b,5,4,12,11.168,11.0,9.0,12.0,0.968,0.0,0.0
motif_db4c71d411ebe224,5,4,12,11.332,12.0,10.0,12.0,0.976,0.0,0.0
motif_dc2cb89797a97a1c,5,4,12,11.526,12.0,10.0,12.0,0.992,0.0,0.0
motif_e7323604ddaa339b,5,4,12,11.0,11.0,9.0,12.0,0.92,0.0,0.0
motif_f2e7e98c27bd0e78,5,4,12,11.172,11.0,9.475000000000001,12.0,0.974,0.0,0.0
motif_01162d9e7d5b62cc,5,5,12,11.298,11.0,10.0,12.0,0.982,0.0,0.0
motif_05445f0f3eb6558e,5,5,12,10.962,11.0,9.0,12.0,0.91,0.0,0.0
motif_10aad42987f5da45,5,5,12,11.308,11.0,10.0,12.0,0.98,0.0,0.0
motif_146ddcf21ba7a801,5,5,12,11.224,11.0,9.0,12.0,0.972,0.0,0.0
motif_14d4d9eb49f2161d,5,5,12,11.274,11.0,9.0,12.0,0.972,0.0,0.0
motif_449d3644c6ea8d4c,5,5,12,10.62,11.0,8.0,12.0,0.85,0.0,0.0
motif_478d0b437679e4ca,5,5,12,11.158,11.0,9.0,12.0,0.962,0.0,0.0
motif_7439cbf2d860187d,5,5,12,11.304,11.0,9.0,12.0,0.972,0.0,0.0
motif_74d706ac8443e6f1,5,5,12,10.528,11.0,8.0,12.0,0.832,0.0,0.0
motif_8ab1aa5b4c450ae7,5,5,12,11.094,11.0,9.0,12.0,0.954,0.0,0.0
motif_9673b0cc1bfdf98f,5,5,12,11.08,11.0,9.0,12.0,0.956,0.0,0.0
motif_98e069eddd5e23cc,5,5,12,11.304,11.0,9.475000000000001,12.0,0.974,0.0,0.0
motif_9ea66bab216b3d0d,5,5,12,11.302,11.0,9.475000000000001,12.0,0.974,0.0,0.0
motif_b7b0fe66e3f224e7,5,5,12,11.216,11.0,9.0,12.0,0.964,0.0,0.0
motif_d9c145ebf5872fb1,5,5,12,11.272,11.0,9.475000000000001,12.0,0.974,0.0,0.0
motif_e12342bc4456bfde,5,5,12,11.432,12.0,10.0,12.0,0.984,0.0,0.0
motif_e1e71a8d16d9a721,5,5,12,11.272,11.0,9.0,12.0,0.972,0.0,0.0
motif_ee30235ccc60a79e,5,5,12,10.958,11.0,9.0,12.0,0.914,0.0,0.0
motif_f1e9c47cc481f02b,5,5,12,11.522,12.0,10.0,12.0,0.992,0.0,0.0
motif_fb2d519fff8d4721,5,5,12,11.126,11.0,9.0,12.0,0.956,0.0,0.0
motif_0d31b4b8652ee24c,5,6,12,10.452,11.0,8.0,12.0,0.808,0.0,0.0
motif_419ef6f60f638a05,5,6,12,11.294,11.0,9.0,12.0,0.972,0.0,0.0
motif_588c079ffa6afa37,5,6,12,11.262,11.0,9.0,12.0,0.972,0.0,0.0
motif_5e93be19197be591,5,6,12,11.264,11.0,9.0,12.0,0.97,0.0,0.0
motif_6d0d0e92cb2b1d79,5,6,12,10.962,11.0,9.0,12.0,0.91,0.0,0.0
motif_8946f37ee00f3412,5,6,12,11.264,11.0,9.0,12.0,0.972,0.0,0.0
motif_5c241169cdbab3ed,5,7,12,11.254,11.0,9.0,12.0,0.97,0.0,0.0
motif_e904d61f68b798c3,3,2,11,10.42,11.0,9.0,11.0,0.9,0.0,0.0
motif_1cb44da1d64a0ec8,4,3,11,10.326,10.5,9.0,11.0,0.852,0.0,0.0
motif_383219635c986f5d,4,3,11,10.444,11.0,9.0,11.0,0.908,0.0,0.0
motif_48c30222d1474b19,4,3,11,10.336,10.0,9.0,11.0,0.872,0.0,0.0
motif_57557d986a68649a,4,3,11,10.684,11.0,9.0,11.0,0.954,0.0,0.0
motif_713517eddbbfdda7,4,3,11,10.474,11.0,9.0,11.0,0.916,0.0,0.0
motif_974102830e33eed6,4,3,11,10.416,11.0,9.0,11.0,0.9,0.0,0.0
motif_9bfe8d5673b65ee4,4,3,11,10.41,11.0,9.0,11.0,0.898,0.0,0.0
motif_c86f394a4bbff182,4,3,11,10.42,11.0,9.0,11.0,0.874,0.0,0.0
motif_d1708ef46a53a02b,4,3,11,10.416,11.0,9.0,11.0,0.892,0.0,0.0
motif_e37026d7320d596e,4,3,11,10.51,11.0,9.0,11.0,0.922,0.0,0.0
motif_f255d0e523f35e42,4,3,11,10.274,10.0,8.0,11.0,0.842,0.0,0.0
motif_01ba827205e5178f,4,4,11,10.446,11.0,9.0,11.0,0.906,0.0,0.0
motif_04b081bcdc62dd7b,4,4,11,10.326,10.0,9.0,11.0,0.87,0.0,0.0
motif_391d4ef242087c7d,4,4,11,10.376,11.0,9.0,11.0,0.888,0.0,0.0
motif_7386c7374da5bdb1,4,4,11,10.412,11.0,9.0,11.0,0.898,0.0,0.0
motif_0396ab78436dd2df,4,5,11,10.322,10.0,9.0,11.0,0.848,0.0,0.0
motif_dc55fac2bad792a0,4,5,11,10.348,10.0,9.0,11.0,0.878,0.0,0.0
motif_086a285fec8c7090,5,4,11,10.454,11.0,9.0,11.0,0.914,0.0,0.0
motif_0ccd7b9a7e46fc3f,5,4,11,10.404,11.0,9.0,11.0,0.884,0.0,0.0
motif_13715a4789e5cf7e,5,4,11,10.048,10.0,8.0,11.0,0.738,0.0,0.0
motif_1cc96bc8c3693daa,5,4,11,10.67,11.0,9.0,11.0,0.954,0.0,0.0
motif_1cf60642104da99a,5,4,11,10.194,10.0,8.0,11.0,0.812,0.0,0.0
motif_238130c460c1cf98,5,4,11,10.37,11.0,9.0,11.0,0.874,0.0,0.0
motif_26e6fa3660fc6f83,5,4,11,10.382,11.0,9.0,11.0,0.886,0.0,0.0
motif_2ac08db1abf3558b,5,4,11,10.272,10.0,8.0,11.0,0.824,0.0,0.0
motif_3a3efc2970aab002,5,4,11,10.348,11.0,9.0,11.0,0.848,0.0,0.0
motif_3b72f021fcb54ab6,5,4,11,10.328,10.0,9.0,11.0,0.868,0.0,0.0
motif_3be56544eea8bb23,5,4,11,10.416,11.0,9.0,11.0,0.902,0.0,0.0
motif_3eac306332293401,5,4,11,10.522,11.0,9.0,11.0,0.916,0.0,0.0
motif_44365a63c08941bf,5,4,11,10.686,11.0,9.0,11.0,0.964,0.0,0.0
motif_465b02bcea219ec8,5,4,11,10.704,11.0,9.0,11.0,0.966,0.0,0.0
motif_4948b149496acf53,5,4,11,10.216,10.0,8.0,11.0,0.818,0.0,0.0
motif_4b6da921a66d5da8,5,4,11,10.382,11.0,9.0,11.0,0.874,0.0,0.0
motif_528fe4e14394b194,5,4,11,10.302,10.0,9.0,11.0,0.85,0.0,0.0
motif_52f25d4969f48446,5,4,11,10.182,10.0,8.0,11.0,0.802,0.0,0.0
motif_65e4d6f33c59976b,5,4,11,10.708,11.0,9.0,11.0,0.97,0.0,0.0
motif_675a6962f846b2b9,5,4,11,10.484,11.0,9.0,11.0,0.916,0.0,0.0
motif_781faaa9d26840a4,5,4,11,10.12,10.0,8.0,11.0,0.778,0.0,0.0
motif_792fb14c94c60a57,5,4,11,10.416,11.0,9.0,11.0,0.892,0.0,0.0
motif_7e22a990019e8169,5,4,11,10.592,11.0,9.0,11.0,0.93,0.0,0.0
motif_828a4dac4ecb11ae,5,4,11,10.414,11.0,9.0,11.0,0.894,0.0,0.0
motif_8789603bc887eea4,5,4,11,9.722,10.0,7.0,11.0,0.596,0.0,0.0
motif_88ef18e67577cc31,5,4,11,10.288,10.0,8.475000000000001,11.0,0.844,0.0,0.0
motif_8ad6da11b01aa1cb,5,4,11,10.278,10.0,8.0,11.0,0.836,0.0,0.0
motif_9204202833a6e8a9,5,4,11,10.478,11.0,9.0,11.0,0.908,0.0,0.0
motif_9286df1009ead148,5,4,11,10.388,11.0,9.0,11.0,0.888,0.0,0.0
motif_9c95ca232e0ed508,5,4,11,9.89,10.0,8.0,11.0,0.684,0.0,0.0
motif_aed83699155ea9a3,5,4,11,10.388,11.0,9.0,11.0,0.882,0.0,0.0
motif_c2aeaaaa4e535b14,5,4,11,10.17,10.0,8.475000000000001,11.0,0.814,0.0,0.0
motif_cf5b20d210461d0a,5,4,11,10.308,10.0,8.475000000000001,11.0,0.86,0.0,0.0
motif_cf7d404f41fb2fcf,5,4,11,9.902,10.0,8.0,11.0,0.68,0.0,0.0
motif_d51d57345847cb5c,5,4,11,10.338,10.0,8.0,11.0,0.872,0.0,0.0
motif_dcfe92958680857c,5,4,11,10.12,10.0,8.0,11.0,0.768,0.0,0.0
motif_df02def0a1a2c2f5,5,4,11,10.228,10.0,8.0,11.0,0.826,0.0,0.0
motif_df228b3d1f8167e9,5,4,11,10.332,10.0,9.0,11.0,0.87,0.0,0.0
motif_e4a3a2522f1ab03b,5,4,11,10.406,11.0,9.0,11.0,0.898,0.0,0.0
motif_e8f2d878acc1e510,5,4,11,10.388,11.0,9.0,11.0,0.882,0.0,0.0
motif_ed40349308a78736,5,4,11,10.242,10.0,8.0,11.0,0.836,0.0,0.0
motif_f710a584d4d94bf0,5,4,11,10.088,10.0,8.0,11.0,0.766,0.0,0.0
motif_f903807597d477fc,5,4,11,10.234,10.0,8.0,11.0,0.832,0.0,0.0
motif_f914706286314a87,5,4,11,10.208,10.0,8.0,11.0,0.824,0.0,0.0
motif_011bf603d0e66851,5,5,11,10.402,11.0,9.0,11.0,0.884,0.0,0.0
motif_26db60bae6f1656c,5,5,11,10.426,11.0,9.0,11.0,0.902,0.0,0.0
motif_26f938cdb39b421a,5,5,11,10.686,11.0,9.0,11.0,0.964,0.0,0.0
motif_3331e96ab66a56e7,5,5,11,10.376,11.0,9.0,11.0,0.874,0.0,0.0
motif_3550065e5b336c9a,5,5,11,10.708,11.0,9.0,11.0,0.97,0.0,0.0
motif_3965e682480be767,5,5,11,10.702,11.0,9.0,11.0,0.966,0.0,0.0
motif_4972e8524d133c5f,5,5,11,9.722,10.0,7.0,11.0,0.596,0.0,0.0
motif_4f930e5fe36b66f6,5,5,11,10.304,10.0,8.475000000000001,11.0,0.858,0.0,0.0
motif_529d39007846e050,5,5,11,9.824,10.0,8.0,11.0,0.65,0.0,0.0
motif_56928b4fa02e40e8,5,5,11,10.228,10.0,8.0,11.0,0.83,0.0,0.0
motif_7fde4663ce59098b,5,5,11,10.356,10.0,9.0,11.0,0.884,0.0,0.0
motif_80f101ad270e968a,5,5,11,10.31,10.0,8.0,11.0,0.856,0.0,0.0
motif_817583bc3733a6ca,5,5,11,10.684,11.0,9.0,11.0,0.964,0.0,0.0
motif_87cdc3b1cfb8e17c,5,5,11,10.386,11.0,9.0,11.0,0.882,0.0,0.0
motif_9555fa915e69beda,5,5,11,10.322,10.0,9.0,11.0,0.868,0.0,0.0
motif_999cbebf16d6ddd5,5,5,11,10.24,10.0,8.0,11.0,0.828,0.0,0.0
motif_a7adbc838441c01a,5,5,11,10.298,10.0,8.475000000000001,11.0,0.858,0.0,0.0
motif_b05fd544b500f493,5,5,11,9.814,10.0,8.0,11.0,0.658,0.0,0.0
motif_b5e55c73f0168340,5,5,11,10.166,10.0,8.475000000000001,11.0,0.812,0.0,0.0
motif_b7fbc5c74aa30d60,5,5,11,10.378,11.0,9.0,11.0,0.886,0.0,0.0
motif_c2054a016827a502,5,5,11,10.386,11.0,9.0,11.0,0.89,0.0,0.0
motif_c3997addbb13cdff,5,5,11,10.376,11.0,9.0,11.0,0.872,0.0,0.0
motif_d19ecba045c34324,5,5,11,9.742,10.0,7.0,11.0,0.624,0.0,0.0
motif_e7b0d5f663bba92b,5,5,11,9.68,10.0,7.0,11.0,0.578,0.0,0.0
motif_e8033b67f6bac96c,5,5,11,10.272,10.0,9.0,11.0,0.834,0.0,0.0
motif_08967352afdcc614,5,6,11,10.294,10.0,8.475000000000001,11.0,0.856,0.0,0.0
motif_344caf12a230c027,5,6,11,9.678,10.0,7.0,11.0,0.598,0.0,0.0
motif_477e409bfa6820ad,5,6,11,10.328,10.0,9.0,11.0,0.872,0.0,0.0
motif_6d7e592e0d6b8f25,5,6,11,10.374,11.0,9.0,11.0,0.872,0.0,0.0
motif_727e32d39b1c1ac9,5,6,11,10.212,10.0,8.0,11.0,0.812,0.0,0.0
motif_8eaca5acb0c1cdcc,5,6,11,9.68,10.0,7.0,11.0,0.578,0.0,0.0
motif_da6c09a8cd413654,5,6,11,10.27,10.0,9.0,11.0,0.826,0.0,0.0
motif_e99c24f0afb6f644,5,6,11,10.684,11.0,9.0,11.0,0.964,0.0,0.0
motif_67871168bdb28fdf,3,2,10,9.622,10.0,8.0,10.0,0.664,0.0,0.0
motif_7c0d7f3473832fb5,3,2,10,9.482,10.0,8.0,10.0,0.576,0.0,0.0
motif_ada61f84caa7276b,3,2,10,9.474,10.0,8.0,10.0,0.594,0.0,0.0
motif_dd3936eec73d7a76,3,2,10,9.364,10.0,8.0,10.0,0.506,0.0,0.0
motif_46aa50e42c549b4d,3,3,10,9.602,10.0,8.0,10.0,0.652,0.0,0.0
motif_087394640f3e289e,4,3,10,9.158,9.0,7.0,10.0,0.404,0.0,0.0
motif_12c08351d352a5b1,4,3,10,9.362,10.0,8.0,10.0,0.504,0.0,0.0
motif_1b9c7a3e87c9fd49,4,3,10,9.44,10.0,8.0,10.0,0.572,0.0,0.0
motif_22d7de62ee5a7c05,4,3,10,9.326,10.0,8.0,10.0,0.502,0.0,0.0
motif_39af596b8873f1bb,4,3,10,9.616,10.0,8.0,10.0,0.658,0.0,0.0
motif_5aa867fd91f7ce8f,4,3,10,9.482,10.0,8.0,10.0,0.576,0.0,0.0
motif_5da5dec1c123320f,4,3,10,9.482,10.0,8.0,10.0,0.576,0.0,0.0
motif_652c454448653045,4,3,10,9.438,10.0,8.0,10.0,0.552,0.0,0.0
motif_88d496504b318b31,4,3,10,9.462,10.0,8.0,10.0,0.588,0.0,0.0
motif_ac28564ee77450ea,4,3,10,9.418,10.0,8.0,10.0,0.564,0.0,0.0
motif_c15d98bfd6670e61,4,3,10,9.48,10.0,8.0,10.0,0.574,0.0,0.0
motif_de6811501041edf5,4,3,10,9.482,10.0,8.0,10.0,0.576,0.0,0.0
motif_e4c0bc232dde1175,4,3,10,9.362,10.0,8.0,10.0,0.504,0.0,0.0
motif_f21861d0ed107cfd,4,3,10,9.292,9.0,7.475000000000001,10.0,0.458,0.0,0.0
motif_fcd8591ecdcd7847,4,3,10,9.474,10.0,8.0,10.0,0.57,0.0,0.0
motif_0b04334a40d8ba5c,4,4,10,9.482,10.0,8.0,10.0,0.576,0.0,0.0
motif_1d4d6e2effa25135,4,4,10,9.428,10.0,8.0,10.0,0.566,0.0,0.0
motif_6cae25e61f560264,4,4,10,9.462,10.0,8.0,10.0,0.572,0.0,0.0
motif_c8c7e0422afca15a,4,4,10,9.29,9.0,7.475000000000001,10.0,0.456,0.0,0.0
motif_d3eff25aa86d3d8b,4,4,10,9.596,10.0,8.0,10.0,0.646,0.0,0.0
motif_0740f78f6f8b675b,5,4,10,9.43,10.0,8.0,10.0,0.546,0.0,0.0
motif_09d3041f42a81567,5,4,10,9.292,9.0,7.475000000000001,10.0,0.48,0.0,0.0
motif_09e57b340114c015,5,4,10,9.498,10.0,8.0,10.0,0.594,0.0,0.0
motif_180ed8b10d314230,5,4,10,9.274,9.0,7.0,10.0,0.476,0.0,0.0
motif_1d36499c4a9df732,5,4,10,9.462,10.0,8.0,10.0,0.562,0.0,0.0
motif_1ebb7f13b57fbbc1,5,4,10,9.434,10.0,8.0,10.0,0.56,0.0,0.0
motif_1f505fbaf7f4c1e8,5,4,10,9.654,10.0,8.0,10.0,0.698,0.0,0.0
motif_203df0c1bc255235,5,4,10,9.286,9.0,7.475000000000001,10.0,0.458,0.0,0.0
motif_251aadf5e36db90e,5,4,10,9.244,9.0,7.0,10.0,0.45,0.0,0.0
motif_2c7a714de2a8d5ba,5,4,10,9.48,10.0,8.0,10.0,0.574,0.0,0.0
motif_2e6b19c361fb3b61,5,4,10,9.356,10.0,8.0,10.0,0.504,0.0,0.0
motif_3533fdf8e126a819,5,4,10,8.792,9.0,7.0,10.0,0.282,0.0,0.0
motif_36db185e49991427,5,4,10,9.142,9.0,7.0,10.0,0.394,0.0,0.0
motif_3b98559278ce1fa8,5,4,10,9.462,10.0,8.0,10.0,0.562,0.0,0.0
motif_4812f24418976639,5,4,10,9.46,10.0,8.0,10.0,0.578,0.0,0.0
motif_5139a11c6fa25d1c,5,4,10,9.236,9.0,8.0,10.0,0.428,0.0,0.0
motif_53be75c89e34bb1f,5,4,10,9.406,10.0,8.0,10.0,0.558,0.0,0.0
motif_541c4c301a255708,5,4,10,9.474,10.0,8.0,10.0,0.57,0.0,0.0
motif_543fefb4434ef21c,5,4,10,9.52,10.0,8.0,10.0,0.608,0.0,0.0
motif_55287619332e2e6d,5,4,10,9.356,10.0,8.0,10.0,0.504,0.0,0.0
motif_5610581d43484035,5,4,10,9.472,10.0,8.0,10.0,0.568,0.0,0.0
motif_5f13290666a23cee,5,4,10,9.314,9.0,7.475000000000001,10.0,0.498,0.0,0.0
motif_646d1b0fd44f33a6,5,4,10,9.414,10.0,8.0,10.0,0.55,0.0,0.0
motif_665e7cb8512f89ef,5,4,10,9.156,9.0,7.0,10.0,0.402,0.0,0.0
motif_6ed9352e60276e6a,5,4,10,9.306,9.0,8.0,10.0,0.462,0.0,0.0
motif_70a153d6aa882dca,5,4,10,9.48,10.0,8.0,10.0,0.574,0.0,0.0
motif_718f4d796f3469f1,5,4,10,9.474,10.0,8.0,10.0,0.57,0.0,0.0
motif_8275d3f3f06eae6a,5,4,10,9.434,10.0,8.0,10.0,0.548,0.0,0.0
motif_82d3c8c8b210b8bd,5,4,10,9.482,10.0,8.0,10.0,0.576,0.0,0.0
motif_88e876e35d492c3f,5,4,10,9.234,9.0,7.475000000000001,10.0,0.43,0.0,0.0
motif_8e483057f04d2fef,5,4,10,9.482,10.0,8.0,10.0,0.576,0.0,0.0
motif_925ab4362cf40f5c,5,4,10,9.396,10.0,8.0,10.0,0.542,0.0,0.0
motif_95bcbd3f327e006a,5,4,10,9.382,10.0,8.0,10.0,0.506,0.0,0.0
motif_966fe9270c5de3bb,5,4,10,9.36,10.0,8.0,10.0,0.502,0.0,0.0
motif_9ab1765a28411628,5,4,10,9.474,10.0,8.0,10.0,0.57,0.0,0.0
motif_9cd5325c6717ee11,5,4,10,9.156,9.0,7.0,10.0,0.402,0.0,0.0
motif_9cf631b628e60026,5,4,10,9.29,9.0,7.475000000000001,10.0,0.458,0.0,0.0
motif_a1b0fc812dc0b591,5,4,10,9.232,9.0,7.0,10.0,0.444,0.0,0.0
motif_a3f0efa895fffa7d,5,4,10,9.346,10.0,8.0,10.0,0.508,0.0,0.0
motif_a5e57e6b359561b2,5,4,10,9.202,9.0,7.0,10.0,0.446,0.0,0.0
motif_a745a4c164b19b56,5,4,10,9.29,9.0,8.0,10.0,0.468,0.0,0.0
motif_b04d4caabeafe92b,5,4,10,9.48,10.0,8.0,10.0,0.574,0.0,0.0
motif_b68f83d7cafbd49b,5,4,10,9.318,9.0,8.0,10.0,0.478,0.0,0.0
motif_b7206e69c07c085a,5,4,10,9.428,10.0,8.0,10.0,0.546,0.0,0.0
motif_ba7ba43df163a8e6,5,4,10,9.234,9.0,7.0,10.0,0.448,0.0,0.0
motif_c0faf0f683e314db,5,4,10,9.64,10.0,8.0,10.0,0.69,0.0,0.0
motif_c1698b4e5454a5a8,5,4,10,9.412,10.0,8.0,10.0,0.536,0.0,0.0
motif_c2125ab27a9a73b4,5,4,10,9.124,9.0,7.0,10.0,0.408,0.0,0.0
motif_c8fd365a5b4c96d2,5,4,10,9.076,9.0,7.0,10.0,0.392,0.0,0.0
motif_c9e5c94ef37c7f60,5,4,10,9.092,9.0,7.0,10.0,0.368,0.0,0.0
motif_ca7031ab053d3d24,5,4,10,9.346,9.0,8.0,10.0,0.492,0.0,0.0
motif_d1907273ee859220,5,4,10,9.454,10.0,8.0,10.0,0.556,0.0,0.0
motif_dc631d3d5270c577,5,4,10,9.37,10.0,8.0,10.0,0.518,0.0,0.0
motif_dee294f38b4a9bbe,5,4,10,9.442,10.0,8.0,10.0,0.552,0.0,0.0
motif_e1f5247c359d8731,5,4,10,9.356,10.0,8.0,10.0,0.504,0.0,0.0
motif_e951a01bcbd3ee08,5,4,10,9.406,10.0,8.0,10.0,0.536,0.0,0.0
motif_ec1db3cb95c06b2e,5,4,10,9.674,10.0,8.0,10.0,0.714,0.0,0.0
motif_f314c248ee7e3f6f,5,4,10,9.198,9.0,7.0,10.0,0.416,0.0,0.0
motif_f84bb4f122e012b3,5,4,10,9.548,10.0,8.0,10.0,0.624,0.0,0.0
motif_f9a0d4387c99e7b1,5,4,10,9.384,10.0,8.0,10.0,0.544,0.0,0.0
motif_0de8303cce382a80,5,5,10,9.386,10.0,8.0,10.0,0.52,0.0,0.0
motif_11b37f722cf31f41,5,5,10,9.09,9.0,7.0,10.0,0.366,0.0,0.0
motif_1f10dcfeea4dfe48,5,5,10,8.758,9.0,7.0,10.0,0.274,0.0,0.0
motif_1fe7588dae073b1d,5,5,10,9.328,9.0,8.0,10.0,0.49,0.0,0.0
motif_321b8e708c7a5260,5,5,10,9.434,10.0,8.0,10.0,0.56,0.0,0.0
motif_5c9acfa22cf0eada,5,5,10,9.5,10.0,8.0,10.0,0.596,0.0,0.0
motif_66861aabd56c7f23,5,5,10,9.42,10.0,8.0,10.0,0.54,0.0,0.0
motif_68992352faf11e7c,5,5,10,9.48,10.0,8.0,10.0,0.574,0.0,0.0
motif_6922283c67c5d574,5,5,10,9.204,9.0,7.0,10.0,0.43,0.0,0.0
motif_7737e7d123e708ff,5,5,10,9.172,9.0,7.0,10.0,0.402,0.0,0.0
motif_819743fa220d2e18,5,5,10,8.92,9.0,7.0,10.0,0.336,0.0,0.0
motif_81a3388ed7ffec5a,5,5,10,9.238,9.0,7.0,10.0,0.448,0.0,0.0
motif_87e74184cc64b636,5,5,10,9.14,9.0,7.0,10.0,0.392,0.0,0.0
motif_8d96322e33e3aea2,5,5,10,9.462,10.0,8.0,10.0,0.562,0.0,0.0
motif_900c1f7b3f9af601,5,5,10,9.268,9.0,8.0,10.0,0.456,0.0,0.0
motif_959a94cfb539270b,5,5,10,9.324,9.0,8.0,10.0,0.478,0.0,0.0
motif_96c9206f12d38442,5,5,10,9.284,9.0,7.475000000000001,10.0,0.458,0.0,0.0
motif_9a92522ed511dd94,5,5,10,9.192,9.0,7.0,10.0,0.418,0.0,0.0
motif_9c8693fa7e4bea34,5,5,10,9.544,10.0,8.0,10.0,0.62,0.0,0.0
motif_9d259e4620ffdf53,5,5,10,9.284,9.0,7.475000000000001,10.0,0.456,0.0,0.0
motif_ad56782d83285014,5,5,10,9.372,10.0,8.0,10.0,0.538,0.0,0.0
motif_b2436410dcd38e35,5,5,10,9.28,9.0,7.0,10.0,0.476,0.0,0.0
motif_bd1dbc5a620e5dc8,5,5,10,9.454,10.0,8.0,10.0,0.556,0.0,0.0
motif_d5245003374421ea,5,5,10,9.354,10.0,8.0,10.0,0.502,0.0,0.0
motif_d88453a4ef944f25,5,5,10,9.434,10.0,8.0,10.0,0.55,0.0,0.0
motif_dfbf33db7fa5e4ce,5,5,10,9.278,9.0,8.0,10.0,0.446,0.0,0.0
motif_e1a5a6a241f98754,5,5,10,9.388,10.0,8.0,10.0,0.534,0.0,0.0
motif_e3a9e67bb90f6047,5,5,10,9.288,9.0,7.475000000000001,10.0,0.456,0.0,0.0
motif_e6e5af1f0f12a765,5,5,10,9.482,10.0,8.0,10.0,0.576,0.0,0.0
motif_ea18241d8395dcf8,5,5,10,9.302,9.0,7.0,10.0,0.476,0.0,0.0
motif_eac06574eed16a88,5,5,10,9.474,10.0,8.0,10.0,0.57,0.0,0.0
motif_ef3589435fa3d420,5,5,10,9.454,10.0,8.0,10.0,0.556,0.0,0.0
motif_f01bf05e1a536a50,5,5,10,9.21,9.0,7.0,10.0,0.438,0.0,0.0
motif_f205695701009af7,5,5,10,9.354,9.0,8.0,10.0,0.49,0.0,0.0
motif_3868d21d1efc6810,5,6,10,9.214,9.0,7.0,10.0,0.432,0.0,0.0
motif_4a4ec6c355aeecb3,5,6,10,9.298,9.0,8.0,10.0,0.462,0.0,0.0
motif_662028c6c73754c0,5,6,10,9.282,9.0,7.475000000000001,10.0,0.456,0.0,0.0
motif_8a00835776f980e6,5,6,10,9.24,9.0,8.0,10.0,0.442,0.0,0.0
motif_ae40213626e63afb,5,6,10,9.454,10.0,8.0,10.0,0.556,0.0,0.0
motif_d57fa831d1729624,5,6,10,8.844,9.0,7.0,10.0,0.304,0.0,0.0
motif_d58cd5a27e05c0f1,5,6,10,9.164,9.0,7.0,10.0,0.404,0.0,0.0
motif_e5f62aeb23c52e7c,5,6,10,9.276,9.0,7.0,10.0,0.462,0.0,0.0
motif_f6d2bff6f269d8da,5,6,10,8.782,9.0,6.0,10.0,0.29,0.0,0.0
motif_28abb1de8d93f5d6,5,7,10,9.188,9.0,7.0,10.0,0.418,0.0,0.0
motif_acce998414cf3c12,5,7,10,8.718,9.0,6.0,10.0,0.268,0.0,0.0
