graph_id,year,geography_code,geography,ses_category,n_unweighted,weighted_population_estimate,kish_effective_n,node_count,edge_count,density,component_count,isolate_count,mean_degree,maximum_degree,transitivity,population_graph_id,ses_definition,rule_id
2024_01_education_binary_higher__phi_010,2024,1,Alabama,higher,3331,2289224.873411157,2127.1728106886994,10,22,0.4888888888888889,1,0,4.4,9,0.6,2024_01_education_binary_higher,education_binary,phi_010
2024_01_education_binary_higher__phi_012,2024,1,Alabama,higher,3331,2289224.873411157,2127.1728106886994,10,19,0.4222222222222222,1,0,3.8,7,0.5373134328358209,2024_01_education_binary_higher,education_binary,phi_012
2024_01_education_binary_higher__phi_012_stable,2024,1,Alabama,higher,3331,2289224.873411157,2127.1728106886994,10,11,0.24444444444444444,2,0,2.2,5,0.42857142857142855,2024_01_education_binary_higher,education_binary,phi_012_stable
2024_01_education_binary_higher__phi_014,2024,1,Alabama,higher,3331,2289224.873411157,2127.1728106886994,10,12,0.26666666666666666,2,0,2.4,5,0.5,2024_01_education_binary_higher,education_binary,phi_014
2024_01_education_binary_lower__phi_010,2024,1,Alabama,lower,1747,1767123.4791202508,1029.0643566588815,10,22,0.4888888888888889,1,0,4.4,9,0.5806451612903226,2024_01_education_binary_lower,education_binary,phi_010
2024_01_education_binary_lower__phi_012,2024,1,Alabama,lower,1747,1767123.4791202508,1029.0643566588815,10,19,0.4222222222222222,1,0,3.8,8,0.5217391304347826,2024_01_education_binary_lower,education_binary,phi_012
2024_01_education_binary_lower__phi_012_stable,2024,1,Alabama,lower,1747,1767123.4791202508,1029.0643566588815,10,13,0.28888888888888886,1,0,2.6,6,0.3870967741935484,2024_01_education_binary_lower,education_binary,phi_012_stable
2024_01_education_binary_lower__phi_014,2024,1,Alabama,lower,1747,1767123.4791202508,1029.0643566588815,10,17,0.37777777777777777,1,0,3.4,7,0.5094339622641509,2024_01_education_binary_lower,education_binary,phi_014
2024_02_education_binary_higher__phi_010,2024,2,Alaska,higher,3800,346527.81918179826,1563.6091266389528,10,21,0.4666666666666667,1,0,4.2,7,0.6075949367088608,2024_02_education_binary_higher,education_binary,phi_010
2024_02_education_binary_higher__phi_012,2024,2,Alaska,higher,3800,346527.81918179826,1563.6091266389528,10,13,0.28888888888888886,2,1,2.6,5,0.5294117647058824,2024_02_education_binary_higher,education_binary,phi_012
2024_02_education_binary_higher__phi_012_stable,2024,2,Alaska,higher,3800,346527.81918179826,1563.6091266389528,10,7,0.15555555555555556,4,2,1.4,4,0.3333333333333333,2024_02_education_binary_higher,education_binary,phi_012_stable
2024_02_education_binary_higher__phi_014,2024,2,Alaska,higher,3800,346527.81918179826,1563.6091266389528,10,9,0.2,3,1,1.8,4,0.4,2024_02_education_binary_higher,education_binary,phi_014
2024_02_education_binary_lower__phi_010,2024,2,Alaska,lower,1665,213654.9352923655,751.919291347211,10,26,0.5777777777777777,1,0,5.2,8,0.6796875,2024_02_education_binary_lower,education_binary,phi_010
2024_02_education_binary_lower__phi_012,2024,2,Alaska,lower,1665,213654.9352923655,751.919291347211,10,21,0.4666666666666667,1,0,4.2,8,0.5930232558139535,2024_02_education_binary_lower,education_binary,phi_012
2024_02_education_binary_lower__phi_012_stable,2024,2,Alaska,lower,1665,213654.9352923655,751.919291347211,10,7,0.15555555555555556,4,3,1.4,4,0.2727272727272727,2024_02_education_binary_lower,education_binary,phi_012_stable
2024_02_education_binary_lower__phi_014,2024,2,Alaska,lower,1665,213654.9352923655,751.919291347211,10,17,0.37777777777777777,1,0,3.4,6,0.5892857142857143,2024_02_education_binary_lower,education_binary,phi_014
2024_04_education_binary_higher__phi_010,2024,4,Arizona,higher,5993,3760062.140502301,1895.3198772378423,10,22,0.4888888888888889,1,0,4.4,9,0.5876288659793815,2024_04_education_binary_higher,education_binary,phi_010
2024_04_education_binary_higher__phi_012,2024,4,Arizona,higher,5993,3760062.140502301,1895.3198772378423,10,16,0.35555555555555557,2,1,3.2,6,0.6,2024_04_education_binary_higher,education_binary,phi_012
2024_04_education_binary_higher__phi_012_stable,2024,4,Arizona,higher,5993,3760062.140502301,1895.3198772378423,10,9,0.2,4,2,1.8,4,0.6,2024_04_education_binary_higher,education_binary,phi_012_stable
2024_04_education_binary_higher__phi_014,2024,4,Arizona,higher,5993,3760062.140502301,1895.3198772378423,10,11,0.24444444444444444,4,2,2.2,5,0.6923076923076923,2024_04_education_binary_higher,education_binary,phi_014
2024_04_education_binary_lower__phi_010,2024,4,Arizona,lower,2555,2192780.438675736,777.6595660941617,10,20,0.4444444444444444,1,0,4.0,7,0.64,2024_04_education_binary_lower,education_binary,phi_010
2024_04_education_binary_lower__phi_012,2024,4,Arizona,lower,2555,2192780.438675736,777.6595660941617,10,15,0.3333333333333333,2,1,3.0,6,0.5510204081632653,2024_04_education_binary_lower,education_binary,phi_012
2024_04_education_binary_lower__phi_012_stable,2024,4,Arizona,lower,2555,2192780.438675736,777.6595660941617,10,9,0.2,2,1,1.8,4,0.21428571428571427,2024_04_education_binary_lower,education_binary,phi_012_stable
2024_04_education_binary_lower__phi_014,2024,4,Arizona,lower,2555,2192780.438675736,777.6595660941617,10,14,0.3111111111111111,2,1,2.8,6,0.5714285714285714,2024_04_education_binary_lower,education_binary,phi_014
2024_05_education_binary_higher__phi_010,2024,5,Arkansas,higher,3210,1273916.8807018145,1995.8277397641612,10,22,0.4888888888888889,1,0,4.4,9,0.6,2024_05_education_binary_higher,education_binary,phi_010
2024_05_education_binary_higher__phi_012,2024,5,Arkansas,higher,3210,1273916.8807018145,1995.8277397641612,10,20,0.4444444444444444,1,0,4.0,9,0.525,2024_05_education_binary_higher,education_binary,phi_012
2024_05_education_binary_higher__phi_012_stable,2024,5,Arkansas,higher,3210,1273916.8807018145,1995.8277397641612,10,17,0.37777777777777777,1,0,3.4,8,0.47368421052631576,2024_05_education_binary_higher,education_binary,phi_012_stable
2024_05_education_binary_higher__phi_014,2024,5,Arkansas,higher,3210,1273916.8807018145,1995.8277397641612,10,19,0.4222222222222222,1,0,3.8,9,0.5342465753424658,2024_05_education_binary_higher,education_binary,phi_014
2024_05_education_binary_lower__phi_010,2024,5,Arkansas,lower,2106,1126305.92440219,1269.5956544170654,10,29,0.6444444444444445,1,0,5.8,9,0.7070063694267515,2024_05_education_binary_lower,education_binary,phi_010
2024_05_education_binary_lower__phi_012,2024,5,Arkansas,lower,2106,1126305.92440219,1269.5956544170654,10,25,0.5555555555555556,1,0,5.0,8,0.675,2024_05_education_binary_lower,education_binary,phi_012
2024_05_education_binary_lower__phi_012_stable,2024,5,Arkansas,lower,2106,1126305.92440219,1269.5956544170654,10,15,0.3333333333333333,2,0,3.0,6,0.5714285714285714,2024_05_education_binary_lower,education_binary,phi_012_stable
2024_05_education_binary_lower__phi_014,2024,5,Arkansas,lower,2106,1126305.92440219,1269.5956544170654,10,18,0.4,2,0,3.6,7,0.65625,2024_05_education_binary_lower,education_binary,phi_014
2024_06_education_binary_higher__phi_010,2024,6,California,higher,5797,19041264.215503752,2679.125435867049,10,23,0.5111111111111111,1,0,4.6,9,0.6116504854368932,2024_06_education_binary_higher,education_binary,phi_010
2024_06_education_binary_higher__phi_012,2024,6,California,higher,5797,19041264.215503752,2679.125435867049,10,20,0.4444444444444444,1,0,4.0,8,0.6153846153846154,2024_06_education_binary_higher,education_binary,phi_012
2024_06_education_binary_higher__phi_012_stable,2024,6,California,higher,5797,19041264.215503752,2679.125435867049,10,15,0.3333333333333333,2,1,3.0,6,0.6,2024_06_education_binary_higher,education_binary,phi_012_stable
2024_06_education_binary_higher__phi_014,2024,6,California,higher,5797,19041264.215503752,2679.125435867049,10,16,0.35555555555555557,2,1,3.2,7,0.6666666666666666,2024_06_education_binary_higher,education_binary,phi_014
2024_06_education_binary_lower__phi_010,2024,6,California,lower,2536,11454238.772285284,1471.1327463442656,10,17,0.37777777777777777,1,0,3.4,6,0.46153846153846156,2024_06_education_binary_lower,education_binary,phi_010
2024_06_education_binary_lower__phi_012,2024,6,California,lower,2536,11454238.772285284,1471.1327463442656,10,15,0.3333333333333333,1,0,3.0,6,0.43902439024390244,2024_06_education_binary_lower,education_binary,phi_012
2024_06_education_binary_lower__phi_012_stable,2024,6,California,lower,2536,11454238.772285284,1471.1327463442656,10,7,0.15555555555555556,3,2,1.4,3,0.0,2024_06_education_binary_lower,education_binary,phi_012_stable
2024_06_education_binary_lower__phi_014,2024,6,California,lower,2536,11454238.772285284,1471.1327463442656,10,13,0.28888888888888886,1,0,2.6,5,0.41379310344827586,2024_06_education_binary_lower,education_binary,phi_014
2024_08_education_binary_higher__phi_010,2024,8,Colorado,higher,8211,3308692.8095656955,6048.286811060391,10,20,0.4444444444444444,1,0,4.0,7,0.6623376623376623,2024_08_education_binary_higher,education_binary,phi_010
2024_08_education_binary_higher__phi_012,2024,8,Colorado,higher,8211,3308692.8095656955,6048.286811060391,10,16,0.35555555555555557,1,0,3.2,6,0.5,2024_08_education_binary_higher,education_binary,phi_012
2024_08_education_binary_higher__phi_012_stable,2024,8,Colorado,higher,8211,3308692.8095656955,6048.286811060391,10,12,0.26666666666666666,2,1,2.4,5,0.41379310344827586,2024_08_education_binary_higher,education_binary,phi_012_stable
2024_08_education_binary_higher__phi_014,2024,8,Colorado,higher,8211,3308692.8095656955,6048.286811060391,10,12,0.26666666666666666,2,1,2.4,5,0.41379310344827586,2024_08_education_binary_higher,education_binary,phi_014
2024_08_education_binary_lower__phi_010,2024,8,Colorado,lower,2617,1407667.44185125,1957.9174540389397,10,28,0.6222222222222222,1,0,5.6,9,0.7297297297297297,2024_08_education_binary_lower,education_binary,phi_010
2024_08_education_binary_lower__phi_012,2024,8,Colorado,lower,2617,1407667.44185125,1957.9174540389397,10,22,0.4888888888888889,1,0,4.4,9,0.574468085106383,2024_08_education_binary_lower,education_binary,phi_012
2024_08_education_binary_lower__phi_012_stable,2024,8,Colorado,lower,2617,1407667.44185125,1957.9174540389397,10,10,0.2222222222222222,1,0,2.0,5,0.0,2024_08_education_binary_lower,education_binary,phi_012_stable
2024_08_education_binary_lower__phi_014,2024,8,Colorado,lower,2617,1407667.44185125,1957.9174540389397,10,17,0.37777777777777777,1,0,3.4,7,0.39622641509433965,2024_08_education_binary_lower,education_binary,phi_014
2024_09_education_binary_higher__phi_010,2024,9,Connecticut,higher,5193,1863915.277963453,2734.0464334665076,10,17,0.37777777777777777,1,0,3.4,6,0.55,2024_09_education_binary_higher,education_binary,phi_010
2024_09_education_binary_higher__phi_012,2024,9,Connecticut,higher,5193,1863915.277963453,2734.0464334665076,10,12,0.26666666666666666,2,1,2.4,6,0.41379310344827586,2024_09_education_binary_higher,education_binary,phi_012
2024_09_education_binary_higher__phi_012_stable,2024,9,Connecticut,higher,5193,1863915.277963453,2734.0464334665076,10,7,0.15555555555555556,4,2,1.4,4,0.3333333333333333,2024_09_education_binary_higher,education_binary,phi_012_stable
2024_09_education_binary_higher__phi_014,2024,9,Connecticut,higher,5193,1863915.277963453,2734.0464334665076,10,11,0.24444444444444444,2,1,2.2,6,0.36,2024_09_education_binary_higher,education_binary,phi_014
2024_09_education_binary_lower__phi_010,2024,9,Connecticut,lower,1958,1038049.0971058925,996.1355979004968,10,24,0.5333333333333333,1,0,4.8,9,0.6055045871559633,2024_09_education_binary_lower,education_binary,phi_010
2024_09_education_binary_lower__phi_012,2024,9,Connecticut,lower,1958,1038049.0971058925,996.1355979004968,10,17,0.37777777777777777,1,0,3.4,6,0.4117647058823529,2024_09_education_binary_lower,education_binary,phi_012
2024_09_education_binary_lower__phi_012_stable,2024,9,Connecticut,lower,1958,1038049.0971058925,996.1355979004968,10,8,0.17777777777777778,4,3,1.6,4,0.42857142857142855,2024_09_education_binary_lower,education_binary,phi_012_stable
2024_09_education_binary_lower__phi_014,2024,9,Connecticut,lower,1958,1038049.0971058925,996.1355979004968,10,13,0.28888888888888886,2,1,2.6,5,0.45454545454545453,2024_09_education_binary_lower,education_binary,phi_014
2024_10_education_binary_higher__phi_010,2024,10,Delaware,higher,2995,511371.640078207,1375.0261659242403,10,25,0.5555555555555556,1,0,5.0,8,0.6724137931034483,2024_10_education_binary_higher,education_binary,phi_010
2024_10_education_binary_higher__phi_012,2024,10,Delaware,higher,2995,511371.640078207,1375.0261659242403,10,20,0.4444444444444444,1,0,4.0,7,0.4583333333333333,2024_10_education_binary_higher,education_binary,phi_012
2024_10_education_binary_higher__phi_012_stable,2024,10,Delaware,higher,2995,511371.640078207,1375.0261659242403,10,10,0.2222222222222222,2,0,2.0,4,0.17647058823529413,2024_10_education_binary_higher,education_binary,phi_012_stable
2024_10_education_binary_higher__phi_014,2024,10,Delaware,higher,2995,511371.640078207,1375.0261659242403,10,12,0.26666666666666666,1,0,2.4,4,0.24,2024_10_education_binary_higher,education_binary,phi_014
2024_10_education_binary_lower__phi_010,2024,10,Delaware,lower,1349,328777.7729671034,650.6073209753836,10,24,0.5333333333333333,1,0,4.8,8,0.5533980582524272,2024_10_education_binary_lower,education_binary,phi_010
2024_10_education_binary_lower__phi_012,2024,10,Delaware,lower,1349,328777.7729671034,650.6073209753836,10,18,0.4,1,0,3.6,8,0.515625,2024_10_education_binary_lower,education_binary,phi_012
2024_10_education_binary_lower__phi_012_stable,2024,10,Delaware,lower,1349,328777.7729671034,650.6073209753836,10,10,0.2222222222222222,3,2,2.0,5,0.5714285714285714,2024_10_education_binary_lower,education_binary,phi_012_stable
2024_10_education_binary_lower__phi_014,2024,10,Delaware,lower,1349,328777.7729671034,650.6073209753836,10,16,0.35555555555555557,1,0,3.2,7,0.5,2024_10_education_binary_lower,education_binary,phi_014
2024_12_education_binary_higher__phi_010,2024,12,Florida,higher,8633,11390032.978743833,2188.1128781209063,10,23,0.5111111111111111,1,0,4.6,9,0.6226415094339622,2024_12_education_binary_higher,education_binary,phi_010
2024_12_education_binary_higher__phi_012,2024,12,Florida,higher,8633,11390032.978743833,2188.1128781209063,10,20,0.4444444444444444,2,1,4.0,7,0.6951219512195121,2024_12_education_binary_higher,education_binary,phi_012
2024_12_education_binary_higher__phi_012_stable,2024,12,Florida,higher,8633,11390032.978743833,2188.1128781209063,10,10,0.2222222222222222,2,1,2.0,4,0.16666666666666666,2024_12_education_binary_higher,education_binary,phi_012_stable
2024_12_education_binary_higher__phi_014,2024,12,Florida,higher,8633,11390032.978743833,2188.1128781209063,10,12,0.26666666666666666,2,1,2.4,5,0.23076923076923078,2024_12_education_binary_higher,education_binary,phi_014
2024_12_education_binary_lower__phi_010,2024,12,Florida,lower,4379,7329115.894313465,1036.7520276736052,10,27,0.6,1,0,5.4,8,0.6541353383458647,2024_12_education_binary_lower,education_binary,phi_010
2024_12_education_binary_lower__phi_012,2024,12,Florida,lower,4379,7329115.894313465,1036.7520276736052,10,25,0.5555555555555556,1,0,5.0,8,0.5892857142857143,2024_12_education_binary_lower,education_binary,phi_012
2024_12_education_binary_lower__phi_012_stable,2024,12,Florida,lower,4379,7329115.894313465,1036.7520276736052,10,12,0.26666666666666666,1,0,2.4,4,0.2608695652173913,2024_12_education_binary_lower,education_binary,phi_012_stable
2024_12_education_binary_lower__phi_014,2024,12,Florida,lower,4379,7329115.894313465,1036.7520276736052,10,17,0.37777777777777777,1,0,3.4,6,0.4117647058823529,2024_12_education_binary_lower,education_binary,phi_014
2024_13_education_binary_higher__phi_010,2024,13,Georgia,higher,4805,5204231.645053592,2222.9533787684472,10,23,0.5111111111111111,1,0,4.6,8,0.6363636363636364,2024_13_education_binary_higher,education_binary,phi_010
2024_13_education_binary_higher__phi_012,2024,13,Georgia,higher,4805,5204231.645053592,2222.9533787684472,10,18,0.4,1,0,3.6,7,0.65,2024_13_education_binary_higher,education_binary,phi_012
2024_13_education_binary_higher__phi_012_stable,2024,13,Georgia,higher,4805,5204231.645053592,2222.9533787684472,10,13,0.28888888888888886,2,1,2.6,5,0.5294117647058824,2024_13_education_binary_higher,education_binary,phi_012_stable
2024_13_education_binary_higher__phi_014,2024,13,Georgia,higher,4805,5204231.645053592,2222.9533787684472,10,15,0.3333333333333333,1,0,3.0,6,0.5121951219512195,2024_13_education_binary_higher,education_binary,phi_014
2024_13_education_binary_lower__phi_010,2024,13,Georgia,lower,2418,3484176.061540573,1060.5229114708488,10,29,0.6444444444444445,1,0,5.8,9,0.6967741935483871,2024_13_education_binary_lower,education_binary,phi_010
2024_13_education_binary_lower__phi_012,2024,13,Georgia,lower,2418,3484176.061540573,1060.5229114708488,10,26,0.5777777777777777,1,0,5.2,9,0.624,2024_13_education_binary_lower,education_binary,phi_012
2024_13_education_binary_lower__phi_012_stable,2024,13,Georgia,lower,2418,3484176.061540573,1060.5229114708488,10,17,0.37777777777777777,1,0,3.4,6,0.5357142857142857,2024_13_education_binary_lower,education_binary,phi_012_stable
2024_13_education_binary_lower__phi_014,2024,13,Georgia,lower,2418,3484176.061540573,1060.5229114708488,10,19,0.4222222222222222,1,0,3.8,6,0.6,2024_13_education_binary_lower,education_binary,phi_014
2024_15_education_binary_higher__phi_010,2024,15,Hawaii,higher,4732,731598.5682446372,2245.814417034935,10,15,0.3333333333333333,1,0,3.0,6,0.4883720930232558,2024_15_education_binary_higher,education_binary,phi_010
2024_15_education_binary_higher__phi_012,2024,15,Hawaii,higher,4732,731598.5682446372,2245.814417034935,10,11,0.24444444444444444,2,1,2.2,5,0.375,2024_15_education_binary_higher,education_binary,phi_012
2024_15_education_binary_higher__phi_012_stable,2024,15,Hawaii,higher,4732,731598.5682446372,2245.814417034935,10,5,0.1111111111111111,5,1,1.0,2,0.0,2024_15_education_binary_higher,education_binary,phi_012_stable
2024_15_education_binary_higher__phi_014,2024,15,Hawaii,higher,4732,731598.5682446372,2245.814417034935,10,6,0.13333333333333333,4,1,1.2,2,0.0,2024_15_education_binary_higher,education_binary,phi_014
2024_15_education_binary_lower__phi_010,2024,15,Hawaii,lower,1885,402229.0328515718,960.574840331935,10,22,0.4888888888888889,1,0,4.4,7,0.5581395348837209,2024_15_education_binary_lower,education_binary,phi_010
2024_15_education_binary_lower__phi_012,2024,15,Hawaii,lower,1885,402229.0328515718,960.574840331935,10,19,0.4222222222222222,1,0,3.8,7,0.5454545454545454,2024_15_education_binary_lower,education_binary,phi_012
2024_15_education_binary_lower__phi_012_stable,2024,15,Hawaii,lower,1885,402229.0328515718,960.574840331935,10,7,0.15555555555555556,3,1,1.4,3,0.0,2024_15_education_binary_lower,education_binary,phi_012_stable
2024_15_education_binary_lower__phi_014,2024,15,Hawaii,lower,1885,402229.0328515718,960.574840331935,10,12,0.26666666666666666,1,0,2.4,5,0.25,2024_15_education_binary_lower,education_binary,phi_014
2024_16_education_binary_higher__phi_010,2024,16,Idaho,higher,2693,977261.9832890714,1441.908508084135,10,21,0.4666666666666667,1,0,4.2,8,0.5294117647058824,2024_16_education_binary_higher,education_binary,phi_010
2024_16_education_binary_higher__phi_012,2024,16,Idaho,higher,2693,977261.9832890714,1441.908508084135,10,17,0.37777777777777777,1,0,3.4,7,0.5172413793103449,2024_16_education_binary_higher,education_binary,phi_012
2024_16_education_binary_higher__phi_012_stable,2024,16,Idaho,higher,2693,977261.9832890714,1441.908508084135,10,12,0.26666666666666666,1,0,2.4,6,0.3333333333333333,2024_16_education_binary_higher,education_binary,phi_012_stable
2024_16_education_binary_higher__phi_014,2024,16,Idaho,higher,2693,977261.9832890714,1441.908508084135,10,15,0.3333333333333333,1,0,3.0,6,0.4090909090909091,2024_16_education_binary_higher,education_binary,phi_014
2024_16_education_binary_lower__phi_010,2024,16,Idaho,lower,1637,566753.3904621894,846.2559953542789,10,27,0.6,1,0,5.4,9,0.656934306569343,2024_16_education_binary_lower,education_binary,phi_010
2024_16_education_binary_lower__phi_012,2024,16,Idaho,lower,1637,566753.3904621894,846.2559953542789,10,24,0.5333333333333333,1,0,4.8,8,0.6226415094339622,2024_16_education_binary_lower,education_binary,phi_012
2024_16_education_binary_lower__phi_012_stable,2024,16,Idaho,lower,1637,566753.3904621894,846.2559953542789,10,8,0.17777777777777778,3,1,1.6,4,0.3,2024_16_education_binary_lower,education_binary,phi_012_stable
2024_16_education_binary_lower__phi_014,2024,16,Idaho,lower,1637,566753.3904621894,846.2559953542789,10,18,0.4,1,0,3.6,6,0.5084745762711864,2024_16_education_binary_lower,education_binary,phi_014
2024_17_education_binary_higher__phi_010,2024,17,Illinois,higher,8264,6242711.3661557175,5195.347463432801,10,21,0.4666666666666667,1,0,4.2,9,0.5730337078651685,2024_17_education_binary_higher,education_binary,phi_010
2024_17_education_binary_higher__phi_012,2024,17,Illinois,higher,8264,6242711.3661557175,5195.347463432801,10,17,0.37777777777777777,1,0,3.4,7,0.5263157894736842,2024_17_education_binary_higher,education_binary,phi_012
2024_17_education_binary_higher__phi_012_stable,2024,17,Illinois,higher,8264,6242711.3661557175,5195.347463432801,10,12,0.26666666666666666,2,1,2.4,6,0.4,2024_17_education_binary_higher,education_binary,phi_012_stable
2024_17_education_binary_higher__phi_014,2024,17,Illinois,higher,8264,6242711.3661557175,5195.347463432801,10,13,0.28888888888888886,2,1,2.6,6,0.4166666666666667,2024_17_education_binary_higher,education_binary,phi_014
2024_17_education_binary_lower__phi_010,2024,17,Illinois,lower,3682,3609283.8245509714,2347.6554468819745,10,26,0.5777777777777777,1,0,5.2,8,0.6666666666666666,2024_17_education_binary_lower,education_binary,phi_010
2024_17_education_binary_lower__phi_012,2024,17,Illinois,lower,3682,3609283.8245509714,2347.6554468819745,10,19,0.4222222222222222,1,0,3.8,7,0.5217391304347826,2024_17_education_binary_lower,education_binary,phi_012
2024_17_education_binary_lower__phi_012_stable,2024,17,Illinois,lower,3682,3609283.8245509714,2347.6554468819745,10,10,0.2222222222222222,1,0,2.0,4,0.2,2024_17_education_binary_lower,education_binary,phi_012_stable
2024_17_education_binary_lower__phi_014,2024,17,Illinois,lower,3682,3609283.8245509714,2347.6554468819745,10,13,0.28888888888888886,1,0,2.6,5,0.3870967741935484,2024_17_education_binary_lower,education_binary,phi_014
2024_18_education_binary_higher__phi_010,2024,18,Indiana,higher,8277,2982722.3676970475,5475.507755602477,10,25,0.5555555555555556,1,0,5.0,8,0.6942148760330579,2024_18_education_binary_higher,education_binary,phi_010
2024_18_education_binary_higher__phi_012,2024,18,Indiana,higher,8277,2982722.3676970475,5475.507755602477,10,18,0.4,1,0,3.6,7,0.6,2024_18_education_binary_higher,education_binary,phi_012
2024_18_education_binary_higher__phi_012_stable,2024,18,Indiana,higher,8277,2982722.3676970475,5475.507755602477,10,13,0.28888888888888886,2,1,2.6,5,0.5833333333333334,2024_18_education_binary_higher,education_binary,phi_012_stable
2024_18_education_binary_higher__phi_014,2024,18,Indiana,higher,8277,2982722.3676970475,5475.507755602477,10,13,0.28888888888888886,2,1,2.6,5,0.5833333333333334,2024_18_education_binary_higher,education_binary,phi_014
2024_18_education_binary_lower__phi_010,2024,18,Indiana,lower,4718,2367072.6220627753,2996.2250832617055,10,29,0.6444444444444445,1,0,5.8,9,0.7358490566037735,2024_18_education_binary_lower,education_binary,phi_010
2024_18_education_binary_lower__phi_012,2024,18,Indiana,lower,4718,2367072.6220627753,2996.2250832617055,10,26,0.5777777777777777,1,0,5.2,9,0.6796875,2024_18_education_binary_lower,education_binary,phi_012
2024_18_education_binary_lower__phi_012_stable,2024,18,Indiana,lower,4718,2367072.6220627753,2996.2250832617055,10,14,0.3111111111111111,1,0,2.8,6,0.4864864864864865,2024_18_education_binary_lower,education_binary,phi_012_stable
2024_18_education_binary_lower__phi_014,2024,18,Indiana,lower,4718,2367072.6220627753,2996.2250832617055,10,17,0.37777777777777777,1,0,3.4,7,0.5263157894736842,2024_18_education_binary_lower,education_binary,phi_014
2024_19_education_binary_higher__phi_010,2024,19,Iowa,higher,5390,1555985.9503549011,3337.8985359141643,10,17,0.37777777777777777,1,0,3.4,7,0.5263157894736842,2024_19_education_binary_higher,education_binary,phi_010
2024_19_education_binary_higher__phi_012,2024,19,Iowa,higher,5390,1555985.9503549011,3337.8985359141643,10,15,0.3333333333333333,1,0,3.0,6,0.5581395348837209,2024_19_education_binary_higher,education_binary,phi_012
2024_19_education_binary_higher__phi_012_stable,2024,19,Iowa,higher,5390,1555985.9503549011,3337.8985359141643,10,10,0.2222222222222222,2,1,2.0,4,0.3157894736842105,2024_19_education_binary_higher,education_binary,phi_012_stable
2024_19_education_binary_higher__phi_014,2024,19,Iowa,higher,5390,1555985.9503549011,3337.8985359141643,10,11,0.24444444444444444,2,1,2.2,5,0.375,2024_19_education_binary_higher,education_binary,phi_014
2024_19_education_binary_lower__phi_010,2024,19,Iowa,lower,3328,953665.9732450545,1956.2237965728445,10,22,0.4888888888888889,1,0,4.4,7,0.6333333333333333,2024_19_education_binary_lower,education_binary,phi_010
2024_19_education_binary_lower__phi_012,2024,19,Iowa,lower,3328,953665.9732450545,1956.2237965728445,10,19,0.4222222222222222,1,0,3.8,7,0.582089552238806,2024_19_education_binary_lower,education_binary,phi_012
2024_19_education_binary_lower__phi_012_stable,2024,19,Iowa,lower,3328,953665.9732450545,1956.2237965728445,10,12,0.26666666666666666,1,0,2.4,5,0.3333333333333333,2024_19_education_binary_lower,education_binary,phi_012_stable
2024_19_education_binary_lower__phi_014,2024,19,Iowa,lower,3328,953665.9732450545,1956.2237965728445,10,17,0.37777777777777777,1,0,3.4,6,0.5769230769230769,2024_19_education_binary_lower,education_binary,phi_014
2024_20_education_binary_higher__phi_010,2024,20,Kansas,higher,7590,1459808.064051657,4542.637582570952,10,22,0.4888888888888889,1,0,4.4,8,0.6063829787234043,2024_20_education_binary_higher,education_binary,phi_010
2024_20_education_binary_higher__phi_012,2024,20,Kansas,higher,7590,1459808.064051657,4542.637582570952,10,16,0.35555555555555557,1,0,3.2,6,0.574468085106383,2024_20_education_binary_higher,education_binary,phi_012
2024_20_education_binary_higher__phi_012_stable,2024,20,Kansas,higher,7590,1459808.064051657,4542.637582570952,10,12,0.26666666666666666,2,1,2.4,5,0.46153846153846156,2024_20_education_binary_higher,education_binary,phi_012_stable
2024_20_education_binary_higher__phi_014,2024,20,Kansas,higher,7590,1459808.064051657,4542.637582570952,10,13,0.28888888888888886,1,0,2.6,5,0.42857142857142855,2024_20_education_binary_higher,education_binary,phi_014
2024_20_education_binary_lower__phi_010,2024,20,Kansas,lower,3268,814644.8194462387,1720.3714708033478,10,25,0.5555555555555556,1,0,5.0,8,0.7058823529411765,2024_20_education_binary_lower,education_binary,phi_010
2024_20_education_binary_lower__phi_012,2024,20,Kansas,lower,3268,814644.8194462387,1720.3714708033478,10,22,0.4888888888888889,1,0,4.4,8,0.6195652173913043,2024_20_education_binary_lower,education_binary,phi_012
2024_20_education_binary_lower__phi_012_stable,2024,20,Kansas,lower,3268,814644.8194462387,1720.3714708033478,10,13,0.28888888888888886,1,0,2.6,5,0.3870967741935484,2024_20_education_binary_lower,education_binary,phi_012_stable
2024_20_education_binary_lower__phi_014,2024,20,Kansas,lower,3268,814644.8194462387,1720.3714708033478,10,17,0.37777777777777777,1,0,3.4,6,0.6,2024_20_education_binary_lower,education_binary,phi_014
2024_21_education_binary_higher__phi_010,2024,21,Kentucky,higher,4354,1936374.5347241838,2008.8820964480537,10,22,0.4888888888888889,1,0,4.4,8,0.6195652173913043,2024_21_education_binary_higher,education_binary,phi_010
2024_21_education_binary_higher__phi_012,2024,21,Kentucky,higher,4354,1936374.5347241838,2008.8820964480537,10,19,0.4222222222222222,1,0,3.8,8,0.5571428571428572,2024_21_education_binary_higher,education_binary,phi_012
2024_21_education_binary_higher__phi_012_stable,2024,21,Kentucky,higher,4354,1936374.5347241838,2008.8820964480537,10,13,0.28888888888888886,2,1,2.6,6,0.5,2024_21_education_binary_higher,education_binary,phi_012_stable
2024_21_education_binary_higher__phi_014,2024,21,Kentucky,higher,4354,1936374.5347241838,2008.8820964480537,10,15,0.3333333333333333,1,0,3.0,6,0.5581395348837209,2024_21_education_binary_higher,education_binary,phi_014
2024_21_education_binary_lower__phi_010,2024,21,Kentucky,lower,3069,1609298.8677892587,1412.4119306071798,10,31,0.6888888888888889,1,0,6.2,9,0.770949720670391,2024_21_education_binary_lower,education_binary,phi_010
2024_21_education_binary_lower__phi_012,2024,21,Kentucky,lower,3069,1609298.8677892587,1412.4119306071798,10,26,0.5777777777777777,1,0,5.2,9,0.6923076923076923,2024_21_education_binary_lower,education_binary,phi_012
2024_21_education_binary_lower__phi_012_stable,2024,21,Kentucky,lower,3069,1609298.8677892587,1412.4119306071798,10,21,0.4666666666666667,1,0,4.2,9,0.5517241379310345,2024_21_education_binary_lower,education_binary,phi_012_stable
2024_21_education_binary_lower__phi_014,2024,21,Kentucky,lower,3069,1609298.8677892587,1412.4119306071798,10,24,0.5333333333333333,1,0,4.8,9,0.6106194690265486,2024_21_education_binary_lower,education_binary,phi_014
2024_22_education_binary_higher__phi_010,2024,22,Louisiana,higher,2812,1862364.2919029004,1889.9302944403225,10,23,0.5111111111111111,1,0,4.6,9,0.57,2024_22_education_binary_higher,education_binary,phi_010
2024_22_education_binary_higher__phi_012,2024,22,Louisiana,higher,2812,1862364.2919029004,1889.9302944403225,10,19,0.4222222222222222,1,0,3.8,9,0.4931506849315068,2024_22_education_binary_higher,education_binary,phi_012
2024_22_education_binary_higher__phi_012_stable,2024,22,Louisiana,higher,2812,1862364.2919029004,1889.9302944403225,10,10,0.2222222222222222,2,1,2.0,5,0.3157894736842105,2024_22_education_binary_higher,education_binary,phi_012_stable
2024_22_education_binary_higher__phi_014,2024,22,Louisiana,higher,2812,1862364.2919029004,1889.9302944403225,10,12,0.26666666666666666,2,1,2.4,5,0.5357142857142857,2024_22_education_binary_higher,education_binary,phi_014
2024_22_education_binary_lower__phi_010,2024,22,Louisiana,lower,1715,1649226.4179916596,1196.7703835082584,10,24,0.5333333333333333,1,0,4.8,8,0.6964285714285714,2024_22_education_binary_lower,education_binary,phi_010
2024_22_education_binary_lower__phi_012,2024,22,Louisiana,lower,1715,1649226.4179916596,1196.7703835082584,10,21,0.4666666666666667,1,0,4.2,7,0.6219512195121951,2024_22_education_binary_lower,education_binary,phi_012
2024_22_education_binary_lower__phi_012_stable,2024,22,Louisiana,lower,1715,1649226.4179916596,1196.7703835082584,10,13,0.28888888888888886,2,0,2.6,5,0.6,2024_22_education_binary_lower,education_binary,phi_012_stable
2024_22_education_binary_lower__phi_014,2024,22,Louisiana,lower,1715,1649226.4179916596,1196.7703835082584,10,15,0.3333333333333333,2,0,3.0,5,0.5853658536585366,2024_22_education_binary_lower,education_binary,phi_014
2024_23_education_binary_higher__phi_010,2024,23,Maine,higher,8423,725592.1666201503,4636.618769279256,10,22,0.4888888888888889,1,0,4.4,8,0.6702127659574468,2024_23_education_binary_higher,education_binary,phi_010
2024_23_education_binary_higher__phi_012,2024,23,Maine,higher,8423,725592.1666201503,4636.618769279256,10,15,0.3333333333333333,1,0,3.0,6,0.5121951219512195,2024_23_education_binary_higher,education_binary,phi_012
2024_23_education_binary_higher__phi_012_stable,2024,23,Maine,higher,8423,725592.1666201503,4636.618769279256,10,12,0.26666666666666666,2,1,2.4,5,0.5,2024_23_education_binary_higher,education_binary,phi_012_stable
2024_23_education_binary_higher__phi_014,2024,23,Maine,higher,8423,725592.1666201503,4636.618769279256,10,12,0.26666666666666666,2,1,2.4,5,0.5,2024_23_education_binary_higher,education_binary,phi_014
2024_23_education_binary_lower__phi_010,2024,23,Maine,lower,3684,437862.32863452804,2027.2101333377814,10,28,0.6222222222222222,1,0,5.6,9,0.7449664429530202,2024_23_education_binary_lower,education_binary,phi_010
2024_23_education_binary_lower__phi_012,2024,23,Maine,lower,3684,437862.32863452804,2027.2101333377814,10,25,0.5555555555555556,1,0,5.0,8,0.7058823529411765,2024_23_education_binary_lower,education_binary,phi_012
2024_23_education_binary_lower__phi_012_stable,2024,23,Maine,lower,3684,437862.32863452804,2027.2101333377814,10,17,0.37777777777777777,1,0,3.4,7,0.5357142857142857,2024_23_education_binary_lower,education_binary,phi_012_stable
2024_23_education_binary_lower__phi_014,2024,23,Maine,lower,3684,437862.32863452804,2027.2101333377814,10,20,0.4444444444444444,1,0,4.0,7,0.5921052631578947,2024_23_education_binary_lower,education_binary,phi_014
2024_24_education_binary_higher__phi_010,2024,24,Maryland,higher,10060,3162209.519608372,4953.051330082285,10,17,0.37777777777777777,1,0,3.4,7,0.5660377358490566,2024_24_education_binary_higher,education_binary,phi_010
2024_24_education_binary_higher__phi_012,2024,24,Maryland,higher,10060,3162209.519608372,4953.051330082285,10,12,0.26666666666666666,1,0,2.4,6,0.34615384615384615,2024_24_education_binary_higher,education_binary,phi_012
2024_24_education_binary_higher__phi_012_stable,2024,24,Maryland,higher,10060,3162209.519608372,4953.051330082285,10,8,0.17777777777777778,3,1,1.6,3,0.3,2024_24_education_binary_higher,education_binary,phi_012_stable
2024_24_education_binary_higher__phi_014,2024,24,Maryland,higher,10060,3162209.519608372,4953.051330082285,10,9,0.2,2,0,1.8,3,0.2727272727272727,2024_24_education_binary_higher,education_binary,phi_014
2024_24_education_binary_lower__phi_010,2024,24,Maryland,lower,4293,1695905.691828206,1943.0898228214621,10,19,0.4222222222222222,1,0,3.8,7,0.5373134328358209,2024_24_education_binary_lower,education_binary,phi_010
2024_24_education_binary_lower__phi_012,2024,24,Maryland,lower,4293,1695905.691828206,1943.0898228214621,10,16,0.35555555555555557,1,0,3.2,7,0.4897959183673469,2024_24_education_binary_lower,education_binary,phi_012
2024_24_education_binary_lower__phi_012_stable,2024,24,Maryland,lower,4293,1695905.691828206,1943.0898228214621,10,12,0.26666666666666666,2,1,2.4,6,0.5,2024_24_education_binary_lower,education_binary,phi_012_stable
2024_24_education_binary_lower__phi_014,2024,24,Maryland,lower,4293,1695905.691828206,1943.0898228214621,10,13,0.28888888888888886,2,1,2.6,6,0.5,2024_24_education_binary_lower,education_binary,phi_014
2024_25_education_binary_higher__phi_010,2024,25,Massachusetts,higher,7012,3798851.2897846736,4474.181276278983,10,16,0.35555555555555557,2,1,3.2,7,0.5454545454545454,2024_25_education_binary_higher,education_binary,phi_010
2024_25_education_binary_higher__phi_012,2024,25,Massachusetts,higher,7012,3798851.2897846736,4474.181276278983,10,12,0.26666666666666666,3,2,2.4,7,0.42857142857142855,2024_25_education_binary_higher,education_binary,phi_012
2024_25_education_binary_higher__phi_012_stable,2024,25,Massachusetts,higher,7012,3798851.2897846736,4474.181276278983,10,8,0.17777777777777778,3,2,1.6,6,0.16666666666666666,2024_25_education_binary_higher,education_binary,phi_012_stable
2024_25_education_binary_higher__phi_014,2024,25,Massachusetts,higher,7012,3798851.2897846736,4474.181276278983,10,8,0.17777777777777778,3,2,1.6,6,0.16666666666666666,2024_25_education_binary_higher,education_binary,phi_014
2024_25_education_binary_lower__phi_010,2024,25,Massachusetts,lower,2407,1877092.2262665478,1448.0774544741696,10,26,0.5777777777777777,1,0,5.2,9,0.6666666666666666,2024_25_education_binary_lower,education_binary,phi_010
2024_25_education_binary_lower__phi_012,2024,25,Massachusetts,lower,2407,1877092.2262665478,1448.0774544741696,10,21,0.4666666666666667,1,0,4.2,9,0.5357142857142857,2024_25_education_binary_lower,education_binary,phi_012
2024_25_education_binary_lower__phi_012_stable,2024,25,Massachusetts,lower,2407,1877092.2262665478,1448.0774544741696,10,10,0.2222222222222222,2,1,2.0,5,0.3333333333333333,2024_25_education_binary_lower,education_binary,phi_012_stable
2024_25_education_binary_lower__phi_014,2024,25,Massachusetts,lower,2407,1877092.2262665478,1448.0774544741696,10,16,0.35555555555555557,1,0,3.2,7,0.3829787234042553,2024_25_education_binary_lower,education_binary,phi_014
2024_26_education_binary_higher__phi_010,2024,26,Michigan,higher,7896,4922420.4617929775,3983.5438094240053,10,21,0.4666666666666667,1,0,4.2,9,0.5581395348837209,2024_26_education_binary_higher,education_binary,phi_010
2024_26_education_binary_higher__phi_012,2024,26,Michigan,higher,7896,4922420.4617929775,3983.5438094240053,10,17,0.37777777777777777,1,0,3.4,7,0.6,2024_26_education_binary_higher,education_binary,phi_012
2024_26_education_binary_higher__phi_012_stable,2024,26,Michigan,higher,7896,4922420.4617929775,3983.5438094240053,10,13,0.28888888888888886,1,0,2.6,5,0.42857142857142855,2024_26_education_binary_higher,education_binary,phi_012_stable
2024_26_education_binary_higher__phi_014,2024,26,Michigan,higher,7896,4922420.4617929775,3983.5438094240053,10,13,0.28888888888888886,1,0,2.6,5,0.42857142857142855,2024_26_education_binary_higher,education_binary,phi_014
2024_26_education_binary_lower__phi_010,2024,26,Michigan,lower,3461,3029650.82284724,1619.1061023899174,10,23,0.5111111111111111,1,0,4.6,9,0.6116504854368932,2024_26_education_binary_lower,education_binary,phi_010
2024_26_education_binary_lower__phi_012,2024,26,Michigan,lower,3461,3029650.82284724,1619.1061023899174,10,20,0.4444444444444444,1,0,4.0,8,0.5131578947368421,2024_26_education_binary_lower,education_binary,phi_012
2024_26_education_binary_lower__phi_012_stable,2024,26,Michigan,lower,3461,3029650.82284724,1619.1061023899174,10,17,0.37777777777777777,1,0,3.4,8,0.47368421052631576,2024_26_education_binary_lower,education_binary,phi_012_stable
2024_26_education_binary_lower__phi_014,2024,26,Michigan,lower,3461,3029650.82284724,1619.1061023899174,10,17,0.37777777777777777,1,0,3.4,8,0.47368421052631576,2024_26_education_binary_lower,education_binary,phi_014
2024_27_education_binary_higher__phi_010,2024,27,Minnesota,higher,11320,3049769.3374483963,7480.149853497428,10,17,0.37777777777777777,1,0,3.4,8,0.46551724137931033,2024_27_education_binary_higher,education_binary,phi_010
2024_27_education_binary_higher__phi_012,2024,27,Minnesota,higher,11320,3049769.3374483963,7480.149853497428,10,14,0.3111111111111111,1,0,2.8,6,0.4864864864864865,2024_27_education_binary_higher,education_binary,phi_012
2024_27_education_binary_higher__phi_012_stable,2024,27,Minnesota,higher,11320,3049769.3374483963,7480.149853497428,10,9,0.2,3,2,1.8,4,0.35294117647058826,2024_27_education_binary_higher,education_binary,phi_012_stable
2024_27_education_binary_higher__phi_014,2024,27,Minnesota,higher,11320,3049769.3374483963,7480.149853497428,10,9,0.2,3,2,1.8,4,0.35294117647058826,2024_27_education_binary_higher,education_binary,phi_014
2024_27_education_binary_lower__phi_010,2024,27,Minnesota,lower,3796,1433682.764220737,2366.5996959991594,10,24,0.5333333333333333,1,0,4.8,9,0.6055045871559633,2024_27_education_binary_lower,education_binary,phi_010
2024_27_education_binary_lower__phi_012,2024,27,Minnesota,lower,3796,1433682.764220737,2366.5996959991594,10,19,0.4222222222222222,1,0,3.8,8,0.5142857142857142,2024_27_education_binary_lower,education_binary,phi_012
2024_27_education_binary_lower__phi_012_stable,2024,27,Minnesota,lower,3796,1433682.764220737,2366.5996959991594,10,11,0.24444444444444444,2,1,2.2,5,0.375,2024_27_education_binary_lower,education_binary,phi_012_stable
2024_27_education_binary_lower__phi_014,2024,27,Minnesota,lower,3796,1433682.764220737,2366.5996959991594,10,13,0.28888888888888886,1,0,2.6,5,0.4,2024_27_education_binary_lower,education_binary,phi_014
2024_29_education_binary_higher__phi_010,2024,29,Missouri,higher,4630,2921910.05116975,2499.145587114158,10,20,0.4444444444444444,1,0,4.0,9,0.525,2024_29_education_binary_higher,education_binary,phi_010
2024_29_education_binary_higher__phi_012,2024,29,Missouri,higher,4630,2921910.05116975,2499.145587114158,10,18,0.4,1,0,3.6,8,0.5238095238095238,2024_29_education_binary_higher,education_binary,phi_012
2024_29_education_binary_higher__phi_012_stable,2024,29,Missouri,higher,4630,2921910.05116975,2499.145587114158,10,13,0.28888888888888886,1,0,2.6,5,0.3,2024_29_education_binary_higher,education_binary,phi_012_stable
2024_29_education_binary_higher__phi_014,2024,29,Missouri,higher,4630,2921910.05116975,2499.145587114158,10,14,0.3111111111111111,1,0,2.8,6,0.40540540540540543,2024_29_education_binary_higher,education_binary,phi_014
2024_29_education_binary_lower__phi_010,2024,29,Missouri,lower,2654,1960542.4577685364,1389.1519860299213,10,25,0.5555555555555556,1,0,5.0,9,0.6101694915254238,2024_29_education_binary_lower,education_binary,phi_010
2024_29_education_binary_lower__phi_012,2024,29,Missouri,lower,2654,1960542.4577685364,1389.1519860299213,10,20,0.4444444444444444,1,0,4.0,7,0.5675675675675675,2024_29_education_binary_lower,education_binary,phi_012
2024_29_education_binary_lower__phi_012_stable,2024,29,Missouri,lower,2654,1960542.4577685364,1389.1519860299213,10,11,0.24444444444444444,3,1,2.2,5,0.5,2024_29_education_binary_lower,education_binary,phi_012_stable
2024_29_education_binary_lower__phi_014,2024,29,Missouri,lower,2654,1960542.4577685364,1389.1519860299213,10,14,0.3111111111111111,1,0,2.8,6,0.5,2024_29_education_binary_lower,education_binary,phi_014
2024_30_education_binary_higher__phi_010,2024,30,Montana,higher,4862,593710.7976748479,3000.783502257326,10,20,0.4444444444444444,1,0,4.0,8,0.5454545454545454,2024_30_education_binary_higher,education_binary,phi_010
2024_30_education_binary_higher__phi_012,2024,30,Montana,higher,4862,593710.7976748479,3000.783502257326,10,13,0.28888888888888886,1,0,2.6,5,0.4,2024_30_education_binary_higher,education_binary,phi_012
2024_30_education_binary_higher__phi_012_stable,2024,30,Montana,higher,4862,593710.7976748479,3000.783502257326,10,4,0.08888888888888889,6,4,0.8,2,0.0,2024_30_education_binary_higher,education_binary,phi_012_stable
2024_30_education_binary_higher__phi_014,2024,30,Montana,higher,4862,593710.7976748479,3000.783502257326,10,8,0.17777777777777778,3,2,1.6,3,0.0,2024_30_education_binary_higher,education_binary,phi_014
2024_30_education_binary_lower__phi_010,2024,30,Montana,lower,1934,327175.7462438034,1235.6071405913256,10,30,0.6666666666666666,1,0,6.0,9,0.7988165680473372,2024_30_education_binary_lower,education_binary,phi_010
2024_30_education_binary_lower__phi_012,2024,30,Montana,lower,1934,327175.7462438034,1235.6071405913256,10,26,0.5777777777777777,1,0,5.2,8,0.703125,2024_30_education_binary_lower,education_binary,phi_012
2024_30_education_binary_lower__phi_012_stable,2024,30,Montana,lower,1934,327175.7462438034,1235.6071405913256,10,13,0.28888888888888886,2,0,2.6,5,0.5,2024_30_education_binary_lower,education_binary,phi_012_stable
2024_30_education_binary_lower__phi_014,2024,30,Montana,lower,1934,327175.7462438034,1235.6071405913256,10,20,0.4444444444444444,1,0,4.0,7,0.7012987012987013,2024_30_education_binary_lower,education_binary,phi_014
2024_31_education_binary_higher__phi_010,2024,31,Nebraska,higher,7859,993022.9338147017,3976.8806006961954,10,20,0.4444444444444444,2,1,4.0,7,0.7586206896551724,2024_31_education_binary_higher,education_binary,phi_010
2024_31_education_binary_higher__phi_012,2024,31,Nebraska,higher,7859,993022.9338147017,3976.8806006961954,10,16,0.35555555555555557,2,1,3.2,6,0.6545454545454545,2024_31_education_binary_higher,education_binary,phi_012
2024_31_education_binary_higher__phi_012_stable,2024,31,Nebraska,higher,7859,993022.9338147017,3976.8806006961954,10,11,0.24444444444444444,3,1,2.2,5,0.6,2024_31_education_binary_higher,education_binary,phi_012_stable
2024_31_education_binary_higher__phi_014,2024,31,Nebraska,higher,7859,993022.9338147017,3976.8806006961954,10,12,0.26666666666666666,3,1,2.4,5,0.6206896551724138,2024_31_education_binary_higher,education_binary,phi_014
2024_31_education_binary_lower__phi_010,2024,31,Nebraska,lower,4788,529792.8821209782,2250.515294864432,10,27,0.6,1,0,5.4,8,0.6906474820143885,2024_31_education_binary_lower,education_binary,phi_010
2024_31_education_binary_lower__phi_012,2024,31,Nebraska,lower,4788,529792.8821209782,2250.515294864432,10,25,0.5555555555555556,1,0,5.0,8,0.7,2024_31_education_binary_lower,education_binary,phi_012
2024_31_education_binary_lower__phi_012_stable,2024,31,Nebraska,lower,4788,529792.8821209782,2250.515294864432,10,15,0.3333333333333333,1,0,3.0,6,0.4186046511627907,2024_31_education_binary_lower,education_binary,phi_012_stable
2024_31_education_binary_lower__phi_014,2024,31,Nebraska,lower,4788,529792.8821209782,2250.515294864432,10,21,0.4666666666666667,1,0,4.2,7,0.6352941176470588,2024_31_education_binary_lower,education_binary,phi_014
2024_33_education_binary_higher__phi_010,2024,33,New Hampshire,higher,5169,761648.8632875538,2177.6596047464554,10,18,0.4,1,0,3.6,7,0.5538461538461539,2024_33_education_binary_higher,education_binary,phi_010
2024_33_education_binary_higher__phi_012,2024,33,New Hampshire,higher,5169,761648.8632875538,2177.6596047464554,10,14,0.3111111111111111,3,2,2.8,6,0.574468085106383,2024_33_education_binary_higher,education_binary,phi_012
2024_33_education_binary_higher__phi_012_stable,2024,33,New Hampshire,higher,5169,761648.8632875538,2177.6596047464554,10,8,0.17777777777777778,3,2,1.6,4,0.25,2024_33_education_binary_higher,education_binary,phi_012_stable
2024_33_education_binary_higher__phi_014,2024,33,New Hampshire,higher,5169,761648.8632875538,2177.6596047464554,10,9,0.2,3,2,1.8,4,0.1875,2024_33_education_binary_higher,education_binary,phi_014
2024_33_education_binary_lower__phi_010,2024,33,New Hampshire,lower,1774,399963.9394737753,752.1485143722185,10,23,0.5111111111111111,1,0,4.6,7,0.6494845360824743,2024_33_education_binary_lower,education_binary,phi_010
2024_33_education_binary_lower__phi_012,2024,33,New Hampshire,lower,1774,399963.9394737753,752.1485143722185,10,16,0.35555555555555557,1,0,3.2,6,0.4666666666666667,2024_33_education_binary_lower,education_binary,phi_012
2024_33_education_binary_lower__phi_012_stable,2024,33,New Hampshire,lower,1774,399963.9394737753,752.1485143722185,10,7,0.15555555555555556,4,2,1.4,3,0.375,2024_33_education_binary_lower,education_binary,phi_012_stable
2024_33_education_binary_lower__phi_014,2024,33,New Hampshire,lower,1774,399963.9394737753,752.1485143722185,10,10,0.2222222222222222,2,1,2.0,4,0.35294117647058826,2024_33_education_binary_lower,education_binary,phi_014
2024_34_education_binary_higher__phi_010,2024,34,New Jersey,higher,5993,4650152.57279034,3160.4830058111843,10,19,0.4222222222222222,1,0,3.8,8,0.5217391304347826,2024_34_education_binary_higher,education_binary,phi_010
2024_34_education_binary_higher__phi_012,2024,34,New Jersey,higher,5993,4650152.57279034,3160.4830058111843,10,10,0.2222222222222222,2,1,2.0,4,0.3333333333333333,2024_34_education_binary_higher,education_binary,phi_012
2024_34_education_binary_higher__phi_012_stable,2024,34,New Jersey,higher,5993,4650152.57279034,3160.4830058111843,10,7,0.15555555555555556,4,3,1.4,4,0.3,2024_34_education_binary_higher,education_binary,phi_012_stable
2024_34_education_binary_higher__phi_014,2024,34,New Jersey,higher,5993,4650152.57279034,3160.4830058111843,10,9,0.2,2,1,1.8,4,0.21428571428571427,2024_34_education_binary_higher,education_binary,phi_014
2024_34_education_binary_lower__phi_010,2024,34,New Jersey,lower,2562,2649371.9217330497,1375.1070022580977,10,21,0.4666666666666667,1,0,4.2,7,0.6071428571428571,2024_34_education_binary_lower,education_binary,phi_010
2024_34_education_binary_lower__phi_012,2024,34,New Jersey,lower,2562,2649371.9217330497,1375.1070022580977,10,16,0.35555555555555557,1,0,3.2,5,0.5106382978723404,2024_34_education_binary_lower,education_binary,phi_012
2024_34_education_binary_lower__phi_012_stable,2024,34,New Jersey,lower,2562,2649371.9217330497,1375.1070022580977,10,9,0.2,2,1,1.8,4,0.25,2024_34_education_binary_lower,education_binary,phi_012_stable
2024_34_education_binary_lower__phi_014,2024,34,New Jersey,lower,2562,2649371.9217330497,1375.1070022580977,10,13,0.28888888888888886,1,0,2.6,5,0.4838709677419355,2024_34_education_binary_lower,education_binary,phi_014
2024_35_education_binary_higher__phi_010,2024,35,New Mexico,higher,2247,985838.6983422602,927.6900535729361,10,19,0.4222222222222222,1,0,3.8,6,0.5373134328358209,2024_35_education_binary_higher,education_binary,phi_010
2024_35_education_binary_higher__phi_012,2024,35,New Mexico,higher,2247,985838.6983422602,927.6900535729361,10,14,0.3111111111111111,1,0,2.8,5,0.4166666666666667,2024_35_education_binary_higher,education_binary,phi_012
2024_35_education_binary_higher__phi_012_stable,2024,35,New Mexico,higher,2247,985838.6983422602,927.6900535729361,10,2,0.044444444444444446,8,6,0.4,1,0.0,2024_35_education_binary_higher,education_binary,phi_012_stable
2024_35_education_binary_higher__phi_014,2024,35,New Mexico,higher,2247,985838.6983422602,927.6900535729361,10,10,0.2222222222222222,2,1,2.0,4,0.3157894736842105,2024_35_education_binary_higher,education_binary,phi_014
2024_35_education_binary_lower__phi_010,2024,35,New Mexico,lower,1136,680870.8672405959,542.8621097429867,10,21,0.4666666666666667,1,0,4.2,8,0.6551724137931034,2024_35_education_binary_lower,education_binary,phi_010
2024_35_education_binary_lower__phi_012,2024,35,New Mexico,lower,1136,680870.8672405959,542.8621097429867,10,17,0.37777777777777777,1,0,3.4,8,0.47368421052631576,2024_35_education_binary_lower,education_binary,phi_012
2024_35_education_binary_lower__phi_012_stable,2024,35,New Mexico,lower,1136,680870.8672405959,542.8621097429867,10,9,0.2,2,1,1.8,6,0.15789473684210525,2024_35_education_binary_lower,education_binary,phi_012_stable
2024_35_education_binary_lower__phi_014,2024,35,New Mexico,lower,1136,680870.8672405959,542.8621097429867,10,14,0.3111111111111111,1,0,2.8,6,0.39473684210526316,2024_35_education_binary_lower,education_binary,phi_014
2024_36_education_binary_higher__phi_010,2024,36,New York,higher,29310,9621094.602646858,11160.789816107823,10,19,0.4222222222222222,1,0,3.8,7,0.5373134328358209,2024_36_education_binary_higher,education_binary,phi_010
2024_36_education_binary_higher__phi_012,2024,36,New York,higher,29310,9621094.602646858,11160.789816107823,10,14,0.3111111111111111,1,0,2.8,6,0.4864864864864865,2024_36_education_binary_higher,education_binary,phi_012
2024_36_education_binary_higher__phi_012_stable,2024,36,New York,higher,29310,9621094.602646858,11160.789816107823,10,13,0.28888888888888886,1,0,2.6,5,0.4838709677419355,2024_36_education_binary_higher,education_binary,phi_012_stable
2024_36_education_binary_higher__phi_014,2024,36,New York,higher,29310,9621094.602646858,11160.789816107823,10,12,0.26666666666666666,1,0,2.4,5,0.36,2024_36_education_binary_higher,education_binary,phi_014
2024_36_education_binary_lower__phi_010,2024,36,New York,lower,14299,5750332.378887327,5674.972134479502,10,21,0.4666666666666667,1,0,4.2,9,0.5517241379310345,2024_36_education_binary_lower,education_binary,phi_010
2024_36_education_binary_lower__phi_012,2024,36,New York,lower,14299,5750332.378887327,5674.972134479502,10,18,0.4,1,0,3.6,8,0.5238095238095238,2024_36_education_binary_lower,education_binary,phi_012
2024_36_education_binary_lower__phi_012_stable,2024,36,New York,lower,14299,5750332.378887327,5674.972134479502,10,15,0.3333333333333333,1,0,3.0,6,0.5,2024_36_education_binary_lower,education_binary,phi_012_stable
2024_36_education_binary_lower__phi_014,2024,36,New York,lower,14299,5750332.378887327,5674.972134479502,10,14,0.3111111111111111,1,0,2.8,5,0.42857142857142855,2024_36_education_binary_lower,education_binary,phi_014
2024_37_education_binary_higher__phi_010,2024,37,North Carolina,higher,2960,5459736.264063175,2078.2171271473208,10,21,0.4666666666666667,1,0,4.2,8,0.5294117647058824,2024_37_education_binary_higher,education_binary,phi_010
2024_37_education_binary_higher__phi_012,2024,37,North Carolina,higher,2960,5459736.264063175,2078.2171271473208,10,18,0.4,1,0,3.6,7,0.43548387096774194,2024_37_education_binary_higher,education_binary,phi_012
2024_37_education_binary_higher__phi_012_stable,2024,37,North Carolina,higher,2960,5459736.264063175,2078.2171271473208,10,9,0.2,3,2,1.8,4,0.35294117647058826,2024_37_education_binary_higher,education_binary,phi_012_stable
2024_37_education_binary_higher__phi_014,2024,37,North Carolina,higher,2960,5459736.264063175,2078.2171271473208,10,12,0.26666666666666666,1,0,2.4,5,0.41379310344827586,2024_37_education_binary_higher,education_binary,phi_014
2024_37_education_binary_lower__phi_010,2024,37,North Carolina,lower,1342,3247399.289531606,924.8797638796066,10,27,0.6,1,0,5.4,9,0.7058823529411765,2024_37_education_binary_lower,education_binary,phi_010
2024_37_education_binary_lower__phi_012,2024,37,North Carolina,lower,1342,3247399.289531606,924.8797638796066,10,20,0.4444444444444444,1,0,4.0,7,0.43478260869565216,2024_37_education_binary_lower,education_binary,phi_012
2024_37_education_binary_lower__phi_012_stable,2024,37,North Carolina,lower,1342,3247399.289531606,924.8797638796066,10,11,0.24444444444444444,2,1,2.2,5,0.3,2024_37_education_binary_lower,education_binary,phi_012_stable
2024_37_education_binary_lower__phi_014,2024,37,North Carolina,lower,1342,3247399.289531606,924.8797638796066,10,16,0.35555555555555557,1,0,3.2,6,0.3488372093023256,2024_37_education_binary_lower,education_binary,phi_014
2024_38_education_binary_higher__phi_010,2024,38,North Dakota,higher,4069,407616.40247219446,2613.831207062685,10,17,0.37777777777777777,1,0,3.4,8,0.5172413793103449,2024_38_education_binary_higher,education_binary,phi_010
2024_38_education_binary_higher__phi_012,2024,38,North Dakota,higher,4069,407616.40247219446,2613.831207062685,10,14,0.3111111111111111,1,0,2.8,6,0.5,2024_38_education_binary_higher,education_binary,phi_012
2024_38_education_binary_higher__phi_012_stable,2024,38,North Dakota,higher,4069,407616.40247219446,2613.831207062685,10,10,0.2222222222222222,2,0,2.0,4,0.35294117647058826,2024_38_education_binary_higher,education_binary,phi_012_stable
2024_38_education_binary_higher__phi_014,2024,38,North Dakota,higher,4069,407616.40247219446,2613.831207062685,10,12,0.26666666666666666,2,0,2.4,4,0.5,2024_38_education_binary_higher,education_binary,phi_014
2024_38_education_binary_lower__phi_010,2024,38,North Dakota,lower,1770,198881.2684100977,994.9966106420802,10,30,0.6666666666666666,1,0,6.0,9,0.7894736842105263,2024_38_education_binary_lower,education_binary,phi_010
2024_38_education_binary_lower__phi_012,2024,38,North Dakota,lower,1770,198881.2684100977,994.9966106420802,10,26,0.5777777777777777,1,0,5.2,8,0.75,2024_38_education_binary_lower,education_binary,phi_012
2024_38_education_binary_lower__phi_012_stable,2024,38,North Dakota,lower,1770,198881.2684100977,994.9966106420802,10,15,0.3333333333333333,1,0,3.0,5,0.38461538461538464,2024_38_education_binary_lower,education_binary,phi_012_stable
2024_38_education_binary_lower__phi_014,2024,38,North Dakota,lower,1770,198881.2684100977,994.9966106420802,10,21,0.4666666666666667,1,0,4.2,7,0.6896551724137931,2024_38_education_binary_lower,education_binary,phi_014
2024_39_education_binary_higher__phi_010,2024,39,Ohio,higher,6350,5343166.726885438,3083.7716975344806,10,22,0.4888888888888889,1,0,4.4,8,0.6195652173913043,2024_39_education_binary_higher,education_binary,phi_010
2024_39_education_binary_higher__phi_012,2024,39,Ohio,higher,6350,5343166.726885438,3083.7716975344806,10,19,0.4222222222222222,1,0,3.8,7,0.5909090909090909,2024_39_education_binary_higher,education_binary,phi_012
2024_39_education_binary_higher__phi_012_stable,2024,39,Ohio,higher,6350,5343166.726885438,3083.7716975344806,10,10,0.2222222222222222,2,1,2.0,4,0.3333333333333333,2024_39_education_binary_higher,education_binary,phi_012_stable
2024_39_education_binary_higher__phi_014,2024,39,Ohio,higher,6350,5343166.726885438,3083.7716975344806,10,12,0.26666666666666666,1,0,2.4,4,0.2727272727272727,2024_39_education_binary_higher,education_binary,phi_014
2024_39_education_binary_lower__phi_010,2024,39,Ohio,lower,3784,3942732.1108005126,1693.9230566236724,10,30,0.6666666666666666,1,0,6.0,9,0.75,2024_39_education_binary_lower,education_binary,phi_010
2024_39_education_binary_lower__phi_012,2024,39,Ohio,lower,3784,3942732.1108005126,1693.9230566236724,10,27,0.6,1,0,5.4,9,0.7446808510638298,2024_39_education_binary_lower,education_binary,phi_012
2024_39_education_binary_lower__phi_012_stable,2024,39,Ohio,lower,3784,3942732.1108005126,1693.9230566236724,10,16,0.35555555555555557,1,0,3.2,7,0.4897959183673469,2024_39_education_binary_lower,education_binary,phi_012_stable
2024_39_education_binary_lower__phi_014,2024,39,Ohio,lower,3784,3942732.1108005126,1693.9230566236724,10,20,0.4444444444444444,1,0,4.0,7,0.5921052631578947,2024_39_education_binary_lower,education_binary,phi_014
2024_40_education_binary_higher__phi_010,2024,40,Oklahoma,higher,4640,1775143.7919750924,3474.207187835976,10,24,0.5333333333333333,1,0,4.8,8,0.6,2024_40_education_binary_higher,education_binary,phi_010
2024_40_education_binary_higher__phi_012,2024,40,Oklahoma,higher,4640,1775143.7919750924,3474.207187835976,10,21,0.4666666666666667,1,0,4.2,8,0.5714285714285714,2024_40_education_binary_higher,education_binary,phi_012
2024_40_education_binary_higher__phi_012_stable,2024,40,Oklahoma,higher,4640,1775143.7919750924,3474.207187835976,10,13,0.28888888888888886,2,0,2.6,5,0.4838709677419355,2024_40_education_binary_higher,education_binary,phi_012_stable
2024_40_education_binary_higher__phi_014,2024,40,Oklahoma,higher,4640,1775143.7919750924,3474.207187835976,10,14,0.3111111111111111,2,0,2.8,5,0.5675675675675675,2024_40_education_binary_higher,education_binary,phi_014
2024_40_education_binary_lower__phi_010,2024,40,Oklahoma,lower,2399,1377727.5273168432,1789.8035377723038,10,26,0.5777777777777777,1,0,5.2,9,0.65625,2024_40_education_binary_lower,education_binary,phi_010
2024_40_education_binary_lower__phi_012,2024,40,Oklahoma,lower,2399,1377727.5273168432,1789.8035377723038,10,21,0.4666666666666667,1,0,4.2,9,0.5454545454545454,2024_40_education_binary_lower,education_binary,phi_012
2024_40_education_binary_lower__phi_012_stable,2024,40,Oklahoma,lower,2399,1377727.5273168432,1789.8035377723038,10,14,0.3111111111111111,1,0,2.8,6,0.46153846153846156,2024_40_education_binary_lower,education_binary,phi_012_stable
2024_40_education_binary_lower__phi_014,2024,40,Oklahoma,lower,2399,1377727.5273168432,1789.8035377723038,10,17,0.37777777777777777,1,0,3.4,6,0.5555555555555556,2024_40_education_binary_lower,education_binary,phi_014
2024_41_education_binary_higher__phi_010,2024,41,Oregon,higher,4371,2286236.2037291513,3085.875119932635,10,25,0.5555555555555556,1,0,5.0,8,0.6666666666666666,2024_41_education_binary_higher,education_binary,phi_010
2024_41_education_binary_higher__phi_012,2024,41,Oregon,higher,4371,2286236.2037291513,3085.875119932635,10,18,0.4,1,0,3.6,7,0.55,2024_41_education_binary_higher,education_binary,phi_012
2024_41_education_binary_higher__phi_012_stable,2024,41,Oregon,higher,4371,2286236.2037291513,3085.875119932635,10,11,0.24444444444444444,2,1,2.2,5,0.4090909090909091,2024_41_education_binary_higher,education_binary,phi_012_stable
2024_41_education_binary_higher__phi_014,2024,41,Oregon,higher,4371,2286236.2037291513,3085.875119932635,10,13,0.28888888888888886,1,0,2.6,5,0.4838709677419355,2024_41_education_binary_higher,education_binary,phi_014
2024_41_education_binary_lower__phi_010,2024,41,Oregon,lower,1751,1124236.49456104,1266.2942585239007,10,25,0.5555555555555556,1,0,5.0,8,0.7804878048780488,2024_41_education_binary_lower,education_binary,phi_010
2024_41_education_binary_lower__phi_012,2024,41,Oregon,lower,1751,1124236.49456104,1266.2942585239007,10,23,0.5111111111111111,1,0,4.6,8,0.6923076923076923,2024_41_education_binary_lower,education_binary,phi_012
2024_41_education_binary_lower__phi_012_stable,2024,41,Oregon,lower,1751,1124236.49456104,1266.2942585239007,10,13,0.28888888888888886,1,0,2.6,5,0.41379310344827586,2024_41_education_binary_lower,education_binary,phi_012_stable
2024_41_education_binary_lower__phi_014,2024,41,Oregon,lower,1751,1124236.49456104,1266.2942585239007,10,20,0.4444444444444444,1,0,4.0,8,0.5769230769230769,2024_41_education_binary_lower,education_binary,phi_014
2024_42_education_binary_higher__phi_010,2024,42,Pennsylvania,higher,2227,5935573.484570947,1183.4251633014092,10,26,0.5777777777777777,1,0,5.2,9,0.7557251908396947,2024_42_education_binary_higher,education_binary,phi_010
2024_42_education_binary_higher__phi_012,2024,42,Pennsylvania,higher,2227,5935573.484570947,1183.4251633014092,10,20,0.4444444444444444,1,0,4.0,7,0.6,2024_42_education_binary_higher,education_binary,phi_012
2024_42_education_binary_higher__phi_012_stable,2024,42,Pennsylvania,higher,2227,5935573.484570947,1183.4251633014092,10,13,0.28888888888888886,2,0,2.6,4,0.5555555555555556,2024_42_education_binary_higher,education_binary,phi_012_stable
2024_42_education_binary_higher__phi_014,2024,42,Pennsylvania,higher,2227,5935573.484570947,1183.4251633014092,10,18,0.4,1,0,3.6,6,0.6290322580645161,2024_42_education_binary_higher,education_binary,phi_014
2024_42_education_binary_lower__phi_010,2024,42,Pennsylvania,lower,1270,4440885.492662115,672.6166465977429,10,18,0.4,1,0,3.6,6,0.639344262295082,2024_42_education_binary_lower,education_binary,phi_010
2024_42_education_binary_lower__phi_012,2024,42,Pennsylvania,lower,1270,4440885.492662115,672.6166465977429,10,18,0.4,1,0,3.6,6,0.639344262295082,2024_42_education_binary_lower,education_binary,phi_012
2024_42_education_binary_lower__phi_012_stable,2024,42,Pennsylvania,lower,1270,4440885.492662115,672.6166465977429,10,8,0.17777777777777778,4,3,1.6,3,0.25,2024_42_education_binary_lower,education_binary,phi_012_stable
2024_42_education_binary_lower__phi_014,2024,42,Pennsylvania,lower,1270,4440885.492662115,672.6166465977429,10,13,0.28888888888888886,3,1,2.6,5,0.6666666666666666,2024_42_education_binary_lower,education_binary,phi_014
2024_44_education_binary_higher__phi_010,2024,44,Rhode Island,higher,3889,549085.1643150706,2148.1555638105465,10,20,0.4444444444444444,2,1,4.0,7,0.6506024096385542,2024_44_education_binary_higher,education_binary,phi_010
2024_44_education_binary_higher__phi_012,2024,44,Rhode Island,higher,3889,549085.1643150706,2148.1555638105465,10,16,0.35555555555555557,2,1,3.2,6,0.6,2024_44_education_binary_higher,education_binary,phi_012
2024_44_education_binary_higher__phi_012_stable,2024,44,Rhode Island,higher,3889,549085.1643150706,2148.1555638105465,10,10,0.2222222222222222,3,2,2.0,5,0.42857142857142855,2024_44_education_binary_higher,education_binary,phi_012_stable
2024_44_education_binary_higher__phi_014,2024,44,Rhode Island,higher,3889,549085.1643150706,2148.1555638105465,10,14,0.3111111111111111,3,2,2.8,6,0.6136363636363636,2024_44_education_binary_higher,education_binary,phi_014
2024_44_education_binary_lower__phi_010,2024,44,Rhode Island,lower,1547,344951.35020815296,874.5941582743703,10,23,0.5111111111111111,1,0,4.6,9,0.57,2024_44_education_binary_lower,education_binary,phi_010
2024_44_education_binary_lower__phi_012,2024,44,Rhode Island,lower,1547,344951.35020815296,874.5941582743703,10,19,0.4222222222222222,1,0,3.8,7,0.4925373134328358,2024_44_education_binary_lower,education_binary,phi_012
2024_44_education_binary_lower__phi_012_stable,2024,44,Rhode Island,lower,1547,344951.35020815296,874.5941582743703,10,9,0.2,2,1,1.8,4,0.21428571428571427,2024_44_education_binary_lower,education_binary,phi_012_stable
2024_44_education_binary_lower__phi_014,2024,44,Rhode Island,lower,1547,344951.35020815296,874.5941582743703,10,13,0.28888888888888886,1,0,2.6,6,0.35294117647058826,2024_44_education_binary_lower,education_binary,phi_014
2024_45_education_binary_higher__phi_010,2024,45,South Carolina,higher,6319,2611058.1626568246,2202.0190265889314,10,25,0.5555555555555556,1,0,5.0,9,0.6554621848739496,2024_45_education_binary_higher,education_binary,phi_010
2024_45_education_binary_higher__phi_012,2024,45,South Carolina,higher,6319,2611058.1626568246,2202.0190265889314,10,18,0.4,1,0,3.6,8,0.5625,2024_45_education_binary_higher,education_binary,phi_012
2024_45_education_binary_higher__phi_012_stable,2024,45,South Carolina,higher,6319,2611058.1626568246,2202.0190265889314,10,14,0.3111111111111111,2,1,2.8,7,0.4883720930232558,2024_45_education_binary_higher,education_binary,phi_012_stable
2024_45_education_binary_higher__phi_014,2024,45,South Carolina,higher,6319,2611058.1626568246,2202.0190265889314,10,16,0.35555555555555557,2,1,3.2,7,0.5192307692307693,2024_45_education_binary_higher,education_binary,phi_014
2024_45_education_binary_lower__phi_010,2024,45,South Carolina,lower,3099,1751959.5723651028,1047.7923822046807,10,29,0.6444444444444445,1,0,5.8,9,0.7169811320754716,2024_45_education_binary_lower,education_binary,phi_010
2024_45_education_binary_lower__phi_012,2024,45,South Carolina,lower,3099,1751959.5723651028,1047.7923822046807,10,25,0.5555555555555556,1,0,5.0,8,0.6610169491525424,2024_45_education_binary_lower,education_binary,phi_012
2024_45_education_binary_lower__phi_012_stable,2024,45,South Carolina,lower,3099,1751959.5723651028,1047.7923822046807,10,19,0.4222222222222222,1,0,3.8,8,0.5675675675675675,2024_45_education_binary_lower,education_binary,phi_012_stable
2024_45_education_binary_lower__phi_014,2024,45,South Carolina,lower,3099,1751959.5723651028,1047.7923822046807,10,23,0.5111111111111111,1,0,4.6,8,0.6176470588235294,2024_45_education_binary_lower,education_binary,phi_014
2024_46_education_binary_higher__phi_010,2024,46,South Dakota,higher,4085,440365.4332388571,671.7238562297061,10,23,0.5111111111111111,1,0,4.6,9,0.6486486486486487,2024_46_education_binary_higher,education_binary,phi_010
2024_46_education_binary_higher__phi_012,2024,46,South Dakota,higher,4085,440365.4332388571,671.7238562297061,10,19,0.4222222222222222,1,0,3.8,8,0.56,2024_46_education_binary_higher,education_binary,phi_012
2024_46_education_binary_higher__phi_012_stable,2024,46,South Dakota,higher,4085,440365.4332388571,671.7238562297061,10,5,0.1111111111111111,5,2,1.0,2,0.0,2024_46_education_binary_higher,education_binary,phi_012_stable
2024_46_education_binary_higher__phi_014,2024,46,South Dakota,higher,4085,440365.4332388571,671.7238562297061,10,12,0.26666666666666666,2,0,2.4,5,0.4444444444444444,2024_46_education_binary_higher,education_binary,phi_014
2024_46_education_binary_lower__phi_010,2024,46,South Dakota,lower,1742,275346.20757370605,295.6681344471387,10,20,0.4444444444444444,1,0,4.0,6,0.6338028169014085,2024_46_education_binary_lower,education_binary,phi_010
2024_46_education_binary_lower__phi_012,2024,46,South Dakota,lower,1742,275346.20757370605,295.6681344471387,10,16,0.35555555555555557,1,0,3.2,5,0.5714285714285714,2024_46_education_binary_lower,education_binary,phi_012
2024_46_education_binary_lower__phi_012_stable,2024,46,South Dakota,lower,1742,275346.20757370605,295.6681344471387,10,6,0.13333333333333333,4,2,1.2,2,0.0,2024_46_education_binary_lower,education_binary,phi_012_stable
2024_46_education_binary_lower__phi_014,2024,46,South Dakota,lower,1742,275346.20757370605,295.6681344471387,10,13,0.28888888888888886,2,1,2.6,4,0.41379310344827586,2024_46_education_binary_lower,education_binary,phi_014
2024_48_education_binary_higher__phi_010,2024,48,Texas,higher,8268,13937209.437036429,2629.8350880007556,10,24,0.5333333333333333,1,0,4.8,9,0.6,2024_48_education_binary_higher,education_binary,phi_010
2024_48_education_binary_higher__phi_012,2024,48,Texas,higher,8268,13937209.437036429,2629.8350880007556,10,20,0.4444444444444444,1,0,4.0,7,0.5526315789473685,2024_48_education_binary_higher,education_binary,phi_012
2024_48_education_binary_higher__phi_012_stable,2024,48,Texas,higher,8268,13937209.437036429,2629.8350880007556,10,13,0.28888888888888886,1,0,2.6,7,0.4166666666666667,2024_48_education_binary_higher,education_binary,phi_012_stable
2024_48_education_binary_higher__phi_014,2024,48,Texas,higher,8268,13937209.437036429,2629.8350880007556,10,15,0.3333333333333333,1,0,3.0,7,0.45652173913043476,2024_48_education_binary_higher,education_binary,phi_014
2024_48_education_binary_lower__phi_010,2024,48,Texas,lower,3937,9637321.041648518,1199.6741432739143,10,22,0.4888888888888889,1,0,4.4,8,0.5604395604395604,2024_48_education_binary_lower,education_binary,phi_010
2024_48_education_binary_lower__phi_012,2024,48,Texas,lower,3937,9637321.041648518,1199.6741432739143,10,17,0.37777777777777777,1,0,3.4,7,0.5263157894736842,2024_48_education_binary_lower,education_binary,phi_012
2024_48_education_binary_lower__phi_012_stable,2024,48,Texas,lower,3937,9637321.041648518,1199.6741432739143,10,13,0.28888888888888886,2,0,2.6,5,0.4838709677419355,2024_48_education_binary_lower,education_binary,phi_012_stable
2024_48_education_binary_lower__phi_014,2024,48,Texas,lower,3937,9637321.041648518,1199.6741432739143,10,16,0.35555555555555557,1,0,3.2,6,0.4897959183673469,2024_48_education_binary_lower,education_binary,phi_014
2024_49_education_binary_higher__phi_010,2024,49,Utah,higher,8882,1734039.1454278072,5185.42341107576,10,21,0.4666666666666667,1,0,4.2,8,0.5930232558139535,2024_49_education_binary_higher,education_binary,phi_010
2024_49_education_binary_higher__phi_012,2024,49,Utah,higher,8882,1734039.1454278072,5185.42341107576,10,14,0.3111111111111111,1,0,2.8,6,0.4864864864864865,2024_49_education_binary_higher,education_binary,phi_012
2024_49_education_binary_higher__phi_012_stable,2024,49,Utah,higher,8882,1734039.1454278072,5185.42341107576,10,11,0.24444444444444444,3,2,2.2,6,0.5555555555555556,2024_49_education_binary_higher,education_binary,phi_012_stable
2024_49_education_binary_higher__phi_014,2024,49,Utah,higher,8882,1734039.1454278072,5185.42341107576,10,12,0.26666666666666666,2,1,2.4,6,0.5,2024_49_education_binary_higher,education_binary,phi_014
2024_49_education_binary_lower__phi_010,2024,49,Utah,lower,3863,828720.3330767241,2191.5814266343473,10,24,0.5333333333333333,1,0,4.8,9,0.6160714285714286,2024_49_education_binary_lower,education_binary,phi_010
2024_49_education_binary_lower__phi_012,2024,49,Utah,lower,3863,828720.3330767241,2191.5814266343473,10,16,0.35555555555555557,1,0,3.2,8,0.36,2024_49_education_binary_lower,education_binary,phi_012
2024_49_education_binary_lower__phi_012_stable,2024,49,Utah,lower,3863,828720.3330767241,2191.5814266343473,10,11,0.24444444444444444,2,0,2.2,6,0.4090909090909091,2024_49_education_binary_lower,education_binary,phi_012_stable
2024_49_education_binary_lower__phi_014,2024,49,Utah,lower,3863,828720.3330767241,2191.5814266343473,10,12,0.26666666666666666,2,0,2.4,6,0.46153846153846156,2024_49_education_binary_lower,education_binary,phi_014
2024_50_education_binary_higher__phi_010,2024,50,Vermont,higher,5004,353696.77835692256,3143.4605163852284,10,19,0.4222222222222222,1,0,3.8,7,0.6338028169014085,2024_50_education_binary_higher,education_binary,phi_010
2024_50_education_binary_higher__phi_012,2024,50,Vermont,higher,5004,353696.77835692256,3143.4605163852284,10,16,0.35555555555555557,1,0,3.2,6,0.5625,2024_50_education_binary_higher,education_binary,phi_012
2024_50_education_binary_higher__phi_012_stable,2024,50,Vermont,higher,5004,353696.77835692256,3143.4605163852284,10,10,0.2222222222222222,2,1,2.0,4,0.3157894736842105,2024_50_education_binary_higher,education_binary,phi_012_stable
2024_50_education_binary_higher__phi_014,2024,50,Vermont,higher,5004,353696.77835692256,3143.4605163852284,10,11,0.24444444444444444,2,1,2.2,5,0.375,2024_50_education_binary_higher,education_binary,phi_014
2024_50_education_binary_lower__phi_010,2024,50,Vermont,lower,1484,182007.9534789658,899.8185068759475,10,27,0.6,1,0,5.4,9,0.6956521739130435,2024_50_education_binary_lower,education_binary,phi_010
2024_50_education_binary_lower__phi_012,2024,50,Vermont,lower,1484,182007.9534789658,899.8185068759475,10,21,0.4666666666666667,1,0,4.2,7,0.6071428571428571,2024_50_education_binary_lower,education_binary,phi_012
2024_50_education_binary_lower__phi_012_stable,2024,50,Vermont,lower,1484,182007.9534789658,899.8185068759475,10,12,0.26666666666666666,2,0,2.4,4,0.391304347826087,2024_50_education_binary_lower,education_binary,phi_012_stable
2024_50_education_binary_lower__phi_014,2024,50,Vermont,lower,1484,182007.9534789658,899.8185068759475,10,15,0.3333333333333333,1,0,3.0,6,0.42857142857142855,2024_50_education_binary_lower,education_binary,phi_014
2024_51_education_binary_higher__phi_010,2024,51,Virginia,higher,4937,4532942.731241265,2261.1273207622908,10,21,0.4666666666666667,1,0,4.2,8,0.5555555555555556,2024_51_education_binary_higher,education_binary,phi_010
2024_51_education_binary_higher__phi_012,2024,51,Virginia,higher,4937,4532942.731241265,2261.1273207622908,10,17,0.37777777777777777,1,0,3.4,7,0.5172413793103449,2024_51_education_binary_higher,education_binary,phi_012
2024_51_education_binary_higher__phi_012_stable,2024,51,Virginia,higher,4937,4532942.731241265,2261.1273207622908,10,14,0.3111111111111111,1,0,2.8,6,0.4864864864864865,2024_51_education_binary_higher,education_binary,phi_012_stable
2024_51_education_binary_higher__phi_014,2024,51,Virginia,higher,4937,4532942.731241265,2261.1273207622908,10,14,0.3111111111111111,1,0,2.8,6,0.4864864864864865,2024_51_education_binary_higher,education_binary,phi_014
2024_51_education_binary_lower__phi_010,2024,51,Virginia,lower,1902,2395204.445103675,860.7017016981456,10,23,0.5111111111111111,1,0,4.6,8,0.6407766990291263,2024_51_education_binary_lower,education_binary,phi_010
2024_51_education_binary_lower__phi_012,2024,51,Virginia,lower,1902,2395204.445103675,860.7017016981456,10,21,0.4666666666666667,1,0,4.2,8,0.5930232558139535,2024_51_education_binary_lower,education_binary,phi_012
2024_51_education_binary_lower__phi_012_stable,2024,51,Virginia,lower,1902,2395204.445103675,860.7017016981456,10,12,0.26666666666666666,2,1,2.4,5,0.4838709677419355,2024_51_education_binary_lower,education_binary,phi_012_stable
2024_51_education_binary_lower__phi_014,2024,51,Virginia,lower,1902,2395204.445103675,860.7017016981456,10,15,0.3333333333333333,1,0,3.0,6,0.4772727272727273,2024_51_education_binary_lower,education_binary,phi_014
2024_53_education_binary_higher__phi_010,2024,53,Washington,higher,19038,4205144.745568908,11778.233327379865,10,18,0.4,1,0,3.6,7,0.5,2024_53_education_binary_higher,education_binary,phi_010
2024_53_education_binary_higher__phi_012,2024,53,Washington,higher,19038,4205144.745568908,11778.233327379865,10,14,0.3111111111111111,1,0,2.8,6,0.4864864864864865,2024_53_education_binary_higher,education_binary,phi_012
2024_53_education_binary_higher__phi_012_stable,2024,53,Washington,higher,19038,4205144.745568908,11778.233327379865,10,11,0.24444444444444444,1,0,2.2,5,0.15789473684210525,2024_53_education_binary_higher,education_binary,phi_012_stable
2024_53_education_binary_higher__phi_014,2024,53,Washington,higher,19038,4205144.745568908,11778.233327379865,10,11,0.24444444444444444,1,0,2.2,5,0.15789473684210525,2024_53_education_binary_higher,education_binary,phi_014
2024_53_education_binary_lower__phi_010,2024,53,Washington,lower,6573,2004970.2678889353,4167.2291717089565,10,23,0.5111111111111111,1,0,4.6,9,0.5825242718446602,2024_53_education_binary_lower,education_binary,phi_010
2024_53_education_binary_lower__phi_012,2024,53,Washington,lower,6573,2004970.2678889353,4167.2291717089565,10,17,0.37777777777777777,1,0,3.4,7,0.4528301886792453,2024_53_education_binary_lower,education_binary,phi_012
2024_53_education_binary_lower__phi_012_stable,2024,53,Washington,lower,6573,2004970.2678889353,4167.2291717089565,10,12,0.26666666666666666,1,0,2.4,6,0.3333333333333333,2024_53_education_binary_lower,education_binary,phi_012_stable
2024_53_education_binary_lower__phi_014,2024,53,Washington,lower,6573,2004970.2678889353,4167.2291717089565,10,13,0.28888888888888886,1,0,2.6,6,0.2903225806451613,2024_53_education_binary_lower,education_binary,phi_014
2024_54_education_binary_higher__phi_010,2024,54,West Virginia,higher,3465,698093.1435300009,2376.2167044606354,10,21,0.4666666666666667,1,0,4.2,8,0.5185185185185185,2024_54_education_binary_higher,education_binary,phi_010
2024_54_education_binary_higher__phi_012,2024,54,West Virginia,higher,3465,698093.1435300009,2376.2167044606354,10,15,0.3333333333333333,1,0,3.0,6,0.5454545454545454,2024_54_education_binary_higher,education_binary,phi_012
2024_54_education_binary_higher__phi_012_stable,2024,54,West Virginia,higher,3465,698093.1435300009,2376.2167044606354,10,13,0.28888888888888886,1,0,2.6,5,0.4838709677419355,2024_54_education_binary_higher,education_binary,phi_012_stable
2024_54_education_binary_higher__phi_014,2024,54,West Virginia,higher,3465,698093.1435300009,2376.2167044606354,10,14,0.3111111111111111,1,0,2.8,6,0.47368421052631576,2024_54_education_binary_higher,education_binary,phi_014
2024_54_education_binary_lower__phi_010,2024,54,West Virginia,lower,2340,725354.9641765121,1587.1597554965726,10,28,0.6222222222222222,1,0,5.6,8,0.7191780821917808,2024_54_education_binary_lower,education_binary,phi_010
2024_54_education_binary_lower__phi_012,2024,54,West Virginia,lower,2340,725354.9641765121,1587.1597554965726,10,20,0.4444444444444444,1,0,4.0,7,0.56,2024_54_education_binary_lower,education_binary,phi_012
2024_54_education_binary_lower__phi_012_stable,2024,54,West Virginia,lower,2340,725354.9641765121,1587.1597554965726,10,14,0.3111111111111111,2,0,2.8,5,0.5833333333333334,2024_54_education_binary_lower,education_binary,phi_012_stable
2024_54_education_binary_lower__phi_014,2024,54,West Virginia,lower,2340,725354.9641765121,1587.1597554965726,10,14,0.3111111111111111,2,0,2.8,5,0.5833333333333334,2024_54_education_binary_lower,education_binary,phi_014
2024_55_education_binary_higher__phi_010,2024,55,Wisconsin,higher,8816,2919706.02442142,4146.356817016462,10,22,0.4888888888888889,1,0,4.4,7,0.6263736263736264,2024_55_education_binary_higher,education_binary,phi_010
2024_55_education_binary_higher__phi_012,2024,55,Wisconsin,higher,8816,2919706.02442142,4146.356817016462,10,15,0.3333333333333333,1,0,3.0,6,0.5,2024_55_education_binary_higher,education_binary,phi_012
2024_55_education_binary_higher__phi_012_stable,2024,55,Wisconsin,higher,8816,2919706.02442142,4146.356817016462,10,12,0.26666666666666666,1,0,2.4,5,0.36,2024_55_education_binary_higher,education_binary,phi_012_stable
2024_55_education_binary_higher__phi_014,2024,55,Wisconsin,higher,8816,2919706.02442142,4146.356817016462,10,12,0.26666666666666666,1,0,2.4,5,0.36,2024_55_education_binary_higher,education_binary,phi_014
2024_55_education_binary_lower__phi_010,2024,55,Wisconsin,lower,4236,1789868.0991731694,2085.6884501453865,10,28,0.6222222222222222,1,0,5.6,9,0.7397260273972602,2024_55_education_binary_lower,education_binary,phi_010
2024_55_education_binary_lower__phi_012,2024,55,Wisconsin,lower,4236,1789868.0991731694,2085.6884501453865,10,20,0.4444444444444444,1,0,4.0,8,0.5384615384615384,2024_55_education_binary_lower,education_binary,phi_012
2024_55_education_binary_lower__phi_012_stable,2024,55,Wisconsin,lower,4236,1789868.0991731694,2085.6884501453865,10,11,0.24444444444444444,2,1,2.2,5,0.391304347826087,2024_55_education_binary_lower,education_binary,phi_012_stable
2024_55_education_binary_lower__phi_014,2024,55,Wisconsin,lower,4236,1789868.0991731694,2085.6884501453865,10,11,0.24444444444444444,2,1,2.2,5,0.391304347826087,2024_55_education_binary_lower,education_binary,phi_014
2024_56_education_binary_higher__phi_010,2024,56,Wyoming,higher,3238,295724.1174156895,1942.0937175362676,10,22,0.4888888888888889,1,0,4.4,7,0.6774193548387096,2024_56_education_binary_higher,education_binary,phi_010
2024_56_education_binary_higher__phi_012,2024,56,Wyoming,higher,3238,295724.1174156895,1942.0937175362676,10,13,0.28888888888888886,2,0,2.6,5,0.5806451612903226,2024_56_education_binary_higher,education_binary,phi_012
2024_56_education_binary_higher__phi_012_stable,2024,56,Wyoming,higher,3238,295724.1174156895,1942.0937175362676,10,8,0.17777777777777778,3,1,1.6,3,0.0,2024_56_education_binary_higher,education_binary,phi_012_stable
2024_56_education_binary_higher__phi_014,2024,56,Wyoming,higher,3238,295724.1174156895,1942.0937175362676,10,10,0.2222222222222222,2,0,2.0,4,0.2,2024_56_education_binary_higher,education_binary,phi_014
2024_56_education_binary_lower__phi_010,2024,56,Wyoming,lower,1347,165545.66860098706,773.609819802342,10,29,0.6444444444444445,1,0,5.8,9,0.7904191616766467,2024_56_education_binary_lower,education_binary,phi_010
2024_56_education_binary_lower__phi_012,2024,56,Wyoming,lower,1347,165545.66860098706,773.609819802342,10,26,0.5777777777777777,1,0,5.2,8,0.7333333333333333,2024_56_education_binary_lower,education_binary,phi_012
2024_56_education_binary_lower__phi_012_stable,2024,56,Wyoming,lower,1347,165545.66860098706,773.609819802342,10,16,0.35555555555555557,2,1,3.2,6,0.5454545454545454,2024_56_education_binary_lower,education_binary,phi_012_stable
2024_56_education_binary_lower__phi_014,2024,56,Wyoming,lower,1347,165545.66860098706,773.609819802342,10,22,0.4888888888888889,2,1,4.4,8,0.7128712871287128,2024_56_education_binary_lower,education_binary,phi_014
