graph_id,geography_code,ses_category,transition_type,from_rule_id,to_rule_id,from_threshold,to_threshold,from_edge_count,to_edge_count,edges_removed,edge_retention_fraction,edge_jaccard,nested,degree_spearman,component_count_change,isolate_count_change
2024_01_education_binary_higher,1,higher,adjacent,phi_010,phi_012,0.1,0.12,22,19,3,0.8636363636363636,0.8636363636363636,True,0.9458075855540657,0,0
2024_01_education_binary_higher,1,higher,adjacent,phi_012,phi_014,0.12,0.14,19,12,7,0.631578947368421,0.631578947368421,True,0.7770286898858113,1,0
2024_01_education_binary_higher,1,higher,outer,phi_010,phi_014,0.1,0.14,22,12,10,0.5454545454545454,0.5454545454545454,True,0.8717859958216939,1,0
2024_01_education_binary_lower,1,lower,adjacent,phi_010,phi_012,0.1,0.12,22,19,3,0.8636363636363636,0.8636363636363636,True,0.7049520576969156,0,0
2024_01_education_binary_lower,1,lower,adjacent,phi_012,phi_014,0.12,0.14,19,17,2,0.8947368421052632,0.8947368421052632,True,0.9215686274509802,0,0
2024_01_education_binary_lower,1,lower,outer,phi_010,phi_014,0.1,0.14,22,17,5,0.7727272727272727,0.7727272727272727,True,0.8123733236316837,0,0
2024_02_education_binary_higher,2,higher,adjacent,phi_010,phi_012,0.1,0.12,21,13,8,0.6190476190476191,0.6190476190476191,True,0.8781421513813898,1,1
2024_02_education_binary_higher,2,higher,adjacent,phi_012,phi_014,0.12,0.14,13,9,4,0.6923076923076923,0.6923076923076923,True,0.8751456548393902,1,0
2024_02_education_binary_higher,2,higher,outer,phi_010,phi_014,0.1,0.14,21,9,12,0.42857142857142855,0.42857142857142855,True,0.812642504838911,2,1
2024_02_education_binary_lower,2,lower,adjacent,phi_010,phi_012,0.1,0.12,26,21,5,0.8076923076923077,0.8076923076923077,True,0.9501972611004083,0,0
2024_02_education_binary_lower,2,lower,adjacent,phi_012,phi_014,0.12,0.14,21,17,4,0.8095238095238095,0.8095238095238095,True,0.920041936701581,0,0
2024_02_education_binary_lower,2,lower,outer,phi_010,phi_014,0.1,0.14,26,17,9,0.6538461538461539,0.6538461538461539,True,0.8543170259876828,0,0
2024_04_education_binary_higher,4,higher,adjacent,phi_010,phi_012,0.1,0.12,22,16,6,0.7272727272727273,0.7272727272727273,True,0.9034311751310986,1,1
2024_04_education_binary_higher,4,higher,adjacent,phi_012,phi_014,0.12,0.14,16,11,5,0.6875,0.6875,True,0.8777472595071586,2,1
2024_04_education_binary_higher,4,higher,outer,phi_010,phi_014,0.1,0.14,22,11,11,0.5,0.5,True,0.843766479975001,3,2
2024_04_education_binary_lower,4,lower,adjacent,phi_010,phi_012,0.1,0.12,20,15,5,0.75,0.75,True,0.9591098490268976,1,1
2024_04_education_binary_lower,4,lower,adjacent,phi_012,phi_014,0.12,0.14,15,14,1,0.9333333333333333,0.9333333333333333,True,0.9876208322863198,0,0
2024_04_education_binary_lower,4,lower,outer,phi_010,phi_014,0.1,0.14,20,14,6,0.7,0.7,True,0.9341285531692916,1,1
2024_05_education_binary_higher,5,higher,adjacent,phi_010,phi_012,0.1,0.12,22,20,2,0.9090909090909091,0.9090909090909091,True,0.9117120056348832,0,0
2024_05_education_binary_higher,5,higher,adjacent,phi_012,phi_014,0.12,0.14,20,19,1,0.95,0.95,True,0.9204581150024757,0,0
2024_05_education_binary_higher,5,higher,outer,phi_010,phi_014,0.1,0.14,22,19,3,0.8636363636363636,0.8636363636363636,True,0.8928684950690537,0,0
2024_05_education_binary_lower,5,lower,adjacent,phi_010,phi_012,0.1,0.12,29,25,4,0.8620689655172413,0.8620689655172413,True,0.9779874213836479,0,0
2024_05_education_binary_lower,5,lower,adjacent,phi_012,phi_014,0.12,0.14,25,18,7,0.72,0.72,True,0.9496855345911951,1,0
2024_05_education_binary_lower,5,lower,outer,phi_010,phi_014,0.1,0.14,29,18,11,0.6206896551724138,0.6206896551724138,True,0.9025157232704403,1,0
2024_06_education_binary_higher,6,higher,adjacent,phi_010,phi_012,0.1,0.12,23,20,3,0.8695652173913043,0.8695652173913043,True,0.9619590738385182,0,0
2024_06_education_binary_higher,6,higher,adjacent,phi_012,phi_014,0.12,0.14,20,16,4,0.8,0.8,True,0.9,1,1
2024_06_education_binary_higher,6,higher,outer,phi_010,phi_014,0.1,0.14,23,16,7,0.6956521739130435,0.6956521739130435,True,0.9301061243736666,1,1
2024_06_education_binary_lower,6,lower,adjacent,phi_010,phi_012,0.1,0.12,17,15,2,0.8823529411764706,0.8823529411764706,True,0.9490638377513029,0,0
2024_06_education_binary_lower,6,lower,adjacent,phi_012,phi_014,0.12,0.14,15,13,2,0.8666666666666667,0.8666666666666667,True,0.9322780840610928,0,0
2024_06_education_binary_lower,6,lower,outer,phi_010,phi_014,0.1,0.14,17,13,4,0.7647058823529411,0.7647058823529411,True,0.860048927040026,0,0
2024_08_education_binary_higher,8,higher,adjacent,phi_010,phi_012,0.1,0.12,20,16,4,0.8,0.8,True,0.8952786983673648,0,0
2024_08_education_binary_higher,8,higher,adjacent,phi_012,phi_014,0.12,0.14,16,12,4,0.75,0.75,True,0.9426942817932404,1,1
2024_08_education_binary_higher,8,higher,outer,phi_010,phi_014,0.1,0.14,20,12,8,0.6,0.6,True,0.8706667927283525,1,1
2024_08_education_binary_lower,8,lower,adjacent,phi_010,phi_012,0.1,0.12,28,22,6,0.7857142857142857,0.7857142857142857,True,0.8000362836474325,0,0
2024_08_education_binary_lower,8,lower,adjacent,phi_012,phi_014,0.12,0.14,22,17,5,0.7727272727272727,0.7727272727272727,True,0.7734992388915315,0,0
2024_08_education_binary_lower,8,lower,outer,phi_010,phi_014,0.1,0.14,28,17,11,0.6071428571428571,0.6071428571428571,True,0.7148757905381621,0,0
2024_09_education_binary_higher,9,higher,adjacent,phi_010,phi_012,0.1,0.12,17,12,5,0.7058823529411765,0.7058823529411765,True,0.9072190525663673,1,1
2024_09_education_binary_higher,9,higher,adjacent,phi_012,phi_014,0.12,0.14,12,11,1,0.9166666666666666,0.9166666666666666,True,0.9215686274509802,0,0
2024_09_education_binary_higher,9,higher,outer,phi_010,phi_014,0.1,0.14,17,11,6,0.6470588235294118,0.6470588235294118,True,0.8366931898226921,1,1
2024_09_education_binary_lower,9,lower,adjacent,phi_010,phi_012,0.1,0.12,24,17,7,0.7083333333333334,0.7083333333333334,True,0.9097531563809756,0,0
2024_09_education_binary_lower,9,lower,adjacent,phi_012,phi_014,0.12,0.14,17,13,4,0.7647058823529411,0.7647058823529411,True,0.8599394154935146,1,1
2024_09_education_binary_lower,9,lower,outer,phi_010,phi_014,0.1,0.14,24,13,11,0.5416666666666666,0.5416666666666666,True,0.7138595800585433,1,1
2024_10_education_binary_higher,10,higher,adjacent,phi_010,phi_012,0.1,0.12,25,20,5,0.8,0.8,True,0.8029647305396209,0,0
2024_10_education_binary_higher,10,higher,adjacent,phi_012,phi_014,0.12,0.14,20,12,8,0.6,0.6,True,0.8607234790613112,0,0
2024_10_education_binary_higher,10,higher,outer,phi_010,phi_014,0.1,0.14,25,12,13,0.48,0.48,True,0.8741572761215378,0,0
2024_10_education_binary_lower,10,lower,adjacent,phi_010,phi_012,0.1,0.12,24,18,6,0.75,0.75,True,0.5397070167462837,0,0
2024_10_education_binary_lower,10,lower,adjacent,phi_012,phi_014,0.12,0.14,18,16,2,0.8888888888888888,0.8888888888888888,True,0.9428999057273311,0,0
2024_10_education_binary_lower,10,lower,outer,phi_010,phi_014,0.1,0.14,24,16,8,0.6666666666666666,0.6666666666666666,True,0.5897435897435898,0,0
2024_12_education_binary_higher,12,higher,adjacent,phi_010,phi_012,0.1,0.12,23,20,3,0.8695652173913043,0.8695652173913043,True,0.9177999171377653,1,1
2024_12_education_binary_higher,12,higher,adjacent,phi_012,phi_014,0.12,0.14,20,12,8,0.6,0.6,True,0.9468419827298217,0,0
2024_12_education_binary_higher,12,higher,outer,phi_010,phi_014,0.1,0.14,23,12,11,0.5217391304347826,0.5217391304347826,True,0.9518127734113911,1,1
2024_12_education_binary_lower,12,lower,adjacent,phi_010,phi_012,0.1,0.12,27,25,2,0.9259259259259259,0.9259259259259259,True,0.9558407181039521,0,0
2024_12_education_binary_lower,12,lower,adjacent,phi_012,phi_014,0.12,0.14,25,17,8,0.68,0.68,True,0.6635842539973076,0,0
2024_12_education_binary_lower,12,lower,outer,phi_010,phi_014,0.1,0.14,27,17,10,0.6296296296296297,0.6296296296296297,True,0.6753284410941889,0,0
2024_13_education_binary_higher,13,higher,adjacent,phi_010,phi_012,0.1,0.12,23,18,5,0.782608695652174,0.782608695652174,True,0.894682851199792,0,0
2024_13_education_binary_higher,13,higher,adjacent,phi_012,phi_014,0.12,0.14,18,15,3,0.8333333333333334,0.8333333333333334,True,0.9123376623376622,0,0
2024_13_education_binary_higher,13,higher,outer,phi_010,phi_014,0.1,0.14,23,15,8,0.6521739130434783,0.6521739130434783,True,0.8755110758169393,0,0
2024_13_education_binary_lower,13,lower,adjacent,phi_010,phi_012,0.1,0.12,29,26,3,0.896551724137931,0.896551724137931,True,0.9283534144450599,0,0
2024_13_education_binary_lower,13,lower,adjacent,phi_012,phi_014,0.12,0.14,26,19,7,0.7307692307692307,0.7307692307692307,True,0.8329111846812531,0,0
2024_13_education_binary_lower,13,lower,outer,phi_010,phi_014,0.1,0.14,29,19,10,0.6551724137931034,0.6551724137931034,True,0.822850735755479,0,0
2024_15_education_binary_higher,15,higher,adjacent,phi_010,phi_012,0.1,0.12,15,11,4,0.7333333333333333,0.7333333333333333,True,0.9559748427672957,1,1
2024_15_education_binary_higher,15,higher,adjacent,phi_012,phi_014,0.12,0.14,11,6,5,0.5454545454545454,0.5454545454545454,True,0.635855855098946,2,0
2024_15_education_binary_higher,15,higher,outer,phi_010,phi_014,0.1,0.14,15,6,9,0.4,0.4,True,0.642920920155601,3,1
2024_15_education_binary_lower,15,lower,adjacent,phi_010,phi_012,0.1,0.12,22,19,3,0.8636363636363636,0.8636363636363636,True,0.7221368727541178,0,0
2024_15_education_binary_lower,15,lower,adjacent,phi_012,phi_014,0.12,0.14,19,12,7,0.631578947368421,0.631578947368421,True,0.684949519421573,0,0
2024_15_education_binary_lower,15,lower,outer,phi_010,phi_014,0.1,0.14,22,12,10,0.5454545454545454,0.5454545454545454,True,0.8525304546470049,0,0
2024_16_education_binary_higher,16,higher,adjacent,phi_010,phi_012,0.1,0.12,21,17,4,0.8095238095238095,0.8095238095238095,True,0.9559748427672957,0,0
2024_16_education_binary_higher,16,higher,adjacent,phi_012,phi_014,0.12,0.14,17,15,2,0.8823529411764706,0.8823529411764706,True,0.9391446734359752,0,0
2024_16_education_binary_higher,16,higher,outer,phi_010,phi_014,0.1,0.14,21,15,6,0.7142857142857143,0.7142857142857143,True,0.8812521935666342,0,0
2024_16_education_binary_lower,16,lower,adjacent,phi_010,phi_012,0.1,0.12,27,24,3,0.8888888888888888,0.8888888888888888,True,0.9654088050314465,0,0
2024_16_education_binary_lower,16,lower,adjacent,phi_012,phi_014,0.12,0.14,24,18,6,0.75,0.75,True,0.8847790053297434,0,0
2024_16_education_binary_lower,16,lower,outer,phi_010,phi_014,0.1,0.14,27,18,9,0.6666666666666666,0.6666666666666666,True,0.9072190525663673,0,0
2024_17_education_binary_higher,17,higher,adjacent,phi_010,phi_012,0.1,0.12,21,17,4,0.8095238095238095,0.8095238095238095,True,0.9245283018867925,0,0
2024_17_education_binary_higher,17,higher,adjacent,phi_012,phi_014,0.12,0.14,17,13,4,0.7647058823529411,0.7647058823529411,True,0.8962264150943396,1,1
2024_17_education_binary_higher,17,higher,outer,phi_010,phi_014,0.1,0.14,21,13,8,0.6190476190476191,0.6190476190476191,True,0.8522012578616354,1,1
2024_17_education_binary_lower,17,lower,adjacent,phi_010,phi_012,0.1,0.12,26,19,7,0.7307692307692307,0.7307692307692307,True,0.6793958916688513,0,0
2024_17_education_binary_lower,17,lower,adjacent,phi_012,phi_014,0.12,0.14,19,13,6,0.6842105263157895,0.6842105263157895,True,0.9485579582531719,0,0
2024_17_education_binary_lower,17,lower,outer,phi_010,phi_014,0.1,0.14,26,13,13,0.5,0.5,True,0.6369943624655904,0,0
2024_18_education_binary_higher,18,higher,adjacent,phi_010,phi_012,0.1,0.12,25,18,7,0.72,0.72,True,0.8366269196735069,0,0
2024_18_education_binary_higher,18,higher,adjacent,phi_012,phi_014,0.12,0.14,18,13,5,0.7222222222222222,0.7222222222222222,True,0.9564280628125421,1,1
2024_18_education_binary_higher,18,higher,outer,phi_010,phi_014,0.1,0.14,25,13,12,0.52,0.52,True,0.8508322381647296,1,1
2024_18_education_binary_lower,18,lower,adjacent,phi_010,phi_012,0.1,0.12,29,26,3,0.896551724137931,0.896551724137931,True,0.9150943396226415,0,0
2024_18_education_binary_lower,18,lower,adjacent,phi_012,phi_014,0.12,0.14,26,17,9,0.6538461538461539,0.6538461538461539,True,0.8393129282183692,0,0
2024_18_education_binary_lower,18,lower,outer,phi_010,phi_014,0.1,0.14,29,17,12,0.5862068965517241,0.5862068965517241,True,0.8855742707185943,0,0
2024_19_education_binary_higher,19,higher,adjacent,phi_010,phi_012,0.1,0.12,17,15,2,0.8823529411764706,0.8823529411764706,True,0.9559748427672957,0,0
2024_19_education_binary_higher,19,higher,adjacent,phi_012,phi_014,0.12,0.14,15,11,4,0.7333333333333333,0.7333333333333333,True,0.9433962264150944,1,1
2024_19_education_binary_higher,19,higher,outer,phi_010,phi_014,0.1,0.14,17,11,6,0.6470588235294118,0.6470588235294118,True,0.9088050314465409,1,1
2024_19_education_binary_lower,19,lower,adjacent,phi_010,phi_012,0.1,0.12,22,19,3,0.8636363636363636,0.8636363636363636,True,0.968553459119497,0,0
2024_19_education_binary_lower,19,lower,adjacent,phi_012,phi_014,0.12,0.14,19,17,2,0.8947368421052632,0.8947368421052632,True,0.9483517644747598,0,0
2024_19_education_binary_lower,19,lower,outer,phi_010,phi_014,0.1,0.14,22,17,5,0.7727272727272727,0.7727272727272727,True,0.8919812050479382,0,0
2024_20_education_binary_higher,20,higher,adjacent,phi_010,phi_012,0.1,0.12,22,16,6,0.7272727272727273,0.7272727272727273,True,0.8897792370766443,0,0
2024_20_education_binary_higher,20,higher,adjacent,phi_012,phi_014,0.12,0.14,16,13,3,0.8125,0.8125,True,0.9675550429200293,0,0
2024_20_education_binary_higher,20,higher,outer,phi_010,phi_014,0.1,0.14,22,13,9,0.5909090909090909,0.5909090909090909,True,0.8881834467316867,0,0
2024_20_education_binary_lower,20,lower,adjacent,phi_010,phi_012,0.1,0.12,25,22,3,0.88,0.88,True,0.9718939824897233,0,0
2024_20_education_binary_lower,20,lower,adjacent,phi_012,phi_014,0.12,0.14,22,17,5,0.7727272727272727,0.7727272727272727,True,0.9185359175226782,0,0
2024_20_education_binary_lower,20,lower,outer,phi_010,phi_014,0.1,0.14,25,17,8,0.68,0.68,True,0.8548938435847231,0,0
2024_21_education_binary_higher,21,higher,adjacent,phi_010,phi_012,0.1,0.12,22,19,3,0.8636363636363636,0.8636363636363636,True,0.946849079213761,0,0
2024_21_education_binary_higher,21,higher,adjacent,phi_012,phi_014,0.12,0.14,19,15,4,0.7894736842105263,0.7894736842105263,True,0.7964544071329567,0,0
2024_21_education_binary_higher,21,higher,outer,phi_010,phi_014,0.1,0.14,22,15,7,0.6818181818181818,0.6818181818181818,True,0.7228213749877037,0,0
2024_21_education_binary_lower,21,lower,adjacent,phi_010,phi_012,0.1,0.12,31,26,5,0.8387096774193549,0.8387096774193549,True,0.8349274294259327,0,0
2024_21_education_binary_lower,21,lower,adjacent,phi_012,phi_014,0.12,0.14,26,24,2,0.9230769230769231,0.9230769230769231,True,0.9128124508276055,0,0
2024_21_education_binary_lower,21,lower,outer,phi_010,phi_014,0.1,0.14,31,24,7,0.7741935483870968,0.7741935483870968,True,0.6320754716981133,0,0
2024_22_education_binary_higher,22,higher,adjacent,phi_010,phi_012,0.1,0.12,23,19,4,0.8260869565217391,0.8260869565217391,True,0.8787175440063333,0,0
2024_22_education_binary_higher,22,higher,adjacent,phi_012,phi_014,0.12,0.14,19,12,7,0.631578947368421,0.631578947368421,True,0.8540577410866255,1,1
2024_22_education_binary_higher,22,higher,outer,phi_010,phi_014,0.1,0.14,23,12,11,0.5217391304347826,0.5217391304347826,True,0.8486697393828841,1,1
2024_22_education_binary_lower,22,lower,adjacent,phi_010,phi_012,0.1,0.12,24,21,3,0.875,0.875,True,0.9592523621756804,0,0
2024_22_education_binary_lower,22,lower,adjacent,phi_012,phi_014,0.12,0.14,21,15,6,0.7142857142857143,0.7142857142857143,True,0.7397757397761096,1,0
2024_22_education_binary_lower,22,lower,outer,phi_010,phi_014,0.1,0.14,24,15,9,0.625,0.625,True,0.7516533477093965,1,0
2024_23_education_binary_higher,23,higher,adjacent,phi_010,phi_012,0.1,0.12,22,15,7,0.6818181818181818,0.6818181818181818,True,0.778730605807526,0,0
2024_23_education_binary_higher,23,higher,adjacent,phi_012,phi_014,0.12,0.14,15,12,3,0.8,0.8,True,0.9677620764234546,1,1
2024_23_education_binary_higher,23,higher,outer,phi_010,phi_014,0.1,0.14,22,12,10,0.5454545454545454,0.5454545454545454,True,0.8523529895921819,1,1
2024_23_education_binary_lower,23,lower,adjacent,phi_010,phi_012,0.1,0.12,28,25,3,0.8928571428571429,0.8928571428571429,True,0.9561175505345832,0,0
2024_23_education_binary_lower,23,lower,adjacent,phi_012,phi_014,0.12,0.14,25,20,5,0.8,0.8,True,0.8679245283018868,0,0
2024_23_education_binary_lower,23,lower,outer,phi_010,phi_014,0.1,0.14,28,20,8,0.7142857142857143,0.7142857142857143,True,0.7617592287865697,0,0
2024_24_education_binary_higher,24,higher,adjacent,phi_010,phi_012,0.1,0.12,17,12,5,0.7058823529411765,0.7058823529411765,True,0.7064843670491703,0,0
2024_24_education_binary_higher,24,higher,adjacent,phi_012,phi_014,0.12,0.14,12,9,3,0.75,0.75,True,0.8410366563608612,1,0
2024_24_education_binary_higher,24,higher,outer,phi_010,phi_014,0.1,0.14,17,9,8,0.5294117647058824,0.5294117647058824,True,0.5329480400990121,1,0
2024_24_education_binary_lower,24,lower,adjacent,phi_010,phi_012,0.1,0.12,19,16,3,0.8421052631578947,0.8421052631578947,True,0.9367276225164936,0,0
2024_24_education_binary_lower,24,lower,adjacent,phi_012,phi_014,0.12,0.14,16,13,3,0.8125,0.8125,True,0.9493861039018516,1,1
2024_24_education_binary_lower,24,lower,outer,phi_010,phi_014,0.1,0.14,19,13,6,0.6842105263157895,0.6842105263157895,True,0.8301886792452831,1,1
2024_25_education_binary_higher,25,higher,adjacent,phi_010,phi_012,0.1,0.12,16,12,4,0.75,0.75,True,0.8773361914721978,1,1
2024_25_education_binary_higher,25,higher,adjacent,phi_012,phi_014,0.12,0.14,12,8,4,0.6666666666666666,0.6666666666666666,True,0.7824758900557374,0,0
2024_25_education_binary_higher,25,higher,outer,phi_010,phi_014,0.1,0.14,16,8,8,0.5,0.5,True,0.805082875369978,1,1
2024_25_education_binary_lower,25,lower,adjacent,phi_010,phi_012,0.1,0.12,26,21,5,0.8076923076923077,0.8076923076923077,True,0.9198717948717949,0,0
2024_25_education_binary_lower,25,lower,adjacent,phi_012,phi_014,0.12,0.14,21,16,5,0.7619047619047619,0.7619047619047619,True,0.883282121851819,0,0
2024_25_education_binary_lower,25,lower,outer,phi_010,phi_014,0.1,0.14,26,16,10,0.6153846153846154,0.6153846153846154,True,0.8428264521486821,0,0
2024_26_education_binary_higher,26,higher,adjacent,phi_010,phi_012,0.1,0.12,21,17,4,0.8095238095238095,0.8095238095238095,True,0.9460365131715635,0,0
2024_26_education_binary_higher,26,higher,adjacent,phi_012,phi_014,0.12,0.14,17,13,4,0.7647058823529411,0.7647058823529411,True,0.8502383481148948,0,0
2024_26_education_binary_higher,26,higher,outer,phi_010,phi_014,0.1,0.14,21,13,8,0.6190476190476191,0.6190476190476191,True,0.6829379035893116,0,0
2024_26_education_binary_lower,26,lower,adjacent,phi_010,phi_012,0.1,0.12,23,20,3,0.8695652173913043,0.8695652173913043,True,0.9302009170980068,0,0
2024_26_education_binary_lower,26,lower,adjacent,phi_012,phi_014,0.12,0.14,20,17,3,0.85,0.85,True,0.8034934034461527,0,0
2024_26_education_binary_lower,26,lower,outer,phi_010,phi_014,0.1,0.14,23,17,6,0.7391304347826086,0.7391304347826086,True,0.6026858011454728,0,0
2024_27_education_binary_higher,27,higher,adjacent,phi_010,phi_012,0.1,0.12,17,14,3,0.8235294117647058,0.8235294117647058,True,0.9129222254261256,0,0
2024_27_education_binary_higher,27,higher,adjacent,phi_012,phi_014,0.12,0.14,14,9,5,0.6428571428571429,0.6428571428571429,True,0.8121183846529606,2,2
2024_27_education_binary_higher,27,higher,outer,phi_010,phi_014,0.1,0.14,17,9,8,0.5294117647058824,0.5294117647058824,True,0.7404454697483712,2,2
2024_27_education_binary_lower,27,lower,adjacent,phi_010,phi_012,0.1,0.12,24,19,5,0.7916666666666666,0.7916666666666666,True,0.946074652884662,0,0
2024_27_education_binary_lower,27,lower,adjacent,phi_012,phi_014,0.12,0.14,19,13,6,0.6842105263157895,0.6842105263157895,True,0.9091675835657296,0,0
2024_27_education_binary_lower,27,lower,outer,phi_010,phi_014,0.1,0.14,24,13,11,0.5416666666666666,0.5416666666666666,True,0.9069821846196747,0,0
2024_29_education_binary_higher,29,higher,adjacent,phi_010,phi_012,0.1,0.12,20,18,2,0.9,0.9,True,0.8736601463281082,0,0
2024_29_education_binary_higher,29,higher,adjacent,phi_012,phi_014,0.12,0.14,18,14,4,0.7777777777777778,0.7777777777777778,True,0.7811959383004331,0,0
2024_29_education_binary_higher,29,higher,outer,phi_010,phi_014,0.1,0.14,20,14,6,0.7,0.7,True,0.8391390464341969,0,0
2024_29_education_binary_lower,29,lower,adjacent,phi_010,phi_012,0.1,0.12,25,20,5,0.8,0.8,True,0.9683759683764526,0,0
2024_29_education_binary_lower,29,lower,adjacent,phi_012,phi_014,0.12,0.14,20,14,6,0.7,0.7,True,0.8243190143898707,0,0
2024_29_education_binary_lower,29,lower,outer,phi_010,phi_014,0.1,0.14,25,14,11,0.56,0.56,True,0.7610213407077743,0,0
2024_30_education_binary_higher,30,higher,adjacent,phi_010,phi_012,0.1,0.12,20,13,7,0.65,0.65,True,0.8786932474905075,0,0
2024_30_education_binary_higher,30,higher,adjacent,phi_012,phi_014,0.12,0.14,13,8,5,0.6153846153846154,0.6153846153846154,True,0.8469459765926948,2,2
2024_30_education_binary_higher,30,higher,outer,phi_010,phi_014,0.1,0.14,20,8,12,0.4,0.4,True,0.8441736418987363,2,2
2024_30_education_binary_lower,30,lower,adjacent,phi_010,phi_012,0.1,0.12,30,26,4,0.8666666666666667,0.8666666666666667,True,0.8972354465472708,0,0
2024_30_education_binary_lower,30,lower,adjacent,phi_012,phi_014,0.12,0.14,26,20,6,0.7692307692307693,0.7692307692307693,True,0.9099554408436644,0,0
2024_30_education_binary_lower,30,lower,outer,phi_010,phi_014,0.1,0.14,30,20,10,0.6666666666666666,0.6666666666666666,True,0.8056465917619277,0,0
2024_31_education_binary_higher,31,higher,adjacent,phi_010,phi_012,0.1,0.12,20,16,4,0.8,0.8,True,0.9279042457647104,0,0
2024_31_education_binary_higher,31,higher,adjacent,phi_012,phi_014,0.12,0.14,16,12,4,0.75,0.75,True,0.9467131156112925,1,0
2024_31_education_binary_higher,31,higher,outer,phi_010,phi_014,0.1,0.14,20,12,8,0.6,0.6,True,0.8018867924528302,1,0
2024_31_education_binary_lower,31,lower,adjacent,phi_010,phi_012,0.1,0.12,27,25,2,0.9259259259259259,0.9259259259259259,True,0.9651231358286486,0,0
2024_31_education_binary_lower,31,lower,adjacent,phi_012,phi_014,0.12,0.14,25,21,4,0.84,0.84,True,0.9402515723270441,0,0
2024_31_education_binary_lower,31,lower,outer,phi_010,phi_014,0.1,0.14,27,21,6,0.7777777777777778,0.7777777777777778,True,0.946074652884662,0,0
2024_33_education_binary_higher,33,higher,adjacent,phi_010,phi_012,0.1,0.12,18,14,4,0.7777777777777778,0.7777777777777778,True,0.8947411301904276,2,2
2024_33_education_binary_higher,33,higher,adjacent,phi_012,phi_014,0.12,0.14,14,9,5,0.6428571428571429,0.6428571428571429,True,0.9524705063049685,0,0
2024_33_education_binary_higher,33,higher,outer,phi_010,phi_014,0.1,0.14,18,9,9,0.5,0.5,True,0.9495262318531582,2,2
2024_33_education_binary_lower,33,lower,adjacent,phi_010,phi_012,0.1,0.12,23,16,7,0.6956521739130435,0.6956521739130435,True,0.8809385507662638,0,0
2024_33_education_binary_lower,33,lower,adjacent,phi_012,phi_014,0.12,0.14,16,10,6,0.625,0.625,True,0.7329962446363858,1,1
2024_33_education_binary_lower,33,lower,outer,phi_010,phi_014,0.1,0.14,23,10,13,0.43478260869565216,0.43478260869565216,True,0.7174928575568242,1,1
2024_34_education_binary_higher,34,higher,adjacent,phi_010,phi_012,0.1,0.12,19,10,9,0.5263157894736842,0.5263157894736842,True,0.6828800811971261,1,1
2024_34_education_binary_higher,34,higher,adjacent,phi_012,phi_014,0.12,0.14,10,9,1,0.9,0.9,True,0.9417919603239984,0,0
2024_34_education_binary_higher,34,higher,outer,phi_010,phi_014,0.1,0.14,19,9,10,0.47368421052631576,0.47368421052631576,True,0.8137254901960783,1,1
2024_34_education_binary_lower,34,lower,adjacent,phi_010,phi_012,0.1,0.12,21,16,5,0.7619047619047619,0.7619047619047619,True,0.9142319567450395,0,0
2024_34_education_binary_lower,34,lower,adjacent,phi_012,phi_014,0.12,0.14,16,13,3,0.8125,0.8125,True,0.9063669313246059,0,0
2024_34_education_binary_lower,34,lower,outer,phi_010,phi_014,0.1,0.14,21,13,8,0.6190476190476191,0.6190476190476191,True,0.854409201118679,0,0
2024_35_education_binary_higher,35,higher,adjacent,phi_010,phi_012,0.1,0.12,19,14,5,0.7368421052631579,0.7368421052631579,True,0.9294871794871795,0,0
2024_35_education_binary_higher,35,higher,adjacent,phi_012,phi_014,0.12,0.14,14,10,4,0.7142857142857143,0.7142857142857143,True,0.8673547950750227,1,1
2024_35_education_binary_higher,35,higher,outer,phi_010,phi_014,0.1,0.14,19,10,9,0.5263157894736842,0.5263157894736842,True,0.9547375542803421,1,1
2024_35_education_binary_lower,35,lower,adjacent,phi_010,phi_012,0.1,0.12,21,17,4,0.8095238095238095,0.8095238095238095,True,0.8744847884895879,0,0
2024_35_education_binary_lower,35,lower,adjacent,phi_012,phi_014,0.12,0.14,17,14,3,0.8235294117647058,0.8235294117647058,True,0.760692536406481,0,0
2024_35_education_binary_lower,35,lower,outer,phi_010,phi_014,0.1,0.14,21,14,7,0.6666666666666666,0.6666666666666666,True,0.5975203327655754,0,0
2024_36_education_binary_higher,36,higher,adjacent,phi_010,phi_012,0.1,0.12,19,14,5,0.7368421052631579,0.7368421052631579,True,0.9000187310738129,0,0
2024_36_education_binary_higher,36,higher,adjacent,phi_012,phi_014,0.12,0.14,14,12,2,0.8571428571428571,0.8571428571428571,True,0.9166666666666667,0,0
2024_36_education_binary_higher,36,higher,outer,phi_010,phi_014,0.1,0.14,19,12,7,0.631578947368421,0.631578947368421,True,0.9096963518380474,0,0
2024_36_education_binary_lower,36,lower,adjacent,phi_010,phi_012,0.1,0.12,21,18,3,0.8571428571428571,0.8571428571428571,True,0.9486225255689281,0,0
2024_36_education_binary_lower,36,lower,adjacent,phi_012,phi_014,0.12,0.14,18,14,4,0.7777777777777778,0.7777777777777778,True,0.9191412704832078,0,0
2024_36_education_binary_lower,36,lower,outer,phi_010,phi_014,0.1,0.14,21,14,7,0.6666666666666666,0.6666666666666666,True,0.8044204063251083,0,0
2024_37_education_binary_higher,37,higher,adjacent,phi_010,phi_012,0.1,0.12,21,18,3,0.8571428571428571,0.8571428571428571,True,0.9196569364718171,0,0
2024_37_education_binary_higher,37,higher,adjacent,phi_012,phi_014,0.12,0.14,18,12,6,0.6666666666666666,0.6666666666666666,True,0.9365029929270167,0,0
2024_37_education_binary_higher,37,higher,outer,phi_010,phi_014,0.1,0.14,21,12,9,0.5714285714285714,0.5714285714285714,True,0.7998113794895572,0,0
2024_37_education_binary_lower,37,lower,adjacent,phi_010,phi_012,0.1,0.12,27,20,7,0.7407407407407407,0.7407407407407407,True,0.9414929542218465,0,0
2024_37_education_binary_lower,37,lower,adjacent,phi_012,phi_014,0.12,0.14,20,16,4,0.8,0.8,True,0.7147168314220824,0,0
2024_37_education_binary_lower,37,lower,outer,phi_010,phi_014,0.1,0.14,27,16,11,0.5925925925925926,0.5925925925925926,True,0.7196001895906883,0,0
2024_38_education_binary_higher,38,higher,adjacent,phi_010,phi_012,0.1,0.12,17,14,3,0.8235294117647058,0.8235294117647058,True,0.9327689683843117,0,0
2024_38_education_binary_higher,38,higher,adjacent,phi_012,phi_014,0.12,0.14,14,12,2,0.8571428571428571,0.8571428571428571,True,0.9325964186538799,1,0
2024_38_education_binary_higher,38,higher,outer,phi_010,phi_014,0.1,0.14,17,12,5,0.7058823529411765,0.7058823529411765,True,0.9576598036177777,1,0
2024_38_education_binary_lower,38,lower,adjacent,phi_010,phi_012,0.1,0.12,30,26,4,0.8666666666666667,0.8666666666666667,True,0.9125178227877787,0,0
2024_38_education_binary_lower,38,lower,adjacent,phi_012,phi_014,0.12,0.14,26,21,5,0.8076923076923077,0.8076923076923077,True,0.9563909336732664,0,0
2024_38_education_binary_lower,38,lower,outer,phi_010,phi_014,0.1,0.14,30,21,9,0.7,0.7,True,0.9028257526359346,0,0
2024_39_education_binary_higher,39,higher,adjacent,phi_010,phi_012,0.1,0.12,22,19,3,0.8636363636363636,0.8636363636363636,True,0.9559548824182564,0,0
2024_39_education_binary_higher,39,higher,adjacent,phi_012,phi_014,0.12,0.14,19,12,7,0.631578947368421,0.631578947368421,True,0.844227041882463,0,0
2024_39_education_binary_higher,39,higher,outer,phi_010,phi_014,0.1,0.14,22,12,10,0.5454545454545454,0.5454545454545454,True,0.8629766332293342,0,0
2024_39_education_binary_lower,39,lower,adjacent,phi_010,phi_012,0.1,0.12,30,27,3,0.9,0.9,True,0.9283436871804988,0,0
2024_39_education_binary_lower,39,lower,adjacent,phi_012,phi_014,0.12,0.14,27,20,7,0.7407407407407407,0.7407407407407407,True,0.8561868992769665,0,0
2024_39_education_binary_lower,39,lower,outer,phi_010,phi_014,0.1,0.14,30,20,10,0.6666666666666666,0.6666666666666666,True,0.8286633855408042,0,0
2024_40_education_binary_higher,40,higher,adjacent,phi_010,phi_012,0.1,0.12,24,21,3,0.875,0.875,True,0.7956286783883864,0,0
2024_40_education_binary_higher,40,higher,adjacent,phi_012,phi_014,0.12,0.14,21,14,7,0.6666666666666666,0.6666666666666666,True,0.7051861616651155,1,0
2024_40_education_binary_higher,40,higher,outer,phi_010,phi_014,0.1,0.14,24,14,10,0.5833333333333334,0.5833333333333334,True,0.7697199182091232,1,0
2024_40_education_binary_lower,40,lower,adjacent,phi_010,phi_012,0.1,0.12,26,21,5,0.8076923076923077,0.8076923076923077,True,0.8525304546470049,0,0
2024_40_education_binary_lower,40,lower,adjacent,phi_012,phi_014,0.12,0.14,21,17,4,0.8095238095238095,0.8095238095238095,True,0.8994029428430679,0,0
2024_40_education_binary_lower,40,lower,outer,phi_010,phi_014,0.1,0.14,26,17,9,0.6538461538461539,0.6538461538461539,True,0.8751618422283332,0,0
2024_41_education_binary_higher,41,higher,adjacent,phi_010,phi_012,0.1,0.12,25,18,7,0.72,0.72,True,0.9515011557912562,0,0
2024_41_education_binary_higher,41,higher,adjacent,phi_012,phi_014,0.12,0.14,18,13,5,0.7222222222222222,0.7222222222222222,True,0.868171690604598,0,0
2024_41_education_binary_higher,41,higher,outer,phi_010,phi_014,0.1,0.14,25,13,12,0.52,0.52,True,0.8279395334006837,0,0
2024_41_education_binary_lower,41,lower,adjacent,phi_010,phi_012,0.1,0.12,25,23,2,0.92,0.92,True,0.9811895429806916,0,0
2024_41_education_binary_lower,41,lower,adjacent,phi_012,phi_014,0.12,0.14,23,20,3,0.8695652173913043,0.8695652173913043,True,0.8847394956456276,0,0
2024_41_education_binary_lower,41,lower,outer,phi_010,phi_014,0.1,0.14,25,20,5,0.8,0.8,True,0.8985258985263478,0,0
2024_42_education_binary_higher,42,higher,adjacent,phi_010,phi_012,0.1,0.12,26,20,6,0.7692307692307693,0.7692307692307693,True,0.8882053623194086,0,0
2024_42_education_binary_higher,42,higher,adjacent,phi_012,phi_014,0.12,0.14,20,18,2,0.9,0.9,True,0.9524241471993242,0,0
2024_42_education_binary_higher,42,higher,outer,phi_010,phi_014,0.1,0.14,26,18,8,0.6923076923076923,0.6923076923076923,True,0.8064706504568327,0,0
2024_42_education_binary_lower,42,lower,adjacent,phi_010,phi_012,0.1,0.12,18,18,0,1.0,1.0,True,1.0,0,0
2024_42_education_binary_lower,42,lower,adjacent,phi_012,phi_014,0.12,0.14,18,13,5,0.7222222222222222,0.7222222222222222,True,0.8889292040527027,2,1
2024_42_education_binary_lower,42,lower,outer,phi_010,phi_014,0.1,0.14,18,13,5,0.7222222222222222,0.7222222222222222,True,0.8889292040527027,2,1
2024_44_education_binary_higher,44,higher,adjacent,phi_010,phi_012,0.1,0.12,20,16,4,0.8,0.8,True,0.9655219854578744,0,0
2024_44_education_binary_higher,44,higher,adjacent,phi_012,phi_014,0.12,0.14,16,14,2,0.875,0.875,True,0.9782797401561579,1,1
2024_44_education_binary_higher,44,higher,outer,phi_010,phi_014,0.1,0.14,20,14,6,0.7,0.7,True,0.9688896662368099,1,1
2024_44_education_binary_lower,44,lower,adjacent,phi_010,phi_012,0.1,0.12,23,19,4,0.8260869565217391,0.8260869565217391,True,0.9182389937106918,0,0
2024_44_education_binary_lower,44,lower,adjacent,phi_012,phi_014,0.12,0.14,19,13,6,0.6842105263157895,0.6842105263157895,True,0.743727279842393,0,0
2024_44_education_binary_lower,44,lower,outer,phi_010,phi_014,0.1,0.14,23,13,10,0.5652173913043478,0.5652173913043478,True,0.5962641122874357,0,0
2024_45_education_binary_higher,45,higher,adjacent,phi_010,phi_012,0.1,0.12,25,18,7,0.72,0.72,True,0.8454300740985452,0,0
2024_45_education_binary_higher,45,higher,adjacent,phi_012,phi_014,0.12,0.14,18,16,2,0.8888888888888888,0.8888888888888888,True,0.9591194968553459,1,1
2024_45_education_binary_higher,45,higher,outer,phi_010,phi_014,0.1,0.14,25,16,9,0.64,0.64,True,0.8895943317007079,1,1
2024_45_education_binary_lower,45,lower,adjacent,phi_010,phi_012,0.1,0.12,29,25,4,0.8620689655172413,0.8620689655172413,True,0.9651898734177216,0,0
2024_45_education_binary_lower,45,lower,adjacent,phi_012,phi_014,0.12,0.14,25,23,2,0.92,0.92,True,0.8801305622145303,0,0
2024_45_education_binary_lower,45,lower,outer,phi_010,phi_014,0.1,0.14,29,23,6,0.7931034482758621,0.7931034482758621,True,0.8044204063251083,0,0
2024_46_education_binary_higher,46,higher,adjacent,phi_010,phi_012,0.1,0.12,23,19,4,0.8260869565217391,0.8260869565217391,True,0.903744140906165,0,0
2024_46_education_binary_higher,46,higher,adjacent,phi_012,phi_014,0.12,0.14,19,12,7,0.631578947368421,0.631578947368421,True,0.882009737174476,1,0
2024_46_education_binary_higher,46,higher,outer,phi_010,phi_014,0.1,0.14,23,12,11,0.5217391304347826,0.5217391304347826,True,0.7717436331412898,1,0
2024_46_education_binary_lower,46,lower,adjacent,phi_010,phi_012,0.1,0.12,20,16,4,0.8,0.8,True,0.7589616810984429,0,0
2024_46_education_binary_lower,46,lower,adjacent,phi_012,phi_014,0.12,0.14,16,13,3,0.8125,0.8125,True,0.8090996222714764,1,1
2024_46_education_binary_lower,46,lower,outer,phi_010,phi_014,0.1,0.14,20,13,7,0.65,0.65,True,0.7484026724341383,1,1
2024_48_education_binary_higher,48,higher,adjacent,phi_010,phi_012,0.1,0.12,24,20,4,0.8333333333333334,0.8333333333333334,True,0.9290515933665164,0,0
2024_48_education_binary_higher,48,higher,adjacent,phi_012,phi_014,0.12,0.14,20,15,5,0.75,0.75,True,0.9439656264065241,0,0
2024_48_education_binary_higher,48,higher,outer,phi_010,phi_014,0.1,0.14,24,15,9,0.625,0.625,True,0.8754267107796027,0,0
2024_48_education_binary_lower,48,lower,adjacent,phi_010,phi_012,0.1,0.12,22,17,5,0.7727272727272727,0.7727272727272727,True,0.8541666666666665,0,0
2024_48_education_binary_lower,48,lower,adjacent,phi_012,phi_014,0.12,0.14,17,16,1,0.9411764705882353,0.9411764705882353,True,0.963405399449878,0,0
2024_48_education_binary_lower,48,lower,outer,phi_010,phi_014,0.1,0.14,22,16,6,0.7272727272727273,0.7272727272727273,True,0.7511867275430866,0,0
2024_49_education_binary_higher,49,higher,adjacent,phi_010,phi_012,0.1,0.12,21,14,7,0.6666666666666666,0.6666666666666666,True,0.7156586045607837,0,0
2024_49_education_binary_higher,49,higher,adjacent,phi_012,phi_014,0.12,0.14,14,12,2,0.8571428571428571,0.8571428571428571,True,0.9365504114126689,1,1
2024_49_education_binary_higher,49,higher,outer,phi_010,phi_014,0.1,0.14,21,12,9,0.5714285714285714,0.5714285714285714,True,0.7531796424288023,1,1
2024_49_education_binary_lower,49,lower,adjacent,phi_010,phi_012,0.1,0.12,24,16,8,0.6666666666666666,0.6666666666666666,True,0.7266479487202246,0,0
2024_49_education_binary_lower,49,lower,adjacent,phi_012,phi_014,0.12,0.14,16,12,4,0.75,0.75,True,0.6284873769037986,1,0
2024_49_education_binary_lower,49,lower,outer,phi_010,phi_014,0.1,0.14,24,12,12,0.5,0.5,True,0.38676192962827943,1,0
2024_50_education_binary_higher,50,higher,adjacent,phi_010,phi_012,0.1,0.12,19,16,3,0.8421052631578947,0.8421052631578947,True,0.9381157259929251,0,0
2024_50_education_binary_higher,50,higher,adjacent,phi_012,phi_014,0.12,0.14,16,11,5,0.6875,0.6875,True,0.9138546265826446,1,1
2024_50_education_binary_higher,50,higher,outer,phi_010,phi_014,0.1,0.14,19,11,8,0.5789473684210527,0.5789473684210527,True,0.8334874687888887,1,1
2024_50_education_binary_lower,50,lower,adjacent,phi_010,phi_012,0.1,0.12,27,21,6,0.7777777777777778,0.7777777777777778,True,0.9026764133319415,0,0
2024_50_education_binary_lower,50,lower,adjacent,phi_012,phi_014,0.12,0.14,21,15,6,0.7142857142857143,0.7142857142857143,True,0.8037734208652635,0,0
2024_50_education_binary_lower,50,lower,outer,phi_010,phi_014,0.1,0.14,27,15,12,0.5555555555555556,0.5555555555555556,True,0.6444736729382093,0,0
2024_51_education_binary_higher,51,higher,adjacent,phi_010,phi_012,0.1,0.12,21,17,4,0.8095238095238095,0.8095238095238095,True,0.8291305307409504,0,0
2024_51_education_binary_higher,51,higher,adjacent,phi_012,phi_014,0.12,0.14,17,14,3,0.8235294117647058,0.8235294117647058,True,0.8571817324793919,0,0
2024_51_education_binary_higher,51,higher,outer,phi_010,phi_014,0.1,0.14,21,14,7,0.6666666666666666,0.6666666666666666,True,0.8626242108545161,0,0
2024_51_education_binary_lower,51,lower,adjacent,phi_010,phi_012,0.1,0.12,23,21,2,0.9130434782608695,0.9130434782608695,True,0.9873615480579258,0,0
2024_51_education_binary_lower,51,lower,adjacent,phi_012,phi_014,0.12,0.14,21,15,6,0.7142857142857143,0.7142857142857143,True,0.7918020470102046,0,0
2024_51_education_binary_lower,51,lower,outer,phi_010,phi_014,0.1,0.14,23,15,8,0.6521739130434783,0.6521739130434783,True,0.7492101245251308,0,0
2024_53_education_binary_higher,53,higher,adjacent,phi_010,phi_012,0.1,0.12,18,14,4,0.7777777777777778,0.7777777777777778,True,0.9294871794871795,0,0
2024_53_education_binary_higher,53,higher,adjacent,phi_012,phi_014,0.12,0.14,14,11,3,0.7857142857142857,0.7857142857142857,True,0.9093531090412992,0,0
2024_53_education_binary_higher,53,higher,outer,phi_010,phi_014,0.1,0.14,18,11,7,0.6111111111111112,0.6111111111111112,True,0.8529591177829241,0,0
2024_53_education_binary_lower,53,lower,adjacent,phi_010,phi_012,0.1,0.12,23,17,6,0.7391304347826086,0.7391304347826086,True,0.8814908601983472,0,0
2024_53_education_binary_lower,53,lower,adjacent,phi_012,phi_014,0.12,0.14,17,13,4,0.7647058823529411,0.7647058823529411,True,0.8258009818735298,0,0
2024_53_education_binary_lower,53,lower,outer,phi_010,phi_014,0.1,0.14,23,13,10,0.5652173913043478,0.5652173913043478,True,0.6774757547517903,0,0
2024_54_education_binary_higher,54,higher,adjacent,phi_010,phi_012,0.1,0.12,21,15,6,0.7142857142857143,0.7142857142857143,True,0.8101428086629134,0,0
2024_54_education_binary_higher,54,higher,adjacent,phi_012,phi_014,0.12,0.14,15,14,1,0.9333333333333333,0.9333333333333333,True,0.9745181037780648,0,0
2024_54_education_binary_higher,54,higher,outer,phi_010,phi_014,0.1,0.14,21,14,7,0.6666666666666666,0.6666666666666666,True,0.7663791968981315,0,0
2024_54_education_binary_lower,54,lower,adjacent,phi_010,phi_012,0.1,0.12,28,20,8,0.7142857142857143,0.7142857142857143,True,0.8754276405548025,0,0
2024_54_education_binary_lower,54,lower,adjacent,phi_012,phi_014,0.12,0.14,20,14,6,0.7,0.7,True,0.8712242734945916,1,0
2024_54_education_binary_lower,54,lower,outer,phi_010,phi_014,0.1,0.14,28,14,14,0.5,0.5,True,0.7587645706021283,1,0
2024_55_education_binary_higher,55,higher,adjacent,phi_010,phi_012,0.1,0.12,22,15,7,0.6818181818181818,0.6818181818181818,True,0.9375183110833343,0,0
2024_55_education_binary_higher,55,higher,adjacent,phi_012,phi_014,0.12,0.14,15,12,3,0.8,0.8,True,0.9397251585699998,0,0
2024_55_education_binary_higher,55,higher,outer,phi_010,phi_014,0.1,0.14,22,12,10,0.5454545454545454,0.5454545454545454,True,0.9433350159836921,0,0
2024_55_education_binary_lower,55,lower,adjacent,phi_010,phi_012,0.1,0.12,28,20,8,0.7142857142857143,0.7142857142857143,True,0.7244929536395726,0,0
2024_55_education_binary_lower,55,lower,adjacent,phi_012,phi_014,0.12,0.14,20,11,9,0.55,0.55,True,0.9283436871804988,1,1
2024_55_education_binary_lower,55,lower,outer,phi_010,phi_014,0.1,0.14,28,11,17,0.39285714285714285,0.39285714285714285,True,0.7572851276226812,1,1
2024_56_education_binary_higher,56,higher,adjacent,phi_010,phi_012,0.1,0.12,22,13,9,0.5909090909090909,0.5909090909090909,True,0.8026489494813634,1,0
2024_56_education_binary_higher,56,higher,adjacent,phi_012,phi_014,0.12,0.14,13,10,3,0.7692307692307693,0.7692307692307693,True,0.9109357395385402,0,0
2024_56_education_binary_higher,56,higher,outer,phi_010,phi_014,0.1,0.14,22,10,12,0.45454545454545453,0.45454545454545453,True,0.6578109392432445,1,0
2024_56_education_binary_lower,56,lower,adjacent,phi_010,phi_012,0.1,0.12,29,26,3,0.896551724137931,0.896551724137931,True,0.9561175505345832,0,0
2024_56_education_binary_lower,56,lower,adjacent,phi_012,phi_014,0.12,0.14,26,22,4,0.8461538461538461,0.8461538461538461,True,0.8364779874213837,1,1
2024_56_education_binary_lower,56,lower,outer,phi_010,phi_014,0.1,0.14,29,22,7,0.7586206896551724,0.7586206896551724,True,0.7210066774523088,1,1
