bootstrap_replicate,support_fraction,baseline_motif_count,replicate_discovered_motif_count,retained_baseline_motif_count,novel_motif_count,discovery_set_retention,discovery_set_jaccard
1,0.1,1098,13094,1098,11996,1.0,0.0838552008553536
1,0.2,542,4841,542,4299,1.0,0.11196033877298078
1,0.3,342,1866,342,1524,1.0,0.1832797427652733
2,0.1,1098,11600,1098,10502,1.0,0.0946551724137931
2,0.2,542,4843,542,4301,1.0,0.11191410282882511
2,0.3,342,2167,342,1825,1.0,0.15782187355791416
3,0.1,1098,10455,1098,9357,1.0,0.10502152080344333
3,0.2,542,4297,542,3755,1.0,0.12613451245054688
3,0.3,342,1767,342,1425,1.0,0.1935483870967742
4,0.1,1098,12932,1098,11834,1.0,0.08490566037735849
4,0.2,542,4936,542,4394,1.0,0.10980551053484602
4,0.3,342,2124,342,1782,1.0,0.16101694915254236
5,0.1,1098,12562,1098,11464,1.0,0.08740646393886324
5,0.2,542,5016,542,4474,1.0,0.10805422647527911
5,0.3,342,2174,342,1832,1.0,0.15731370745170192
6,0.1,1098,11720,1098,10622,1.0,0.09368600682593857
6,0.2,542,5095,542,4553,1.0,0.10637880274779195
6,0.3,342,2350,342,2008,1.0,0.14553191489361703
7,0.1,1098,13642,1098,12544,1.0,0.08048673215071105
7,0.2,542,5546,542,5004,1.0,0.09772809231878832
7,0.3,342,2413,342,2071,1.0,0.14173228346456693
8,0.1,1098,11543,1098,10445,1.0,0.09512258511652083
8,0.2,542,5094,542,4552,1.0,0.10639968590498626
8,0.3,342,2066,342,1724,1.0,0.16553727008712488
9,0.1,1098,11519,1098,10421,1.0,0.09532077437277542
9,0.2,542,4853,542,4311,1.0,0.11168349474551824
9,0.3,342,1986,342,1644,1.0,0.17220543806646527
10,0.1,1098,10685,1098,9587,1.0,0.1027608797379504
10,0.2,542,4694,542,4152,1.0,0.11546655304644227
10,0.3,342,1794,342,1452,1.0,0.19063545150501673
11,0.1,1098,9685,1098,8587,1.0,0.11337119256582344
11,0.2,542,4145,542,3603,1.0,0.1307599517490953
11,0.3,342,1754,342,1412,1.0,0.1949828962371722
12,0.1,1098,11190,1098,10092,1.0,0.09812332439678284
12,0.2,542,4904,542,4362,1.0,0.11052202283849918
12,0.3,342,2182,342,1840,1.0,0.15673693858845097
13,0.1,1098,12433,1098,11335,1.0,0.08831335960749619
13,0.2,542,5216,542,4674,1.0,0.10391104294478527
13,0.3,342,2140,342,1798,1.0,0.15981308411214953
14,0.1,1098,14897,1098,13799,1.0,0.07370611532523327
14,0.2,542,6108,542,5566,1.0,0.08873608382449247
14,0.3,342,3000,342,2658,1.0,0.114
15,0.1,1098,14224,1098,13126,1.0,0.07719347581552306
15,0.2,542,5823,542,5281,1.0,0.09307916881332647
15,0.3,342,2606,342,2264,1.0,0.13123561013046814
16,0.1,1098,11279,1098,10181,1.0,0.09734905576735527
16,0.2,542,4657,542,4115,1.0,0.1163839381576122
16,0.3,342,2104,342,1762,1.0,0.16254752851711027
17,0.1,1098,12789,1098,11691,1.0,0.08585503166783955
17,0.2,542,4914,542,4372,1.0,0.1102971102971103
17,0.3,342,2151,342,1809,1.0,0.1589958158995816
18,0.1,1098,14197,1098,13099,1.0,0.07734028315841375
18,0.2,542,6102,542,5560,1.0,0.08882333661094723
18,0.3,342,2359,342,2017,1.0,0.14497668503603223
19,0.1,1098,11805,1098,10707,1.0,0.09301143583227446
19,0.2,542,4750,542,4208,1.0,0.11410526315789474
19,0.3,342,2326,342,1984,1.0,0.1470335339638865
20,0.1,1098,13263,1098,12165,1.0,0.08278669984166478
20,0.2,542,5126,542,4584,1.0,0.10573546625048771
20,0.3,342,2110,342,1768,1.0,0.16208530805687205
21,0.1,1098,10748,1098,9650,1.0,0.10215854112393004
21,0.2,542,4734,542,4192,1.0,0.1144909167722856
21,0.3,342,2016,342,1674,1.0,0.16964285714285715
22,0.1,1098,10431,1098,9333,1.0,0.10526315789473684
22,0.2,542,4201,542,3659,1.0,0.12901690073791955
22,0.3,342,1686,342,1344,1.0,0.20284697508896798
23,0.1,1098,12973,1098,11875,1.0,0.08463732367224235
23,0.2,542,5087,542,4545,1.0,0.10654609789659918
23,0.3,342,2237,342,1895,1.0,0.15288332588287887
24,0.1,1098,11146,1098,10048,1.0,0.09851067647586578
24,0.2,542,4641,542,4099,1.0,0.11678517560870502
24,0.3,342,2257,342,1915,1.0,0.15152857775808595
25,0.1,1098,10916,1098,9818,1.0,0.10058629534628069
25,0.2,542,4923,542,4381,1.0,0.11009547024172253
25,0.3,342,2158,342,1816,1.0,0.15848007414272475
26,0.1,1098,11306,1098,10208,1.0,0.09711657526976826
26,0.2,542,4668,542,4126,1.0,0.11610968294772922
26,0.3,342,1882,342,1540,1.0,0.18172157279489903
27,0.1,1098,13067,1098,11969,1.0,0.08402846866151374
27,0.2,542,5226,542,4684,1.0,0.10371220818982013
27,0.3,342,2289,342,1947,1.0,0.14941022280471822
28,0.1,1098,14835,1098,13737,1.0,0.07401415571284126
28,0.2,542,5738,542,5196,1.0,0.09445799930289299
28,0.3,342,3110,342,2768,1.0,0.10996784565916398
29,0.1,1098,12783,1098,11685,1.0,0.08589532973480404
29,0.2,542,5743,542,5201,1.0,0.09437576179697023
29,0.3,342,2623,342,2281,1.0,0.1303850552802135
30,0.1,1098,13212,1098,12114,1.0,0.08310626702997276
30,0.2,542,5680,542,5138,1.0,0.0954225352112676
30,0.3,342,2123,342,1781,1.0,0.16109279321714554
31,0.1,1098,10985,1098,9887,1.0,0.09995448338643605
31,0.2,542,4643,542,4101,1.0,0.11673486969631704
31,0.3,342,2038,342,1696,1.0,0.1678115799803729
32,0.1,1098,12239,1098,11141,1.0,0.08971321186371435
32,0.2,542,5070,542,4528,1.0,0.10690335305719921
32,0.3,342,2462,342,2120,1.0,0.1389114541023558
33,0.1,1098,13497,1098,12399,1.0,0.08135141142476106
33,0.2,542,5534,542,4992,1.0,0.09794000722804481
33,0.3,342,2463,342,2121,1.0,0.13885505481120586
34,0.1,1098,11587,1098,10489,1.0,0.09476137050142401
34,0.2,542,5478,542,4936,1.0,0.09894121942314714
34,0.3,342,2688,342,2346,1.0,0.12723214285714285
35,0.1,1098,14991,1098,13893,1.0,0.0732439463678207
35,0.2,542,5782,542,5240,1.0,0.09373919059149083
35,0.3,342,2456,342,2114,1.0,0.13925081433224756
36,0.1,1098,10177,1098,9079,1.0,0.1078903409649209
36,0.2,542,4837,542,4295,1.0,0.112052925366963
36,0.3,342,2157,342,1815,1.0,0.15855354659248957
37,0.1,1098,12232,1098,11134,1.0,0.08976455199476782
37,0.2,542,5247,542,4705,1.0,0.10329712216504669
37,0.3,342,2457,342,2115,1.0,0.1391941391941392
38,0.1,1098,10442,1098,9344,1.0,0.10515226968013791
38,0.2,542,4426,542,3884,1.0,0.12245820153637596
38,0.3,342,2127,342,1785,1.0,0.1607898448519041
39,0.1,1098,12022,1098,10924,1.0,0.09133255697887206
39,0.2,542,4838,542,4296,1.0,0.11202976436544027
39,0.3,342,1909,342,1567,1.0,0.17915138816134102
40,0.1,1098,11747,1098,10649,1.0,0.09347067336341193
40,0.2,542,5315,542,4773,1.0,0.1019755409219191
40,0.3,342,2218,342,1876,1.0,0.15419296663660956
41,0.1,1098,12749,1098,11651,1.0,0.0861244019138756
41,0.2,542,5135,542,4593,1.0,0.10555014605647517
41,0.3,342,2487,342,2145,1.0,0.13751507840772015
42,0.1,1098,12094,1098,10996,1.0,0.09078882090292707
42,0.2,542,4588,542,4046,1.0,0.11813426329555361
42,0.3,342,2031,342,1689,1.0,0.16838995568685378
43,0.1,1098,12140,1098,11042,1.0,0.09044481054365733
43,0.2,542,4945,542,4403,1.0,0.1096056622851365
43,0.3,342,1996,342,1654,1.0,0.1713426853707415
44,0.1,1098,13260,1098,12162,1.0,0.08280542986425339
44,0.2,542,4673,542,4131,1.0,0.11598544832013696
44,0.3,342,1753,342,1411,1.0,0.195094124358243
45,0.1,1098,10433,1098,9335,1.0,0.10524297900891402
45,0.2,542,4368,542,3826,1.0,0.12408424908424909
45,0.3,342,1928,342,1586,1.0,0.17738589211618258
46,0.1,1098,12884,1098,11786,1.0,0.08522198075131947
46,0.2,542,5710,542,5168,1.0,0.09492119089316987
46,0.3,342,2525,342,2183,1.0,0.13544554455445545
47,0.1,1098,12948,1098,11850,1.0,0.08480074142724744
47,0.2,542,5879,542,5337,1.0,0.09219254975335942
47,0.3,342,2595,342,2253,1.0,0.13179190751445086
48,0.1,1098,11817,1098,10719,1.0,0.09291698400609291
48,0.2,542,4707,542,4165,1.0,0.11514765243254727
48,0.3,342,2109,342,1767,1.0,0.16216216216216217
49,0.1,1098,14258,1098,13160,1.0,0.07700939823257119
49,0.2,542,5967,542,5425,1.0,0.09083291436232613
49,0.3,342,2705,342,2363,1.0,0.12643253234750462
50,0.1,1098,13326,1098,12228,1.0,0.08239531742458352
50,0.2,542,5463,542,4921,1.0,0.09921288669229361
50,0.3,342,2627,342,2285,1.0,0.13018652455272173
51,0.1,1098,13014,1098,11916,1.0,0.08437067773167359
51,0.2,542,5075,542,4533,1.0,0.10679802955665024
51,0.3,342,2226,342,1884,1.0,0.15363881401617252
52,0.1,1098,11496,1098,10398,1.0,0.09551148225469729
52,0.2,542,4387,542,3845,1.0,0.12354684294506496
52,0.3,342,1956,342,1614,1.0,0.17484662576687116
53,0.1,1098,12973,1098,11875,1.0,0.08463732367224235
53,0.2,542,5889,542,5347,1.0,0.09203599932076753
53,0.3,342,2575,342,2233,1.0,0.13281553398058252
54,0.1,1098,9946,1098,8848,1.0,0.11039613915141766
54,0.2,542,4308,542,3766,1.0,0.12581244196843083
54,0.3,342,2099,342,1757,1.0,0.162934730824202
55,0.1,1098,11044,1098,9946,1.0,0.09942049981890619
55,0.2,542,4758,542,4216,1.0,0.1139134089953762
55,0.3,342,2263,342,1921,1.0,0.15112682280159082
56,0.1,1098,12139,1098,11041,1.0,0.09045226130653267
56,0.2,542,5174,542,4632,1.0,0.10475454194047158
56,0.3,342,2331,342,1989,1.0,0.14671814671814673
57,0.1,1098,11275,1098,10177,1.0,0.09738359201773836
57,0.2,542,4582,542,4040,1.0,0.11828895678742907
57,0.3,342,2130,342,1788,1.0,0.16056338028169015
58,0.1,1098,11403,1098,10305,1.0,0.0962904498816101
58,0.2,542,4288,542,3746,1.0,0.12639925373134328
58,0.3,342,1801,342,1459,1.0,0.18989450305385897
59,0.1,1098,11253,1098,10155,1.0,0.09757398027192749
59,0.2,542,5021,542,4479,1.0,0.10794662417845051
59,0.3,342,2269,342,1927,1.0,0.1507271925958572
60,0.1,1098,11483,1098,10385,1.0,0.09561961159975615
60,0.2,542,4911,542,4369,1.0,0.11036448788434128
60,0.3,342,2016,342,1674,1.0,0.16964285714285715
61,0.1,1098,12271,1098,11173,1.0,0.08947926004400619
61,0.2,542,4778,542,4236,1.0,0.11343658434491419
61,0.3,342,2396,342,2054,1.0,0.14273789649415694
62,0.1,1098,12062,1098,10964,1.0,0.0910296799867352
62,0.2,542,4815,542,4273,1.0,0.11256490134994808
62,0.3,342,1930,342,1588,1.0,0.1772020725388601
63,0.1,1098,11721,1098,10623,1.0,0.0936780138213463
63,0.2,542,5245,542,4703,1.0,0.10333651096282173
63,0.3,342,2270,342,1928,1.0,0.15066079295154186
64,0.1,1098,12581,1098,11483,1.0,0.08727446148954773
64,0.2,542,4742,542,4200,1.0,0.11429776465626318
64,0.3,342,2108,342,1766,1.0,0.16223908918406071
65,0.1,1098,11273,1098,10175,1.0,0.09740086933380644
65,0.2,542,4820,542,4278,1.0,0.11244813278008299
65,0.3,342,1715,342,1373,1.0,0.19941690962099126
66,0.1,1098,11945,1098,10847,1.0,0.0919213059857681
66,0.2,542,4553,542,4011,1.0,0.11904238963320887
66,0.3,342,1965,342,1623,1.0,0.17404580152671756
67,0.1,1098,12007,1098,10909,1.0,0.09144665611726494
67,0.2,542,4902,542,4360,1.0,0.1105671154630763
67,0.3,342,2000,342,1658,1.0,0.171
68,0.1,1098,11747,1098,10649,1.0,0.09347067336341193
68,0.2,542,4816,542,4274,1.0,0.11254152823920266
68,0.3,342,2108,342,1766,1.0,0.16223908918406071
69,0.1,1098,12769,1098,11671,1.0,0.08598950583444279
69,0.2,542,5488,542,4946,1.0,0.09876093294460642
69,0.3,342,2234,342,1892,1.0,0.153088630259624
70,0.1,1098,13648,1098,12550,1.0,0.08045134818288394
70,0.2,542,5273,542,4731,1.0,0.1027877868386118
70,0.3,342,2253,342,1911,1.0,0.151797603195739
71,0.1,1098,10963,1098,9865,1.0,0.10015506704369243
71,0.2,542,4776,542,4234,1.0,0.11348408710217756
71,0.3,342,2041,342,1699,1.0,0.16756491915727584
72,0.1,1098,12602,1098,11504,1.0,0.08712902713854943
72,0.2,542,4846,542,4304,1.0,0.11184482047049113
72,0.3,342,2210,342,1868,1.0,0.15475113122171946
73,0.1,1098,14352,1098,13254,1.0,0.07650501672240803
73,0.2,542,6461,542,5919,1.0,0.08388794304287261
73,0.3,342,2734,342,2392,1.0,0.1250914411119239
74,0.1,1098,13232,1098,12134,1.0,0.08298065296251511
74,0.2,542,5798,542,5256,1.0,0.09348051052086927
74,0.3,342,2348,342,2006,1.0,0.14565587734241908
75,0.1,1098,11726,1098,10628,1.0,0.09363806924782535
75,0.2,542,4803,542,4261,1.0,0.1128461378305226
75,0.3,342,2158,342,1816,1.0,0.15848007414272475
76,0.1,1098,12574,1098,11476,1.0,0.08732304755845395
76,0.2,542,5422,542,4880,1.0,0.099963113242346
76,0.3,342,2265,342,1923,1.0,0.1509933774834437
77,0.1,1098,12555,1098,11457,1.0,0.08745519713261649
77,0.2,542,5264,542,4722,1.0,0.10296352583586627
77,0.3,342,2320,342,1978,1.0,0.14741379310344827
78,0.1,1098,9629,1098,8531,1.0,0.1140305327656039
78,0.2,542,4053,542,3511,1.0,0.13372810264001975
78,0.3,342,1955,342,1613,1.0,0.17493606138107418
79,0.1,1098,13761,1098,12663,1.0,0.07979071288423806
79,0.2,542,5116,542,4574,1.0,0.10594214229867084
79,0.3,342,2240,342,1898,1.0,0.15267857142857144
80,0.1,1098,12105,1098,11007,1.0,0.09070631970260223
80,0.2,542,4639,542,4097,1.0,0.11683552489760725
80,0.3,342,2034,342,1692,1.0,0.168141592920354
81,0.1,1098,11405,1098,10307,1.0,0.09627356422621657
81,0.2,542,4926,542,4384,1.0,0.11002842062525375
81,0.3,342,2267,342,1925,1.0,0.15086016762240848
82,0.1,1098,10250,1098,9152,1.0,0.1071219512195122
82,0.2,542,4074,542,3532,1.0,0.1330387825233186
82,0.3,342,1928,342,1586,1.0,0.17738589211618258
83,0.1,1098,11804,1098,10706,1.0,0.09301931548627584
83,0.2,542,4396,542,3854,1.0,0.12329390354868063
83,0.3,342,1917,342,1575,1.0,0.1784037558685446
84,0.1,1098,13291,1098,12193,1.0,0.08261229403355654
84,0.2,542,5501,542,4959,1.0,0.09852754044719142
84,0.3,342,2237,342,1895,1.0,0.15288332588287887
85,0.1,1098,14346,1098,13248,1.0,0.07653701380175659
85,0.2,542,6067,542,5525,1.0,0.08933575078292401
85,0.3,342,2647,342,2305,1.0,0.129202871174915
86,0.1,1098,11297,1098,10199,1.0,0.09719394529521112
86,0.2,542,4520,542,3978,1.0,0.11991150442477876
86,0.3,342,1914,342,1572,1.0,0.1786833855799373
87,0.1,1098,11119,1098,10021,1.0,0.09874988757981833
87,0.2,542,5049,542,4507,1.0,0.10734798970093087
87,0.3,342,2077,342,1735,1.0,0.16466056812710642
88,0.1,1098,12053,1098,10955,1.0,0.0910976520368373
88,0.2,542,4645,542,4103,1.0,0.11668460710441335
88,0.3,342,1870,342,1528,1.0,0.18288770053475936
89,0.1,1098,12423,1098,11325,1.0,0.08838444820091765
89,0.2,542,4995,542,4453,1.0,0.1085085085085085
89,0.3,342,2409,342,2067,1.0,0.14196762141967623
90,0.1,1098,12133,1098,11035,1.0,0.09049699167559548
90,0.2,542,4735,542,4193,1.0,0.11446673706441395
90,0.3,342,2098,342,1756,1.0,0.16301239275500476
91,0.1,1098,12073,1098,10975,1.0,0.09094674066097905
91,0.2,542,5047,542,4505,1.0,0.10739052902714484
91,0.3,342,1921,342,1579,1.0,0.1780322748568454
92,0.1,1098,10878,1098,9780,1.0,0.10093767236624379
92,0.2,542,4335,542,3793,1.0,0.12502883506343715
92,0.3,342,2073,342,1731,1.0,0.1649782923299566
93,0.1,1098,11798,1098,10700,1.0,0.09306662146126463
93,0.2,542,4762,542,4220,1.0,0.11381772364552709
93,0.3,342,2229,342,1887,1.0,0.15343203230148048
94,0.1,1098,11363,1098,10265,1.0,0.09662941124702984
94,0.2,542,5101,542,4559,1.0,0.10625367574985296
94,0.3,342,1979,342,1637,1.0,0.17281455280444669
95,0.1,1098,14242,1098,13144,1.0,0.0770959134952956
95,0.2,542,5601,542,5059,1.0,0.09676843420817711
95,0.3,342,2644,342,2302,1.0,0.12934947049924356
96,0.1,1098,12246,1098,11148,1.0,0.08966193042626164
96,0.2,542,4874,542,4332,1.0,0.11120229790726303
96,0.3,342,2113,342,1771,1.0,0.16185518220539516
97,0.1,1098,14274,1098,13176,1.0,0.07692307692307693
97,0.2,542,5806,542,5264,1.0,0.09335170513262142
97,0.3,342,2886,342,2544,1.0,0.11850311850311851
98,0.1,1098,11088,1098,9990,1.0,0.09902597402597403
98,0.2,542,4432,542,3890,1.0,0.12229241877256318
98,0.3,342,2140,342,1798,1.0,0.15981308411214953
99,0.1,1098,13806,1098,12708,1.0,0.07953063885267275
99,0.2,542,5971,542,5429,1.0,0.09077206498074024
99,0.3,342,2494,342,2152,1.0,0.13712910986367283
100,0.1,1098,11236,1098,10138,1.0,0.09772160911356355
100,0.2,542,4409,542,3867,1.0,0.1229303696983443
100,0.3,342,1885,342,1543,1.0,0.18143236074270558
101,0.1,1098,11707,1098,10609,1.0,0.09379004014692065
101,0.2,542,4635,542,4093,1.0,0.11693635382955771
101,0.3,342,2071,342,1729,1.0,0.1651376146788991
102,0.1,1098,10196,1098,9098,1.0,0.10768928991761476
102,0.2,542,4507,542,3965,1.0,0.12025737741291324
102,0.3,342,2203,342,1861,1.0,0.15524285065819338
103,0.1,1098,10287,1098,9189,1.0,0.10673665791776028
103,0.2,542,4481,542,3939,1.0,0.12095514394108457
103,0.3,342,1800,342,1458,1.0,0.19
104,0.1,1098,12471,1098,11373,1.0,0.0880442626894395
104,0.2,542,5124,542,4582,1.0,0.10577673692427791
104,0.3,342,2349,342,2007,1.0,0.14559386973180077
105,0.1,1098,14073,1098,12975,1.0,0.07802174376465572
105,0.2,542,5552,542,5010,1.0,0.09762247838616715
105,0.3,342,2454,342,2112,1.0,0.1393643031784841
106,0.1,1098,12062,1098,10964,1.0,0.0910296799867352
106,0.2,542,5165,542,4623,1.0,0.10493707647628267
106,0.3,342,2235,342,1893,1.0,0.15302013422818792
107,0.1,1098,11384,1098,10286,1.0,0.09645115952213633
107,0.2,542,4558,542,4016,1.0,0.11891180342255375
107,0.3,342,1897,342,1555,1.0,0.18028465998945703
108,0.1,1098,13123,1098,12025,1.0,0.08366989255505601
108,0.2,542,5267,542,4725,1.0,0.10290487943801026
108,0.3,342,2421,342,2079,1.0,0.1412639405204461
109,0.1,1098,13791,1098,12693,1.0,0.07961714161409615
109,0.2,542,5396,542,4854,1.0,0.10044477390659748
109,0.3,342,2201,342,1859,1.0,0.15538391640163562
110,0.1,1098,8929,1098,7831,1.0,0.12297009743532311
110,0.2,542,3575,542,3033,1.0,0.1516083916083916
110,0.3,342,1640,342,1298,1.0,0.20853658536585365
111,0.1,1098,12764,1098,11666,1.0,0.08602319022250078
111,0.2,542,5607,542,5065,1.0,0.09666488318173712
111,0.3,342,2381,342,2039,1.0,0.14363712725745484
112,0.1,1098,13695,1098,12597,1.0,0.08017524644030669
112,0.2,542,4953,542,4411,1.0,0.10942862911366848
112,0.3,342,2066,342,1724,1.0,0.16553727008712488
113,0.1,1098,11646,1098,10548,1.0,0.09428129829984544
113,0.2,542,4997,542,4455,1.0,0.10846507904742846
113,0.3,342,2361,342,2019,1.0,0.144853875476493
114,0.1,1098,11514,1098,10416,1.0,0.09536216779572694
114,0.2,542,4343,542,3801,1.0,0.12479852636426433
114,0.3,342,2016,342,1674,1.0,0.16964285714285715
115,0.1,1098,10155,1098,9057,1.0,0.10812407680945348
115,0.2,542,4062,542,3520,1.0,0.13343180699162974
115,0.3,342,2018,342,1676,1.0,0.1694747274529237
116,0.1,1098,11776,1098,10678,1.0,0.09324048913043478
116,0.2,542,5377,542,4835,1.0,0.10079970243630278
116,0.3,342,2324,342,1982,1.0,0.14716006884681584
117,0.1,1098,9758,1098,8660,1.0,0.11252305800368928
117,0.2,542,4172,542,3630,1.0,0.1299137104506232
117,0.3,342,1755,342,1413,1.0,0.19487179487179487
118,0.1,1098,11321,1098,10223,1.0,0.09698789859553043
118,0.2,542,4241,542,3699,1.0,0.12780004715868898
118,0.3,342,1742,342,1400,1.0,0.19632606199770378
119,0.1,1098,13363,1098,12265,1.0,0.08216717802888573
119,0.2,542,5354,542,4812,1.0,0.10123272319760926
119,0.3,342,2351,342,2009,1.0,0.14547001276052743
120,0.1,1098,11518,1098,10420,1.0,0.09532905018232332
120,0.2,542,4882,542,4340,1.0,0.11102007374027038
120,0.3,342,2358,342,2016,1.0,0.1450381679389313
121,0.1,1098,10195,1098,9097,1.0,0.10769985286905345
121,0.2,542,4358,542,3816,1.0,0.12436897659476824
121,0.3,342,2085,342,1743,1.0,0.16402877697841728
122,0.1,1098,10995,1098,9897,1.0,0.09986357435197817
122,0.2,542,4830,542,4288,1.0,0.11221532091097308
122,0.3,342,2070,342,1728,1.0,0.16521739130434782
123,0.1,1098,13883,1098,12785,1.0,0.07908953396240005
123,0.2,542,6124,542,5582,1.0,0.08850424559111691
123,0.3,342,2542,342,2200,1.0,0.13453973249409915
124,0.1,1098,13542,1098,12444,1.0,0.08108108108108109
124,0.2,542,5452,542,4910,1.0,0.09941305942773294
124,0.3,342,2342,342,2000,1.0,0.14602903501280956
125,0.1,1098,13897,1098,12799,1.0,0.07900985824278621
125,0.2,542,5587,542,5045,1.0,0.09701091820297118
125,0.3,342,2540,342,2198,1.0,0.1346456692913386
126,0.1,1098,12541,1098,11443,1.0,0.08755282672833108
126,0.2,542,5018,542,4476,1.0,0.10801115982463133
126,0.3,342,2228,342,1886,1.0,0.15350089766606823
127,0.1,1098,9758,1098,8660,1.0,0.11252305800368928
127,0.2,542,3965,542,3423,1.0,0.13669609079445144
127,0.3,342,1864,342,1522,1.0,0.1834763948497854
128,0.1,1098,12968,1098,11870,1.0,0.08466995681677976
128,0.2,542,5084,542,4542,1.0,0.10660896931549961
128,0.3,342,2106,342,1764,1.0,0.1623931623931624
129,0.1,1098,11065,1098,9967,1.0,0.09923181201988251
129,0.2,542,4568,542,4026,1.0,0.11865148861646235
129,0.3,342,1991,342,1649,1.0,0.17177297840281266
130,0.1,1098,12497,1098,11399,1.0,0.08786108666079859
130,0.2,542,5307,542,4765,1.0,0.10212926323723384
130,0.3,342,2336,342,1994,1.0,0.1464041095890411
131,0.1,1098,13086,1098,11988,1.0,0.08390646492434663
131,0.2,542,5198,542,4656,1.0,0.1042708734128511
131,0.3,342,2150,342,1808,1.0,0.15906976744186047
132,0.1,1098,9374,1098,8276,1.0,0.11713249413270749
132,0.2,542,3872,542,3330,1.0,0.1399793388429752
132,0.3,342,1664,342,1322,1.0,0.20552884615384615
133,0.1,1098,12676,1098,11578,1.0,0.0866203849794888
133,0.2,542,5527,542,4985,1.0,0.09806404921295458
133,0.3,342,2292,342,1950,1.0,0.14921465968586387
134,0.1,1098,11724,1098,10626,1.0,0.09365404298874104
134,0.2,542,4861,542,4319,1.0,0.11149969142151821
134,0.3,342,2195,342,1853,1.0,0.15580865603644647
135,0.1,1098,11785,1098,10687,1.0,0.09316928298684769
135,0.2,542,4689,542,4147,1.0,0.11558967796971635
135,0.3,342,2221,342,1879,1.0,0.1539846915803692
136,0.1,1098,12304,1098,11206,1.0,0.08923927178153446
136,0.2,542,5341,542,4799,1.0,0.10147912375959559
136,0.3,342,2375,342,2033,1.0,0.144
137,0.1,1098,10990,1098,9892,1.0,0.09990900818926296
137,0.2,542,4793,542,4251,1.0,0.1130815773002295
137,0.3,342,2058,342,1716,1.0,0.1661807580174927
138,0.1,1098,12427,1098,11329,1.0,0.08835599903436067
138,0.2,542,4621,542,4079,1.0,0.11729062973382384
138,0.3,342,2100,342,1758,1.0,0.16285714285714287
139,0.1,1098,11656,1098,10558,1.0,0.09420041180507893
139,0.2,542,5204,542,4662,1.0,0.10415065334358185
139,0.3,342,2264,342,1922,1.0,0.15106007067137808
140,0.1,1098,12808,1098,11710,1.0,0.08572767020612117
140,0.2,542,4732,542,4190,1.0,0.11453930684699916
140,0.3,342,1869,342,1527,1.0,0.18298555377207062
141,0.1,1098,11730,1098,10632,1.0,0.09360613810741689
141,0.2,542,4784,542,4242,1.0,0.1132943143812709
141,0.3,342,2046,342,1704,1.0,0.16715542521994134
142,0.1,1098,13182,1098,12084,1.0,0.08329540282203005
142,0.2,542,5307,542,4765,1.0,0.10212926323723384
142,0.3,342,2132,342,1790,1.0,0.16041275797373358
143,0.1,1098,12601,1098,11503,1.0,0.08713594159193715
143,0.2,542,5002,542,4460,1.0,0.10835665733706518
143,0.3,342,2084,342,1742,1.0,0.16410748560460653
144,0.1,1098,12498,1098,11400,1.0,0.08785405664906384
144,0.2,542,5248,542,4706,1.0,0.10327743902439024
144,0.3,342,2364,342,2022,1.0,0.1446700507614213
145,0.1,1098,12665,1098,11567,1.0,0.08669561784445322
145,0.2,542,5157,542,4615,1.0,0.10509986426216793
145,0.3,342,2288,342,1946,1.0,0.14947552447552448
146,0.1,1098,11805,1098,10707,1.0,0.09301143583227446
146,0.2,542,5196,542,4654,1.0,0.10431100846805234
146,0.3,342,2370,342,2028,1.0,0.14430379746835442
147,0.1,1098,11800,1098,10702,1.0,0.09305084745762712
147,0.2,542,5239,542,4697,1.0,0.10345485779728956
147,0.3,342,2268,342,1926,1.0,0.15079365079365079
148,0.1,1098,14975,1098,13877,1.0,0.07332220367278798
148,0.2,542,6321,542,5779,1.0,0.08574592627748774
148,0.3,342,2598,342,2256,1.0,0.13163972286374134
149,0.1,1098,11983,1098,10885,1.0,0.09162980889593592
149,0.2,542,5012,542,4470,1.0,0.10814046288906624
149,0.3,342,2040,342,1698,1.0,0.1676470588235294
150,0.1,1098,11682,1098,10584,1.0,0.09399075500770417
150,0.2,542,4631,542,4089,1.0,0.11703735694234507
150,0.3,342,1980,342,1638,1.0,0.17272727272727273
151,0.1,1098,11186,1098,10088,1.0,0.09815841230109065
151,0.2,542,4598,542,4056,1.0,0.11787733797303175
151,0.3,342,1894,342,1552,1.0,0.1805702217529039
152,0.1,1098,10869,1098,9771,1.0,0.10102125310516147
152,0.2,542,4545,542,4003,1.0,0.11925192519251925
152,0.3,342,1952,342,1610,1.0,0.17520491803278687
153,0.1,1098,9995,1098,8897,1.0,0.10985492746373186
153,0.2,542,4763,542,4221,1.0,0.11379382741969347
153,0.3,342,1876,342,1534,1.0,0.18230277185501065
154,0.1,1098,13045,1098,11947,1.0,0.08417018014564967
154,0.2,542,5344,542,4802,1.0,0.10142215568862276
154,0.3,342,2355,342,2013,1.0,0.14522292993630573
155,0.1,1098,11658,1098,10560,1.0,0.0941842511580031
155,0.2,542,4966,542,4424,1.0,0.10914216673378976
155,0.3,342,2223,342,1881,1.0,0.15384615384615385
156,0.1,1098,12648,1098,11550,1.0,0.08681214421252371
156,0.2,542,5484,542,4942,1.0,0.0988329686360321
156,0.3,342,2306,342,1964,1.0,0.14830875975715524
157,0.1,1098,10980,1098,9882,1.0,0.1
157,0.2,542,4932,542,4390,1.0,0.10989456609894566
157,0.3,342,2212,342,1870,1.0,0.1546112115732369
158,0.1,1098,12596,1098,11498,1.0,0.08717053032708796
158,0.2,542,5195,542,4653,1.0,0.1043310875842156
158,0.3,342,2131,342,1789,1.0,0.16048803378695448
159,0.1,1098,13994,1098,12896,1.0,0.07846219808489352
159,0.2,542,5806,542,5264,1.0,0.09335170513262142
159,0.3,342,2588,342,2246,1.0,0.1321483771251932
160,0.1,1098,12251,1098,11153,1.0,0.08962533670720757
160,0.2,542,4913,542,4371,1.0,0.11031956035009159
160,0.3,342,2227,342,1885,1.0,0.1535698248765155
161,0.1,1098,13131,1098,12033,1.0,0.08361891706648389
161,0.2,542,5252,542,4710,1.0,0.1031987814166032
161,0.3,342,2365,342,2023,1.0,0.14460887949260043
162,0.1,1098,12051,1098,10953,1.0,0.09111277072442121
162,0.2,542,5532,542,4990,1.0,0.09797541576283442
162,0.3,342,2259,342,1917,1.0,0.15139442231075698
163,0.1,1098,11043,1098,9945,1.0,0.09942950285248574
163,0.2,542,4478,542,3936,1.0,0.12103617686467173
163,0.3,342,1987,342,1645,1.0,0.17211877201811776
164,0.1,1098,12263,1098,11165,1.0,0.08953763353176221
164,0.2,542,4893,542,4351,1.0,0.11077048845289189
164,0.3,342,2021,342,1679,1.0,0.16922315685304304
165,0.1,1098,13259,1098,12161,1.0,0.08281167508861906
165,0.2,542,5261,542,4719,1.0,0.1030222391180384
165,0.3,342,2252,342,1910,1.0,0.15186500888099466
166,0.1,1098,12842,1098,11744,1.0,0.0855007008254166
166,0.2,542,4982,542,4440,1.0,0.10879164993978321
166,0.3,342,2034,342,1692,1.0,0.168141592920354
167,0.1,1098,12028,1098,10930,1.0,0.0912869970069837
167,0.2,542,4975,542,4433,1.0,0.10894472361809045
167,0.3,342,1965,342,1623,1.0,0.17404580152671756
168,0.1,1098,11155,1098,10057,1.0,0.09843119677274764
168,0.2,542,5077,542,4535,1.0,0.10675595824305692
168,0.3,342,2350,342,2008,1.0,0.14553191489361703
169,0.1,1098,12243,1098,11145,1.0,0.08968390100465572
169,0.2,542,4970,542,4428,1.0,0.1090543259557344
169,0.3,342,1873,342,1531,1.0,0.1825947677522691
170,0.1,1098,13853,1098,12755,1.0,0.07926080993286652
170,0.2,542,5621,542,5079,1.0,0.0964241238213841
170,0.3,342,2528,342,2186,1.0,0.13528481012658228
171,0.1,1098,12649,1098,11551,1.0,0.08680528104988537
171,0.2,542,4888,542,4346,1.0,0.11088379705400982
171,0.3,342,2102,342,1760,1.0,0.16270218839200762
172,0.1,1098,13617,1098,12519,1.0,0.0806345009914078
172,0.2,542,5803,542,5261,1.0,0.09339996553506807
172,0.3,342,2749,342,2407,1.0,0.1244088759548927
173,0.1,1098,15269,1098,14171,1.0,0.07191040670639859
173,0.2,542,6058,542,5516,1.0,0.08946847144272037
173,0.3,342,2608,342,2266,1.0,0.13113496932515337
174,0.1,1098,13241,1098,12143,1.0,0.08292425043425723
174,0.2,542,5389,542,4847,1.0,0.10057524587121915
174,0.3,342,2354,342,2012,1.0,0.14528462192013594
175,0.1,1098,14290,1098,13192,1.0,0.0768369489153254
175,0.2,542,5909,542,5367,1.0,0.09172448806904722
175,0.3,342,2715,342,2373,1.0,0.12596685082872927
176,0.1,1098,12266,1098,11168,1.0,0.0895157345507908
176,0.2,542,5185,542,4643,1.0,0.10453230472516875
176,0.3,342,2130,342,1788,1.0,0.16056338028169015
177,0.1,1098,11920,1098,10822,1.0,0.09211409395973154
177,0.2,542,4691,542,4149,1.0,0.11554039650394372
177,0.3,342,1750,342,1408,1.0,0.19542857142857142
178,0.1,1098,12127,1098,11029,1.0,0.0905417663065886
178,0.2,542,4621,542,4079,1.0,0.11729062973382384
178,0.3,342,2039,342,1697,1.0,0.16772927905836194
179,0.1,1098,15162,1098,14064,1.0,0.07241788682231895
179,0.2,542,5961,542,5419,1.0,0.09092434155343063
179,0.3,342,2242,342,1900,1.0,0.15254237288135594
180,0.1,1098,10705,1098,9607,1.0,0.10256889304063521
180,0.2,542,4473,542,3931,1.0,0.12117147328414934
180,0.3,342,2014,342,1672,1.0,0.16981132075471697
181,0.1,1098,10855,1098,9757,1.0,0.10115154306771074
181,0.2,542,4496,542,3954,1.0,0.12055160142348754
181,0.3,342,1990,342,1648,1.0,0.17185929648241205
182,0.1,1098,11009,1098,9911,1.0,0.0997365791625034
182,0.2,542,4283,542,3741,1.0,0.12654681298155498
182,0.3,342,1947,342,1605,1.0,0.17565485362095531
183,0.1,1098,11722,1098,10624,1.0,0.09367002218051527
183,0.2,542,5126,542,4584,1.0,0.10573546625048771
183,0.3,342,2124,342,1782,1.0,0.16101694915254236
184,0.1,1098,12960,1098,11862,1.0,0.08472222222222223
184,0.2,542,5119,542,4577,1.0,0.10588005469818323
184,0.3,342,2301,342,1959,1.0,0.14863102998696218
185,0.1,1098,12515,1098,11417,1.0,0.08773471833799441
185,0.2,542,4865,542,4323,1.0,0.11140801644398766
185,0.3,342,2199,342,1857,1.0,0.15552523874488403
186,0.1,1098,12082,1098,10984,1.0,0.09087899354411522
186,0.2,542,5172,542,4630,1.0,0.10479505027068832
186,0.3,342,2205,342,1863,1.0,0.15510204081632653
187,0.1,1098,12303,1098,11205,1.0,0.08924652523774688
187,0.2,542,4853,542,4311,1.0,0.11168349474551824
187,0.3,342,1858,342,1516,1.0,0.18406889128094725
188,0.1,1098,11836,1098,10738,1.0,0.09276782696857046
188,0.2,542,4904,542,4362,1.0,0.11052202283849918
188,0.3,342,2231,342,1889,1.0,0.15329448677722995
189,0.1,1098,11481,1098,10383,1.0,0.09563626861771622
189,0.2,542,4889,542,4347,1.0,0.11086111679280017
189,0.3,342,2214,342,1872,1.0,0.15447154471544716
190,0.1,1098,10208,1098,9110,1.0,0.10756269592476489
190,0.2,542,4129,542,3587,1.0,0.13126665052070718
190,0.3,342,1806,342,1464,1.0,0.1893687707641196
191,0.1,1098,11085,1098,9987,1.0,0.09905277401894452
191,0.2,542,4289,542,3747,1.0,0.12636978316623923
191,0.3,342,2016,342,1674,1.0,0.16964285714285715
192,0.1,1098,12804,1098,11706,1.0,0.08575445173383317
192,0.2,542,5354,542,4812,1.0,0.10123272319760926
192,0.3,342,2343,342,2001,1.0,0.14596670934699105
193,0.1,1098,14826,1098,13728,1.0,0.07405908539053015
193,0.2,542,6468,542,5926,1.0,0.08379715522572666
193,0.3,342,2899,342,2557,1.0,0.11797171438427044
194,0.1,1098,12094,1098,10996,1.0,0.09078882090292707
194,0.2,542,4934,542,4392,1.0,0.10985002026753142
194,0.3,342,2462,342,2120,1.0,0.1389114541023558
195,0.1,1098,12238,1098,11140,1.0,0.08972054257231574
195,0.2,542,4673,542,4131,1.0,0.11598544832013696
195,0.3,342,2035,342,1693,1.0,0.16805896805896806
196,0.1,1098,12617,1098,11519,1.0,0.08702544186415154
196,0.2,542,5458,542,4916,1.0,0.09930377427629168
196,0.3,342,2492,342,2150,1.0,0.13723916532905298
197,0.1,1098,12058,1098,10960,1.0,0.09105987725991044
197,0.2,542,4863,542,4321,1.0,0.11145383508122558
197,0.3,342,2105,342,1763,1.0,0.16247030878859858
198,0.1,1098,13009,1098,11911,1.0,0.08440310554231686
198,0.2,542,5328,542,4786,1.0,0.10172672672672672
198,0.3,342,2449,342,2107,1.0,0.13964883625969784
199,0.1,1098,13124,1098,12026,1.0,0.08366351722035964
199,0.2,542,5171,542,4629,1.0,0.10481531618642428
199,0.3,342,2431,342,2089,1.0,0.1406828465651995
200,0.1,1098,12772,1098,11674,1.0,0.08596930786094582
200,0.2,542,4911,542,4369,1.0,0.11036448788434128
200,0.3,342,2231,342,1889,1.0,0.15329448677722995
201,0.1,1098,9854,1098,8756,1.0,0.11142683174345444
201,0.2,542,4514,542,3972,1.0,0.12007089056269384
201,0.3,342,2079,342,1737,1.0,0.1645021645021645
202,0.1,1098,12937,1098,11839,1.0,0.08487284532735564
202,0.2,542,5353,542,4811,1.0,0.10125163459742201
202,0.3,342,2363,342,2021,1.0,0.14473127380448583
203,0.1,1098,13395,1098,12297,1.0,0.08197088465845465
203,0.2,542,5264,542,4722,1.0,0.10296352583586627
203,0.3,342,2079,342,1737,1.0,0.1645021645021645
204,0.1,1098,10804,1098,9706,1.0,0.10162902628656054
204,0.2,542,4651,542,4109,1.0,0.11653407869275424
204,0.3,342,2154,342,1812,1.0,0.15877437325905291
205,0.1,1098,13580,1098,12482,1.0,0.08085419734904271
205,0.2,542,4993,542,4451,1.0,0.10855197276186661
205,0.3,342,2634,342,2292,1.0,0.12984054669703873
206,0.1,1098,12621,1098,11523,1.0,0.08699786070834324
206,0.2,542,5303,542,4761,1.0,0.10220629832170469
206,0.3,342,2446,342,2104,1.0,0.13982011447260834
207,0.1,1098,11846,1098,10748,1.0,0.09268951544825257
207,0.2,542,4367,542,3825,1.0,0.12411266315548432
207,0.3,342,1921,342,1579,1.0,0.1780322748568454
208,0.1,1098,10575,1098,9477,1.0,0.10382978723404256
208,0.2,542,4290,542,3748,1.0,0.12634032634032635
208,0.3,342,1893,342,1551,1.0,0.18066561014263074
209,0.1,1098,11536,1098,10438,1.0,0.09518030513176144
209,0.2,542,4740,542,4198,1.0,0.11434599156118143
209,0.3,342,2110,342,1768,1.0,0.16208530805687205
210,0.1,1098,13339,1098,12241,1.0,0.08231501611814979
210,0.2,542,5577,542,5035,1.0,0.09718486641563565
210,0.3,342,2073,342,1731,1.0,0.1649782923299566
211,0.1,1098,12502,1098,11404,1.0,0.08782594784834427
211,0.2,542,5164,542,4622,1.0,0.10495739736638265
211,0.3,342,2352,342,2010,1.0,0.14540816326530612
212,0.1,1098,11918,1098,10820,1.0,0.09212955193824467
212,0.2,542,4570,542,4028,1.0,0.11859956236323851
212,0.3,342,2266,342,1924,1.0,0.15092674315975288
213,0.1,1098,12065,1098,10967,1.0,0.09100704517198509
213,0.2,542,5019,542,4477,1.0,0.1079896393703925
213,0.3,342,2111,342,1769,1.0,0.16200852676456656
214,0.1,1098,12942,1098,11844,1.0,0.08484005563282336
214,0.2,542,5150,542,4608,1.0,0.10524271844660193
214,0.3,342,2256,342,1914,1.0,0.15159574468085107
215,0.1,1098,11322,1098,10224,1.0,0.09697933227344992
215,0.2,542,5253,542,4711,1.0,0.10317913573196269
215,0.3,342,2294,342,1952,1.0,0.14908456843940715
216,0.1,1098,10891,1098,9793,1.0,0.10081718850426959
216,0.2,542,4224,542,3682,1.0,0.12831439393939395
216,0.3,342,1986,342,1644,1.0,0.17220543806646527
217,0.1,1098,12943,1098,11845,1.0,0.08483350073398749
217,0.2,542,5330,542,4788,1.0,0.10168855534709194
217,0.3,342,2498,342,2156,1.0,0.13690952762209768
218,0.1,1098,10829,1098,9731,1.0,0.10139440391541232
218,0.2,542,5117,542,4575,1.0,0.10592143834277898
218,0.3,342,2133,342,1791,1.0,0.16033755274261605
219,0.1,1098,11877,1098,10779,1.0,0.09244758777469057
219,0.2,542,4779,542,4237,1.0,0.11341284787612471
219,0.3,342,2049,342,1707,1.0,0.16691068814055637
220,0.1,1098,12882,1098,11784,1.0,0.08523521192361434
220,0.2,542,5395,542,4853,1.0,0.1004633920296571
220,0.3,342,2240,342,1898,1.0,0.15267857142857144
221,0.1,1098,14064,1098,12966,1.0,0.0780716723549488
221,0.2,542,5560,542,5018,1.0,0.0974820143884892
221,0.3,342,2649,342,2307,1.0,0.1291053227633069
222,0.1,1098,11714,1098,10616,1.0,0.09373399351203687
222,0.2,542,4746,542,4204,1.0,0.11420143278550358
222,0.3,342,2047,342,1705,1.0,0.16707376648754274
223,0.1,1098,13389,1098,12291,1.0,0.08200761819403989
223,0.2,542,5646,542,5104,1.0,0.09599716613531704
223,0.3,342,2616,342,2274,1.0,0.13073394495412843
224,0.1,1098,10039,1098,8941,1.0,0.1093734435700767
224,0.2,542,4202,542,3660,1.0,0.12898619704902428
224,0.3,342,1768,342,1426,1.0,0.19343891402714933
225,0.1,1098,11934,1098,10836,1.0,0.09200603318250378
225,0.2,542,4892,542,4350,1.0,0.11079313164349959
225,0.3,342,2068,342,1726,1.0,0.1653771760154739
226,0.1,1098,11355,1098,10257,1.0,0.09669749009247028
226,0.2,542,5087,542,4545,1.0,0.10654609789659918
226,0.3,342,2234,342,1892,1.0,0.153088630259624
227,0.1,1098,10825,1098,9727,1.0,0.10143187066974596
227,0.2,542,4609,542,4067,1.0,0.11759600781080495
227,0.3,342,1864,342,1522,1.0,0.1834763948497854
228,0.1,1098,12201,1098,11103,1.0,0.08999262355544628
228,0.2,542,5157,542,4615,1.0,0.10509986426216793
228,0.3,342,2355,342,2013,1.0,0.14522292993630573
229,0.1,1098,10346,1098,9248,1.0,0.10612797216315484
229,0.2,542,4620,542,4078,1.0,0.11731601731601732
229,0.3,342,1997,342,1655,1.0,0.171256885327992
230,0.1,1098,14129,1098,13031,1.0,0.07771250619293651
230,0.2,542,5607,542,5065,1.0,0.09666488318173712
230,0.3,342,2478,342,2136,1.0,0.13801452784503632
231,0.1,1098,13200,1098,12102,1.0,0.08318181818181818
231,0.2,542,5405,542,4863,1.0,0.10027752081406105
231,0.3,342,2248,342,1906,1.0,0.152135231316726
232,0.1,1098,11049,1098,9951,1.0,0.09937550909584578
232,0.2,542,5107,542,4565,1.0,0.10612884276483259
232,0.3,342,2033,342,1691,1.0,0.16822429906542055
233,0.1,1098,10930,1098,9832,1.0,0.10045745654162855
233,0.2,542,4283,542,3741,1.0,0.12654681298155498
233,0.3,342,1706,342,1364,1.0,0.20046893317702227
234,0.1,1098,11746,1098,10648,1.0,0.0934786310233271
234,0.2,542,5000,542,4458,1.0,0.1084
234,0.3,342,1934,342,1592,1.0,0.1768355739400207
235,0.1,1098,11371,1098,10273,1.0,0.09656142819452994
235,0.2,542,4719,542,4177,1.0,0.1148548421275694
235,0.3,342,2157,342,1815,1.0,0.15855354659248957
236,0.1,1098,12068,1098,10970,1.0,0.09098442161087172
236,0.2,542,5321,542,4779,1.0,0.10186055252772035
236,0.3,342,2216,342,1874,1.0,0.15433212996389892
237,0.1,1098,13430,1098,12332,1.0,0.08175725986597171
237,0.2,542,5648,542,5106,1.0,0.09596317280453258
237,0.3,342,2342,342,2000,1.0,0.14602903501280956
238,0.1,1098,11890,1098,10792,1.0,0.09234650967199327
238,0.2,542,5168,542,4626,1.0,0.10487616099071208
238,0.3,342,2402,342,2060,1.0,0.14238134887593673
239,0.1,1098,12010,1098,10912,1.0,0.09142381348875937
239,0.2,542,5126,542,4584,1.0,0.10573546625048771
239,0.3,342,2171,342,1829,1.0,0.1575310916628282
240,0.1,1098,11284,1098,10186,1.0,0.09730591988656505
240,0.2,542,4713,542,4171,1.0,0.11500106089539572
240,0.3,342,1980,342,1638,1.0,0.17272727272727273
241,0.1,1098,11825,1098,10727,1.0,0.09285412262156448
241,0.2,542,4693,542,4151,1.0,0.11549115704240358
241,0.3,342,2224,342,1882,1.0,0.15377697841726617
242,0.1,1098,13806,1098,12708,1.0,0.07953063885267275
242,0.2,542,5738,542,5196,1.0,0.09445799930289299
242,0.3,342,2412,342,2070,1.0,0.1417910447761194
243,0.1,1098,12375,1098,11277,1.0,0.08872727272727272
243,0.2,542,4908,542,4366,1.0,0.1104319478402608
243,0.3,342,2094,342,1752,1.0,0.16332378223495703
244,0.1,1098,12953,1098,11855,1.0,0.08476800741141048
244,0.2,542,5532,542,4990,1.0,0.09797541576283442
244,0.3,342,2498,342,2156,1.0,0.13690952762209768
245,0.1,1098,14370,1098,13272,1.0,0.07640918580375783
245,0.2,542,5645,542,5103,1.0,0.09601417183348096
245,0.3,342,2580,342,2238,1.0,0.1325581395348837
246,0.1,1098,11570,1098,10472,1.0,0.09490060501296456
246,0.2,542,4745,542,4203,1.0,0.11422550052687039
246,0.3,342,2319,342,1977,1.0,0.14747736093143596
247,0.1,1098,10499,1098,9401,1.0,0.10458138870368607
247,0.2,542,3792,542,3250,1.0,0.1429324894514768
247,0.3,342,1706,342,1364,1.0,0.20046893317702227
248,0.1,1098,9708,1098,8610,1.0,0.11310259579728059
248,0.2,542,3918,542,3376,1.0,0.1383358856559469
248,0.3,342,1704,342,1362,1.0,0.2007042253521127
249,0.1,1098,10191,1098,9093,1.0,0.10774212540476891
249,0.2,542,3960,542,3418,1.0,0.13686868686868686
249,0.3,342,1661,342,1319,1.0,0.20590006020469598
250,0.1,1098,11948,1098,10850,1.0,0.09189822564445932
250,0.2,542,4325,542,3783,1.0,0.1253179190751445
250,0.3,342,2141,342,1799,1.0,0.15973843998131715
251,0.1,1098,12989,1098,11891,1.0,0.08453306644083455
251,0.2,542,5431,542,4889,1.0,0.09979745903148592
251,0.3,342,2293,342,1951,1.0,0.14914958569559528
252,0.1,1098,11292,1098,10194,1.0,0.09723698193411265
252,0.2,542,5165,542,4623,1.0,0.10493707647628267
252,0.3,342,2364,342,2022,1.0,0.1446700507614213
253,0.1,1098,13688,1098,12590,1.0,0.08021624780829924
253,0.2,542,5713,542,5171,1.0,0.09487134605286189
253,0.3,342,2607,342,2265,1.0,0.13118527042577677
254,0.1,1098,13920,1098,12822,1.0,0.07887931034482759
254,0.2,542,5682,542,5140,1.0,0.09538894755367829
254,0.3,342,2896,342,2554,1.0,0.1180939226519337
255,0.1,1098,13753,1098,12655,1.0,0.07983712644513924
255,0.2,542,5826,542,5284,1.0,0.09303123927222795
255,0.3,342,2631,342,2289,1.0,0.12998859749144812
256,0.1,1098,11872,1098,10774,1.0,0.09248652291105121
256,0.2,542,5197,542,4655,1.0,0.10429093707908409
256,0.3,342,2163,342,1821,1.0,0.15811373092926492
257,0.1,1098,13405,1098,12307,1.0,0.08190973517344274
257,0.2,542,5416,542,4874,1.0,0.10007385524372231
257,0.3,342,2412,342,2070,1.0,0.1417910447761194
258,0.1,1098,14235,1098,13137,1.0,0.07713382507903056
258,0.2,542,5632,542,5090,1.0,0.09623579545454546
258,0.3,342,2503,342,2161,1.0,0.13663603675589292
259,0.1,1098,11067,1098,9969,1.0,0.0992138791000271
259,0.2,542,4439,542,3897,1.0,0.1220995719756702
259,0.3,342,2224,342,1882,1.0,0.15377697841726617
260,0.1,1098,12914,1098,11816,1.0,0.08502400495586186
260,0.2,542,5352,542,4810,1.0,0.10127055306427504
260,0.3,342,2738,342,2396,1.0,0.12490869247626005
261,0.1,1098,11513,1098,10415,1.0,0.09537045079475376
261,0.2,542,4948,542,4406,1.0,0.1095392077607114
261,0.3,342,2120,342,1778,1.0,0.16132075471698112
262,0.1,1098,11738,1098,10640,1.0,0.09354234111432953
262,0.2,542,4704,542,4162,1.0,0.11522108843537415
262,0.3,342,1910,342,1568,1.0,0.17905759162303664
263,0.1,1098,11108,1098,10010,1.0,0.09884767734965791
263,0.2,542,4730,542,4188,1.0,0.11458773784355179
263,0.3,342,2039,342,1697,1.0,0.16772927905836194
264,0.1,1098,11830,1098,10732,1.0,0.09281487743026205
264,0.2,542,4668,542,4126,1.0,0.11610968294772922
264,0.3,342,1997,342,1655,1.0,0.171256885327992
265,0.1,1098,11148,1098,10050,1.0,0.0984930032292788
265,0.2,542,4995,542,4453,1.0,0.1085085085085085
265,0.3,342,2110,342,1768,1.0,0.16208530805687205
266,0.1,1098,11474,1098,10376,1.0,0.0956946139097089
266,0.2,542,4715,542,4173,1.0,0.11495227995758218
266,0.3,342,2086,342,1744,1.0,0.16395014381591563
267,0.1,1098,10444,1098,9346,1.0,0.10513213328226734
267,0.2,542,4083,542,3541,1.0,0.13274553024736713
267,0.3,342,1732,342,1390,1.0,0.197459584295612
268,0.1,1098,13173,1098,12075,1.0,0.0833523115463448
268,0.2,542,5143,542,4601,1.0,0.10538596150106941
268,0.3,342,2081,342,1739,1.0,0.16434406535319557
269,0.1,1098,11121,1098,10023,1.0,0.0987321284057189
269,0.2,542,4880,542,4338,1.0,0.11106557377049181
269,0.3,342,2220,342,1878,1.0,0.15405405405405406
270,0.1,1098,12318,1098,11220,1.0,0.08913784705309304
270,0.2,542,5298,542,4756,1.0,0.1023027557568894
270,0.3,342,2358,342,2016,1.0,0.1450381679389313
271,0.1,1098,14343,1098,13245,1.0,0.07655302238025517
271,0.2,542,5851,542,5309,1.0,0.09263373782259443
271,0.3,342,2614,342,2272,1.0,0.13083397092578425
272,0.1,1098,13242,1098,12144,1.0,0.08291798821930221
272,0.2,542,5466,542,4924,1.0,0.0991584339553604
272,0.3,342,2367,342,2025,1.0,0.1444866920152091
273,0.1,1098,12669,1098,11571,1.0,0.08666824532322993
273,0.2,542,4810,542,4268,1.0,0.11268191268191269
273,0.3,342,2150,342,1808,1.0,0.15906976744186047
274,0.1,1098,10955,1098,9857,1.0,0.10022820629849384
274,0.2,542,4443,542,3901,1.0,0.12198964663515642
274,0.3,342,2018,342,1676,1.0,0.1694747274529237
275,0.1,1098,10717,1098,9619,1.0,0.10245404497527293
275,0.2,542,4431,542,3889,1.0,0.12232001805461522
275,0.3,342,2064,342,1722,1.0,0.16569767441860464
276,0.1,1098,12612,1098,11514,1.0,0.08705994291151284
276,0.2,542,5123,542,4581,1.0,0.10579738434511028
276,0.3,342,2218,342,1876,1.0,0.15419296663660956
277,0.1,1098,10702,1098,9604,1.0,0.10259764529994393
277,0.2,542,4448,542,3906,1.0,0.12185251798561152
277,0.3,342,1920,342,1578,1.0,0.178125
278,0.1,1098,12813,1098,11715,1.0,0.08569421681105127
278,0.2,542,5212,542,4670,1.0,0.10399079048349961
278,0.3,342,2381,342,2039,1.0,0.14363712725745484
279,0.1,1098,12020,1098,10922,1.0,0.0913477537437604
279,0.2,542,5199,542,4657,1.0,0.10425081746489709
279,0.3,342,2139,342,1797,1.0,0.15988779803646563
280,0.1,1098,11848,1098,10750,1.0,0.09267386900742741
280,0.2,542,4611,542,4069,1.0,0.11754500108436348
280,0.3,342,2194,342,1852,1.0,0.15587967183226983
281,0.1,1098,12025,1098,10927,1.0,0.0913097713097713
281,0.2,542,5055,542,4513,1.0,0.10722057368941643
281,0.3,342,2169,342,1827,1.0,0.15767634854771784
282,0.1,1098,11594,1098,10496,1.0,0.09470415732275315
282,0.2,542,4918,542,4376,1.0,0.11020740138267589
282,0.3,342,2130,342,1788,1.0,0.16056338028169015
283,0.1,1098,10779,1098,9681,1.0,0.10186473698858892
283,0.2,542,5006,542,4464,1.0,0.1082700759089093
283,0.3,342,2148,342,1806,1.0,0.15921787709497207
284,0.1,1098,11818,1098,10720,1.0,0.09290912167879506
284,0.2,542,5425,542,4883,1.0,0.09990783410138249
284,0.3,342,2458,342,2116,1.0,0.13913751017087062
285,0.1,1098,10046,1098,8948,1.0,0.10929723272944455
285,0.2,542,4058,542,3516,1.0,0.13356333169048792
285,0.3,342,1759,342,1417,1.0,0.19442865264354747
286,0.1,1098,11171,1098,10073,1.0,0.09829021573717661
286,0.2,542,5020,542,4478,1.0,0.10796812749003984
286,0.3,342,2410,342,2068,1.0,0.14190871369294605
287,0.1,1098,11841,1098,10743,1.0,0.09272865467443628
287,0.2,542,5264,542,4722,1.0,0.10296352583586627
287,0.3,342,2149,342,1807,1.0,0.15914378780828292
288,0.1,1098,9868,1098,8770,1.0,0.11126874746655857
288,0.2,542,3987,542,3445,1.0,0.1359418108853775
288,0.3,342,1803,342,1461,1.0,0.1896838602329451
289,0.1,1098,11877,1098,10779,1.0,0.09244758777469057
289,0.2,542,4687,542,4145,1.0,0.11563900149349264
289,0.3,342,1963,342,1621,1.0,0.17422312786551197
290,0.1,1098,11991,1098,10893,1.0,0.09156867650738054
290,0.2,542,5094,542,4552,1.0,0.10639968590498626
290,0.3,342,2183,342,1841,1.0,0.15666513971598717
291,0.1,1098,15770,1098,14672,1.0,0.06962587190868738
291,0.2,542,6281,542,5739,1.0,0.08629199172106353
291,0.3,342,2767,342,2425,1.0,0.12359956631731117
292,0.1,1098,11626,1098,10528,1.0,0.09444348873215207
292,0.2,542,4917,542,4375,1.0,0.11022981492780151
292,0.3,342,2310,342,1968,1.0,0.14805194805194805
293,0.1,1098,11740,1098,10642,1.0,0.09352640545144804
293,0.2,542,5240,542,4698,1.0,0.10343511450381679
293,0.3,342,2211,342,1869,1.0,0.1546811397557666
294,0.1,1098,15679,1098,14581,1.0,0.07002997640155623
294,0.2,542,5862,542,5320,1.0,0.09245991129307404
294,0.3,342,2530,342,2188,1.0,0.13517786561264822
295,0.1,1098,11936,1098,10838,1.0,0.09199061662198392
295,0.2,542,4793,542,4251,1.0,0.1130815773002295
295,0.3,342,2089,342,1747,1.0,0.16371469602680708
296,0.1,1098,11105,1098,10007,1.0,0.09887438090950022
296,0.2,542,4504,542,3962,1.0,0.12033747779751332
296,0.3,342,2165,342,1823,1.0,0.1579676674364896
297,0.1,1098,12567,1098,11469,1.0,0.08737168775364049
297,0.2,542,5251,542,4709,1.0,0.10321843458388878
297,0.3,342,2272,342,1930,1.0,0.1505281690140845
298,0.1,1098,11666,1098,10568,1.0,0.0941196639807989
298,0.2,542,4764,542,4222,1.0,0.11376994122586062
298,0.3,342,2099,342,1757,1.0,0.162934730824202
299,0.1,1098,14375,1098,13277,1.0,0.07638260869565218
299,0.2,542,5685,542,5143,1.0,0.09533861037818822
299,0.3,342,2561,342,2219,1.0,0.13354158531823507
300,0.1,1098,11386,1098,10288,1.0,0.09643421746003865
300,0.2,542,4700,542,4158,1.0,0.11531914893617021
300,0.3,342,2188,342,1846,1.0,0.1563071297989031
301,0.1,1098,10911,1098,9813,1.0,0.10063238933186693
301,0.2,542,4770,542,4228,1.0,0.11362683438155136
301,0.3,342,2298,342,1956,1.0,0.14882506527415143
302,0.1,1098,10862,1098,9764,1.0,0.10108635610384828
302,0.2,542,4533,542,3991,1.0,0.11956761526582838
302,0.3,342,2138,342,1796,1.0,0.1599625818521983
303,0.1,1098,14278,1098,13180,1.0,0.07690152682448523
303,0.2,542,5551,542,5009,1.0,0.09764006485317961
303,0.3,342,1918,342,1576,1.0,0.17831074035453598
304,0.1,1098,12399,1098,11301,1.0,0.08855552867166706
304,0.2,542,4754,542,4212,1.0,0.11400925536390408
304,0.3,342,2007,342,1665,1.0,0.17040358744394618
305,0.1,1098,10952,1098,9854,1.0,0.10025566106647188
305,0.2,542,4476,542,3934,1.0,0.12109025915996426
305,0.3,342,2126,342,1784,1.0,0.16086547507055504
306,0.1,1098,10517,1098,9419,1.0,0.1044023961205667
306,0.2,542,4331,542,3789,1.0,0.12514430847379357
306,0.3,342,1740,342,1398,1.0,0.19655172413793104
307,0.1,1098,9345,1098,8247,1.0,0.11749598715890851
307,0.2,542,4197,542,3655,1.0,0.12913986180605194
307,0.3,342,1937,342,1595,1.0,0.17656169334021682
308,0.1,1098,11754,1098,10656,1.0,0.09341500765696784
308,0.2,542,4629,542,4087,1.0,0.11708792395765824
308,0.3,342,2147,342,1805,1.0,0.1592920353982301
309,0.1,1098,12539,1098,11441,1.0,0.08756679161017625
309,0.2,542,4976,542,4434,1.0,0.10892282958199356
309,0.3,342,2231,342,1889,1.0,0.15329448677722995
310,0.1,1098,12828,1098,11730,1.0,0.08559401309635173
310,0.2,542,4616,542,4074,1.0,0.11741767764298093
310,0.3,342,1955,342,1613,1.0,0.17493606138107418
311,0.1,1098,10952,1098,9854,1.0,0.10025566106647188
311,0.2,542,4549,542,4007,1.0,0.11914706528907452
311,0.3,342,1691,342,1349,1.0,0.20224719101123595
312,0.1,1098,13351,1098,12253,1.0,0.0822410306344094
312,0.2,542,5631,542,5089,1.0,0.09625288581069082
312,0.3,342,2364,342,2022,1.0,0.1446700507614213
313,0.1,1098,11798,1098,10700,1.0,0.09306662146126463
313,0.2,542,4705,542,4163,1.0,0.11519659936238044
313,0.3,342,2113,342,1771,1.0,0.16185518220539516
314,0.1,1098,11013,1098,9915,1.0,0.0997003541269409
314,0.2,542,4658,542,4116,1.0,0.1163589523400601
314,0.3,342,1919,342,1577,1.0,0.1782178217821782
315,0.1,1098,12241,1098,11143,1.0,0.08969855403970264
315,0.2,542,4569,542,4027,1.0,0.11862551980739768
315,0.3,342,2011,342,1669,1.0,0.17006464445549477
316,0.1,1098,13818,1098,12720,1.0,0.07946157186278767
316,0.2,542,5823,542,5281,1.0,0.09307916881332647
316,0.3,342,2688,342,2346,1.0,0.12723214285714285
317,0.1,1098,12115,1098,11017,1.0,0.09063144861741643
317,0.2,542,4881,542,4339,1.0,0.11104281909444785
317,0.3,342,2249,342,1907,1.0,0.15206758559359715
318,0.1,1098,14978,1098,13880,1.0,0.07330751769261584
318,0.2,542,6106,542,5564,1.0,0.0887651490337373
318,0.3,342,2975,342,2633,1.0,0.11495798319327731
319,0.1,1098,12237,1098,11139,1.0,0.08972787447903897
319,0.2,542,5174,542,4632,1.0,0.10475454194047158
319,0.3,342,2519,342,2177,1.0,0.13576816196903532
320,0.1,1098,12730,1098,11632,1.0,0.08625294579732914
320,0.2,542,4966,542,4424,1.0,0.10914216673378976
320,0.3,342,1996,342,1654,1.0,0.1713426853707415
321,0.1,1098,12713,1098,11615,1.0,0.0863682844332573
321,0.2,542,5893,542,5351,1.0,0.0919735279144748
321,0.3,342,2549,342,2207,1.0,0.13417026284817576
322,0.1,1098,10182,1098,9084,1.0,0.10783736004714202
322,0.2,542,4848,542,4306,1.0,0.1117986798679868
322,0.3,342,2269,342,1927,1.0,0.1507271925958572
323,0.1,1098,11707,1098,10609,1.0,0.09379004014692065
323,0.2,542,4865,542,4323,1.0,0.11140801644398766
323,0.3,342,2120,342,1778,1.0,0.16132075471698112
324,0.1,1098,11009,1098,9911,1.0,0.0997365791625034
324,0.2,542,4920,542,4378,1.0,0.11016260162601627
324,0.3,342,2102,342,1760,1.0,0.16270218839200762
325,0.1,1098,13493,1098,12395,1.0,0.0813755280515823
325,0.2,542,5395,542,4853,1.0,0.1004633920296571
325,0.3,342,2446,342,2104,1.0,0.13982011447260834
326,0.1,1098,11495,1098,10397,1.0,0.09551979121357111
326,0.2,542,4990,542,4448,1.0,0.10861723446893788
326,0.3,342,2075,342,1733,1.0,0.16481927710843375
327,0.1,1098,13870,1098,12772,1.0,0.07916366258111031
327,0.2,542,5712,542,5170,1.0,0.09488795518207283
327,0.3,342,2367,342,2025,1.0,0.1444866920152091
328,0.1,1098,11762,1098,10664,1.0,0.0933514708382928
328,0.2,542,4681,542,4139,1.0,0.11578722495193335
328,0.3,342,2121,342,1779,1.0,0.16124469589816123
329,0.1,1098,10294,1098,9196,1.0,0.10666407616087041
329,0.2,542,4260,542,3718,1.0,0.1272300469483568
329,0.3,342,1879,342,1537,1.0,0.18201170835550826
330,0.1,1098,12957,1098,11859,1.0,0.08474183838851586
330,0.2,542,5813,542,5271,1.0,0.09323929124376398
330,0.3,342,2562,342,2220,1.0,0.13348946135831383
331,0.1,1098,12758,1098,11660,1.0,0.08606364633955166
331,0.2,542,5163,542,4621,1.0,0.10497772612822003
331,0.3,342,2338,342,1996,1.0,0.14627887082976904
332,0.1,1098,11807,1098,10709,1.0,0.09299568052850005
332,0.2,542,4769,542,4227,1.0,0.1136506605158314
332,0.3,342,2000,342,1658,1.0,0.171
333,0.1,1098,9769,1098,8671,1.0,0.1123963558194288
333,0.2,542,4218,542,3676,1.0,0.12849691797060217
333,0.3,342,2007,342,1665,1.0,0.17040358744394618
334,0.1,1098,12463,1098,11365,1.0,0.08810077830377919
334,0.2,542,5193,542,4651,1.0,0.10437126901598305
334,0.3,342,2360,342,2018,1.0,0.14491525423728813
335,0.1,1098,11097,1098,9999,1.0,0.0989456609894566
335,0.2,542,4331,542,3789,1.0,0.12514430847379357
335,0.3,342,2112,342,1770,1.0,0.16193181818181818
336,0.1,1098,13442,1098,12344,1.0,0.08168427317363487
336,0.2,542,5284,542,4742,1.0,0.10257380772142316
336,0.3,342,2186,342,1844,1.0,0.1564501372369625
337,0.1,1098,10277,1098,9179,1.0,0.10684051766079596
337,0.2,542,4023,542,3481,1.0,0.13472532935620185
337,0.3,342,1961,342,1619,1.0,0.17440081591024986
338,0.1,1098,15847,1098,14749,1.0,0.06928756231463369
338,0.2,542,6406,542,5864,1.0,0.08460817983140806
338,0.3,342,2842,342,2500,1.0,0.1203377902885292
339,0.1,1098,12562,1098,11464,1.0,0.08740646393886324
339,0.2,542,5194,542,4652,1.0,0.10435117443203697
339,0.3,342,2551,342,2209,1.0,0.13406507252058017
340,0.1,1098,14289,1098,13191,1.0,0.07684232626495906
340,0.2,542,5487,542,4945,1.0,0.09877893202114088
340,0.3,342,2349,342,2007,1.0,0.14559386973180077
341,0.1,1098,10001,1098,8903,1.0,0.10978902109789021
341,0.2,542,4493,542,3951,1.0,0.12063209436901848
341,0.3,342,2065,342,1723,1.0,0.16561743341404359
342,0.1,1098,11114,1098,10016,1.0,0.09879431347849559
342,0.2,542,5100,542,4558,1.0,0.10627450980392157
342,0.3,342,2190,342,1848,1.0,0.15616438356164383
343,0.1,1098,12826,1098,11728,1.0,0.08560736004989865
343,0.2,542,5206,542,4664,1.0,0.10411064156742221
343,0.3,342,2339,342,1997,1.0,0.14621633176571183
344,0.1,1098,11467,1098,10369,1.0,0.09575303043516177
344,0.2,542,4594,542,4052,1.0,0.11797997387897258
344,0.3,342,1964,342,1622,1.0,0.17413441955193482
345,0.1,1098,12516,1098,11418,1.0,0.08772770853307767
345,0.2,542,5226,542,4684,1.0,0.10371220818982013
345,0.3,342,2281,342,1939,1.0,0.14993423936869793
346,0.1,1098,11875,1098,10777,1.0,0.09246315789473684
346,0.2,542,4821,542,4279,1.0,0.11242480813109314
346,0.3,342,2637,342,2295,1.0,0.1296928327645051
347,0.1,1098,12523,1098,11425,1.0,0.08767867124490937
347,0.2,542,5260,542,4718,1.0,0.10304182509505704
347,0.3,342,2097,342,1755,1.0,0.1630901287553648
348,0.1,1098,13343,1098,12245,1.0,0.08229033950385971
348,0.2,542,5443,542,4901,1.0,0.09957743891236451
348,0.3,342,2682,342,2340,1.0,0.12751677852348994
349,0.1,1098,13186,1098,12088,1.0,0.08327013499165782
349,0.2,542,5401,542,4859,1.0,0.10035178670616553
349,0.3,342,2219,342,1877,1.0,0.15412347904461468
350,0.1,1098,15157,1098,14059,1.0,0.07244177607706011
350,0.2,542,6023,542,5481,1.0,0.08998837788477503
350,0.3,342,2640,342,2298,1.0,0.12954545454545455
351,0.1,1098,12361,1098,11263,1.0,0.08882776474395275
351,0.2,542,5154,542,4612,1.0,0.10516103996895615
351,0.3,342,2365,342,2023,1.0,0.14460887949260043
352,0.1,1098,9903,1098,8805,1.0,0.11087549227506815
352,0.2,542,4390,542,3848,1.0,0.1234624145785877
352,0.3,342,1943,342,1601,1.0,0.17601646937725168
353,0.1,1098,13477,1098,12379,1.0,0.08147213771610892
353,0.2,542,5800,542,5258,1.0,0.09344827586206897
353,0.3,342,2565,342,2223,1.0,0.13333333333333333
354,0.1,1098,11743,1098,10645,1.0,0.09350251213488887
354,0.2,542,4435,542,3893,1.0,0.12220969560315671
354,0.3,342,2125,342,1783,1.0,0.16094117647058823
355,0.1,1098,13409,1098,12311,1.0,0.08188530091729436
355,0.2,542,5438,542,4896,1.0,0.099668995954395
355,0.3,342,2046,342,1704,1.0,0.16715542521994134
356,0.1,1098,11044,1098,9946,1.0,0.09942049981890619
356,0.2,542,4599,542,4057,1.0,0.11785170689280278
356,0.3,342,2085,342,1743,1.0,0.16402877697841728
357,0.1,1098,11858,1098,10760,1.0,0.09259571597233934
357,0.2,542,5131,542,4589,1.0,0.10563243032547262
357,0.3,342,2272,342,1930,1.0,0.1505281690140845
358,0.1,1098,10503,1098,9405,1.0,0.10454155955441302
358,0.2,542,4351,542,3809,1.0,0.12456906458285452
358,0.3,342,1928,342,1586,1.0,0.17738589211618258
359,0.1,1098,12137,1098,11039,1.0,0.09046716651561341
359,0.2,542,5264,542,4722,1.0,0.10296352583586627
359,0.3,342,2385,342,2043,1.0,0.14339622641509434
360,0.1,1098,11718,1098,10620,1.0,0.09370199692780339
360,0.2,542,4991,542,4449,1.0,0.10859547184932879
360,0.3,342,2181,342,1839,1.0,0.15680880330123798
361,0.1,1098,10070,1098,8972,1.0,0.10903674280039721
361,0.2,542,4330,542,3788,1.0,0.12517321016166283
361,0.3,342,1893,342,1551,1.0,0.18066561014263074
362,0.1,1098,11533,1098,10435,1.0,0.09520506373016561
362,0.2,542,5233,542,4691,1.0,0.10357347601758074
362,0.3,342,2205,342,1863,1.0,0.15510204081632653
363,0.1,1098,12464,1098,11366,1.0,0.08809370988446727
363,0.2,542,5423,542,4881,1.0,0.09994468006638392
363,0.3,342,2509,342,2167,1.0,0.13630928656835392
364,0.1,1098,11690,1098,10592,1.0,0.09392643284858854
364,0.2,542,5021,542,4479,1.0,0.10794662417845051
364,0.3,342,2173,342,1831,1.0,0.1573861021629084
365,0.1,1098,12299,1098,11201,1.0,0.08927555085779332
365,0.2,542,5113,542,4571,1.0,0.10600430275767651
365,0.3,342,2461,342,2119,1.0,0.1389678992279561
366,0.1,1098,11970,1098,10872,1.0,0.09172932330827067
366,0.2,542,4874,542,4332,1.0,0.11120229790726303
366,0.3,342,2003,342,1661,1.0,0.1707438841737394
367,0.1,1098,11368,1098,10270,1.0,0.0965869106263195
367,0.2,542,4719,542,4177,1.0,0.1148548421275694
367,0.3,342,2244,342,1902,1.0,0.15240641711229946
368,0.1,1098,10247,1098,9149,1.0,0.10715331316482873
368,0.2,542,4524,542,3982,1.0,0.1198054818744474
368,0.3,342,2079,342,1737,1.0,0.1645021645021645
369,0.1,1098,12320,1098,11222,1.0,0.08912337662337662
369,0.2,542,5441,542,4899,1.0,0.09961404153648226
369,0.3,342,2500,342,2158,1.0,0.1368
370,0.1,1098,11744,1098,10646,1.0,0.09349455040871935
370,0.2,542,4755,542,4213,1.0,0.11398527865404837
370,0.3,342,2087,342,1745,1.0,0.1638715860086248
371,0.1,1098,14593,1098,13495,1.0,0.07524155416980745
371,0.2,542,5697,542,5155,1.0,0.09513779182025628
371,0.3,342,2708,342,2366,1.0,0.12629246676514033
372,0.1,1098,11659,1098,10561,1.0,0.09417617291362895
372,0.2,542,4891,542,4349,1.0,0.11081578409323246
372,0.3,342,2060,342,1718,1.0,0.16601941747572815
373,0.1,1098,12466,1098,11368,1.0,0.08807957644793839
373,0.2,542,5437,542,4895,1.0,0.0996873275703513
373,0.3,342,2147,342,1805,1.0,0.1592920353982301
374,0.1,1098,11111,1098,10013,1.0,0.0988209882098821
374,0.2,542,4392,542,3850,1.0,0.12340619307832422
374,0.3,342,1959,342,1617,1.0,0.17457886676875958
375,0.1,1098,10993,1098,9895,1.0,0.09988174292731739
375,0.2,542,4464,542,3922,1.0,0.12141577060931899
375,0.3,342,2035,342,1693,1.0,0.16805896805896806
376,0.1,1098,11884,1098,10786,1.0,0.09239313362504208
376,0.2,542,5316,542,4774,1.0,0.1019563581640331
376,0.3,342,2522,342,2180,1.0,0.13560666137985725
377,0.1,1098,13226,1098,12128,1.0,0.08301829729321035
377,0.2,542,5202,542,4660,1.0,0.10419069588619762
377,0.3,342,2255,342,1913,1.0,0.1516629711751663
378,0.1,1098,10040,1098,8942,1.0,0.10936254980079681
378,0.2,542,4335,542,3793,1.0,0.12502883506343715
378,0.3,342,1853,342,1511,1.0,0.18456556934700485
379,0.1,1098,10886,1098,9788,1.0,0.10086349439647253
379,0.2,542,4735,542,4193,1.0,0.11446673706441395
379,0.3,342,1976,342,1634,1.0,0.17307692307692307
380,0.1,1098,13383,1098,12285,1.0,0.082044384667115
380,0.2,542,5852,542,5310,1.0,0.09261790840738209
380,0.3,342,2600,342,2258,1.0,0.13153846153846155
381,0.1,1098,12027,1098,10929,1.0,0.09129458717884759
381,0.2,542,5485,542,4943,1.0,0.09881494986326345
381,0.3,342,2296,342,1954,1.0,0.1489547038327526
382,0.1,1098,10802,1098,9704,1.0,0.10164784299203851
382,0.2,542,4460,542,3918,1.0,0.12152466367713005
382,0.3,342,1854,342,1512,1.0,0.18446601941747573
383,0.1,1098,12101,1098,11003,1.0,0.09073630278489381
383,0.2,542,4856,542,4314,1.0,0.11161449752883032
383,0.3,342,2082,342,1740,1.0,0.1642651296829971
384,0.1,1098,9880,1098,8782,1.0,0.1111336032388664
384,0.2,542,4443,542,3901,1.0,0.12198964663515642
384,0.3,342,1945,342,1603,1.0,0.17583547557840618
385,0.1,1098,13518,1098,12420,1.0,0.08122503328894808
385,0.2,542,6009,542,5467,1.0,0.09019803627891496
385,0.3,342,2660,342,2318,1.0,0.12857142857142856
386,0.1,1098,12886,1098,11788,1.0,0.08520875368617103
386,0.2,542,5584,542,5042,1.0,0.09706303724928367
386,0.3,342,2415,342,2073,1.0,0.14161490683229813
387,0.1,1098,13357,1098,12259,1.0,0.08220408774425395
387,0.2,542,5022,542,4480,1.0,0.10792512943050578
387,0.3,342,2291,342,1949,1.0,0.14927979048450457
388,0.1,1098,11651,1098,10553,1.0,0.09424083769633508
388,0.2,542,5314,542,4772,1.0,0.10199473089951072
388,0.3,342,2379,342,2037,1.0,0.1437578814627995
389,0.1,1098,13436,1098,12338,1.0,0.08172075022328074
389,0.2,542,6074,542,5532,1.0,0.08923279552189661
389,0.3,342,2686,342,2344,1.0,0.12732688011913626
390,0.1,1098,14502,1098,13404,1.0,0.07571369466280513
390,0.2,542,5983,542,5441,1.0,0.09059000501420691
390,0.3,342,2722,342,2380,1.0,0.12564290962527552
391,0.1,1098,11850,1098,10752,1.0,0.09265822784810127
391,0.2,542,4638,542,4096,1.0,0.11686071582578697
391,0.3,342,1991,342,1649,1.0,0.17177297840281266
392,0.1,1098,12650,1098,11552,1.0,0.08679841897233202
392,0.2,542,5464,542,4922,1.0,0.09919472913616398
392,0.3,342,2480,342,2138,1.0,0.13790322580645162
393,0.1,1098,11979,1098,10881,1.0,0.09166040570999248
393,0.2,542,5011,542,4469,1.0,0.10816204350429057
393,0.3,342,2110,342,1768,1.0,0.16208530805687205
394,0.1,1098,12839,1098,11741,1.0,0.08552067918062155
394,0.2,542,4999,542,4457,1.0,0.10842168433686737
394,0.3,342,2105,342,1763,1.0,0.16247030878859858
395,0.1,1098,12728,1098,11630,1.0,0.08626649905719673
395,0.2,542,5430,542,4888,1.0,0.0998158379373849
395,0.3,342,2386,342,2044,1.0,0.14333612740989102
396,0.1,1098,11106,1098,10008,1.0,0.09886547811993517
396,0.2,542,4684,542,4142,1.0,0.1157130657557643
396,0.3,342,1749,342,1407,1.0,0.1955403087478559
397,0.1,1098,12067,1098,10969,1.0,0.09099196154802354
397,0.2,542,5552,542,5010,1.0,0.09762247838616715
397,0.3,342,2498,342,2156,1.0,0.13690952762209768
398,0.1,1098,11935,1098,10837,1.0,0.09199832425638878
398,0.2,542,5363,542,4821,1.0,0.10106283796382622
398,0.3,342,2335,342,1993,1.0,0.14646680942184154
399,0.1,1098,10935,1098,9837,1.0,0.10041152263374485
399,0.2,542,4536,542,3994,1.0,0.11948853615520282
399,0.3,342,1956,342,1614,1.0,0.17484662576687116
400,0.1,1098,12894,1098,11796,1.0,0.08515588645881805
400,0.2,542,5423,542,4881,1.0,0.09994468006638392
400,0.3,342,2364,342,2022,1.0,0.1446700507614213
401,0.1,1098,11069,1098,9971,1.0,0.0991959526605836
401,0.2,542,4638,542,4096,1.0,0.11686071582578697
401,0.3,342,2375,342,2033,1.0,0.144
402,0.1,1098,11958,1098,10860,1.0,0.09182137481184144
402,0.2,542,4812,542,4270,1.0,0.11263507896924356
402,0.3,342,2177,342,1835,1.0,0.15709692237023426
403,0.1,1098,11284,1098,10186,1.0,0.09730591988656505
403,0.2,542,4908,542,4366,1.0,0.1104319478402608
403,0.3,342,2085,342,1743,1.0,0.16402877697841728
404,0.1,1098,12003,1098,10905,1.0,0.09147713071732066
404,0.2,542,4538,542,3996,1.0,0.11943587483472895
404,0.3,342,1884,342,1542,1.0,0.18152866242038215
405,0.1,1098,13054,1098,11956,1.0,0.08411214953271028
405,0.2,542,5110,542,4568,1.0,0.10606653620352251
405,0.3,342,2482,342,2140,1.0,0.1377921031426269
406,0.1,1098,14251,1098,13153,1.0,0.07704722475615747
406,0.2,542,5593,542,5051,1.0,0.09690684784552119
406,0.3,342,2642,342,2300,1.0,0.12944738834216502
407,0.1,1098,12345,1098,11247,1.0,0.08894289185905224
407,0.2,542,4532,542,3990,1.0,0.11959399823477493
407,0.3,342,1824,342,1482,1.0,0.1875
408,0.1,1098,14357,1098,13259,1.0,0.07647837291913352
408,0.2,542,6025,542,5483,1.0,0.08995850622406638
408,0.3,342,2274,342,1932,1.0,0.1503957783641161
409,0.1,1098,15757,1098,14659,1.0,0.06968331535190708
409,0.2,542,5811,542,5269,1.0,0.09327138186198589
409,0.3,342,2819,342,2477,1.0,0.12131961688542037
410,0.1,1098,12074,1098,10976,1.0,0.09093920821600132
410,0.2,542,4745,542,4203,1.0,0.11422550052687039
410,0.3,342,1965,342,1623,1.0,0.17404580152671756
411,0.1,1098,9836,1098,8738,1.0,0.11163074420496137
411,0.2,542,4612,542,4070,1.0,0.11751951431049436
411,0.3,342,2215,342,1873,1.0,0.15440180586907448
412,0.1,1098,11414,1098,10316,1.0,0.09619765200630805
412,0.2,542,4519,542,3977,1.0,0.11993803938924541
412,0.3,342,2107,342,1765,1.0,0.16231608922638824
413,0.1,1098,12368,1098,11270,1.0,0.08877749029754205
413,0.2,542,5287,542,4745,1.0,0.10251560431246454
413,0.3,342,2247,342,1905,1.0,0.15220293724966621
414,0.1,1098,11892,1098,10794,1.0,0.09233097880928355
414,0.2,542,4800,542,4258,1.0,0.11291666666666667
414,0.3,342,1843,342,1501,1.0,0.18556701030927836
415,0.1,1098,12378,1098,11280,1.0,0.08870576829859428
415,0.2,542,5168,542,4626,1.0,0.10487616099071208
415,0.3,342,2304,342,1962,1.0,0.1484375
416,0.1,1098,10290,1098,9192,1.0,0.10670553935860058
416,0.2,542,4575,542,4033,1.0,0.11846994535519126
416,0.3,342,1877,342,1535,1.0,0.1822056473095365
417,0.1,1098,10382,1098,9284,1.0,0.10575996917742246
417,0.2,542,4304,542,3762,1.0,0.12592936802973978
417,0.3,342,1625,342,1283,1.0,0.21046153846153845
418,0.1,1098,12241,1098,11143,1.0,0.08969855403970264
418,0.2,542,5345,542,4803,1.0,0.10140318054256314
418,0.3,342,2347,342,2005,1.0,0.14571793779292713
419,0.1,1098,12082,1098,10984,1.0,0.09087899354411522
419,0.2,542,5126,542,4584,1.0,0.10573546625048771
419,0.3,342,2437,342,2095,1.0,0.14033647927780057
420,0.1,1098,11914,1098,10816,1.0,0.09216048346483129
420,0.2,542,4712,542,4170,1.0,0.11502546689303905
420,0.3,342,1979,342,1637,1.0,0.17281455280444669
421,0.1,1098,13319,1098,12221,1.0,0.08243862151813199
421,0.2,542,5609,542,5067,1.0,0.0966304154038153
421,0.3,342,2348,342,2006,1.0,0.14565587734241908
422,0.1,1098,10619,1098,9521,1.0,0.10339956681420095
422,0.2,542,4173,542,3631,1.0,0.12988257848070933
422,0.3,342,1748,342,1406,1.0,0.1956521739130435
423,0.1,1098,10894,1098,9796,1.0,0.10078942537176427
423,0.2,542,4576,542,4034,1.0,0.11844405594405595
423,0.3,342,2138,342,1796,1.0,0.1599625818521983
424,0.1,1098,12875,1098,11777,1.0,0.08528155339805825
424,0.2,542,4888,542,4346,1.0,0.11088379705400982
424,0.3,342,2421,342,2079,1.0,0.1412639405204461
425,0.1,1098,11682,1098,10584,1.0,0.09399075500770417
425,0.2,542,4792,542,4250,1.0,0.1131051752921536
425,0.3,342,2030,342,1688,1.0,0.1684729064039409
426,0.1,1098,12955,1098,11857,1.0,0.08475492087996912
426,0.2,542,5243,542,4701,1.0,0.10337592981117681
426,0.3,342,2224,342,1882,1.0,0.15377697841726617
427,0.1,1098,11461,1098,10363,1.0,0.09580315853764942
427,0.2,542,4783,542,4241,1.0,0.11331800125444282
427,0.3,342,2158,342,1816,1.0,0.15848007414272475
428,0.1,1098,12404,1098,11306,1.0,0.08851983231215736
428,0.2,542,5080,542,4538,1.0,0.10669291338582677
428,0.3,342,2292,342,1950,1.0,0.14921465968586387
429,0.1,1098,9855,1098,8757,1.0,0.11141552511415526
429,0.2,542,4176,542,3634,1.0,0.12978927203065135
429,0.3,342,1716,342,1374,1.0,0.1993006993006993
430,0.1,1098,11519,1098,10421,1.0,0.09532077437277542
430,0.2,542,4715,542,4173,1.0,0.11495227995758218
430,0.3,342,2186,342,1844,1.0,0.1564501372369625
431,0.1,1098,12460,1098,11362,1.0,0.08812199036918138
431,0.2,542,5375,542,4833,1.0,0.10083720930232558
431,0.3,342,2455,342,2113,1.0,0.13930753564154785
432,0.1,1098,12723,1098,11625,1.0,0.0863004008488564
432,0.2,542,5624,542,5082,1.0,0.09637268847795163
432,0.3,342,2592,342,2250,1.0,0.13194444444444445
433,0.1,1098,14579,1098,13481,1.0,0.07531380753138076
433,0.2,542,5768,542,5226,1.0,0.09396671289875173
433,0.3,342,2349,342,2007,1.0,0.14559386973180077
434,0.1,1098,12579,1098,11481,1.0,0.08728833770569998
434,0.2,542,5446,542,4904,1.0,0.0995225853837679
434,0.3,342,2272,342,1930,1.0,0.1505281690140845
435,0.1,1098,10345,1098,9247,1.0,0.10613823102948285
435,0.2,542,4056,542,3514,1.0,0.133629191321499
435,0.3,342,1664,342,1322,1.0,0.20552884615384615
436,0.1,1098,10486,1098,9388,1.0,0.10471104329582301
436,0.2,542,4255,542,3713,1.0,0.12737955346650998
436,0.3,342,1815,342,1473,1.0,0.1884297520661157
437,0.1,1098,12450,1098,11352,1.0,0.08819277108433735
437,0.2,542,4600,542,4058,1.0,0.11782608695652173
437,0.3,342,1841,342,1499,1.0,0.18576860401955458
438,0.1,1098,11415,1098,10317,1.0,0.0961892247043364
438,0.2,542,5154,542,4612,1.0,0.10516103996895615
438,0.3,342,2210,342,1868,1.0,0.15475113122171946
439,0.1,1098,12581,1098,11483,1.0,0.08727446148954773
439,0.2,542,5186,542,4644,1.0,0.10451214809101426
439,0.3,342,2301,342,1959,1.0,0.14863102998696218
440,0.1,1098,11601,1098,10503,1.0,0.09464701318851823
440,0.2,542,4838,542,4296,1.0,0.11202976436544027
440,0.3,342,2095,342,1753,1.0,0.16324582338902147
441,0.1,1098,11286,1098,10188,1.0,0.09728867623604466
441,0.2,542,4762,542,4220,1.0,0.11381772364552709
441,0.3,342,2231,342,1889,1.0,0.15329448677722995
442,0.1,1098,12292,1098,11194,1.0,0.08932639114871462
442,0.2,542,5033,542,4491,1.0,0.10768925094377112
442,0.3,342,2008,342,1666,1.0,0.17031872509960158
443,0.1,1098,12514,1098,11416,1.0,0.08774172926322518
443,0.2,542,5121,542,4579,1.0,0.10583870337824644
443,0.3,342,2448,342,2106,1.0,0.13970588235294118
444,0.1,1098,10467,1098,9369,1.0,0.10490111779879621
444,0.2,542,4888,542,4346,1.0,0.11088379705400982
444,0.3,342,2187,342,1845,1.0,0.15637860082304528
445,0.1,1098,13284,1098,12186,1.0,0.08265582655826559
445,0.2,542,5317,542,4775,1.0,0.1019371826217792
445,0.3,342,2195,342,1853,1.0,0.15580865603644647
446,0.1,1098,12076,1098,10978,1.0,0.09092414706856575
446,0.2,542,5369,542,4827,1.0,0.10094989756006705
446,0.3,342,2219,342,1877,1.0,0.15412347904461468
447,0.1,1098,12117,1098,11019,1.0,0.09061648923000742
447,0.2,542,5315,542,4773,1.0,0.1019755409219191
447,0.3,342,2314,342,1972,1.0,0.14779602420051857
448,0.1,1098,11979,1098,10881,1.0,0.09166040570999248
448,0.2,542,5490,542,4948,1.0,0.09872495446265939
448,0.3,342,2087,342,1745,1.0,0.1638715860086248
449,0.1,1098,12038,1098,10940,1.0,0.09121116464528992
449,0.2,542,5258,542,4716,1.0,0.10308101939901103
449,0.3,342,2210,342,1868,1.0,0.15475113122171946
450,0.1,1098,12108,1098,11010,1.0,0.09068384539147671
450,0.2,542,5027,542,4485,1.0,0.10781778396658047
450,0.3,342,2201,342,1859,1.0,0.15538391640163562
451,0.1,1098,13349,1098,12251,1.0,0.08225335231103453
451,0.2,542,6187,542,5645,1.0,0.08760303862938419
451,0.3,342,2624,342,2282,1.0,0.13033536585365854
452,0.1,1098,12143,1098,11045,1.0,0.09042246561805155
452,0.2,542,5284,542,4742,1.0,0.10257380772142316
452,0.3,342,2477,342,2135,1.0,0.13807024626564393
453,0.1,1098,10871,1098,9773,1.0,0.10100266764787048
453,0.2,542,4481,542,3939,1.0,0.12095514394108457
453,0.3,342,1870,342,1528,1.0,0.18288770053475936
454,0.1,1098,12834,1098,11736,1.0,0.08555399719495091
454,0.2,542,5244,542,4702,1.0,0.10335621662852784
454,0.3,342,2373,342,2031,1.0,0.14412136536030343
455,0.1,1098,10707,1098,9609,1.0,0.10254973381899692
455,0.2,542,4823,542,4281,1.0,0.11237818784988596
455,0.3,342,1997,342,1655,1.0,0.171256885327992
456,0.1,1098,11032,1098,9934,1.0,0.0995286439448876
456,0.2,542,4725,542,4183,1.0,0.1147089947089947
456,0.3,342,2150,342,1808,1.0,0.15906976744186047
457,0.1,1098,12474,1098,11376,1.0,0.08802308802308802
457,0.2,542,5253,542,4711,1.0,0.10317913573196269
457,0.3,342,2310,342,1968,1.0,0.14805194805194805
458,0.1,1098,14933,1098,13835,1.0,0.07352842697381638
458,0.2,542,6670,542,6128,1.0,0.08125937031484258
458,0.3,342,2762,342,2420,1.0,0.12382331643736423
459,0.1,1098,11097,1098,9999,1.0,0.0989456609894566
459,0.2,542,5177,542,4635,1.0,0.10469383813019123
459,0.3,342,2348,342,2006,1.0,0.14565587734241908
460,0.1,1098,14460,1098,13362,1.0,0.07593360995850622
460,0.2,542,5844,542,5302,1.0,0.09274469541409994
460,0.3,342,2456,342,2114,1.0,0.13925081433224756
461,0.1,1098,12521,1098,11423,1.0,0.0876926763038096
461,0.2,542,5103,542,4561,1.0,0.10621203213795806
461,0.3,342,2595,342,2253,1.0,0.13179190751445086
462,0.1,1098,12486,1098,11388,1.0,0.08793849111004325
462,0.2,542,5270,542,4728,1.0,0.10284629981024668
462,0.3,342,2325,342,1983,1.0,0.14709677419354839
463,0.1,1098,11749,1098,10651,1.0,0.0934547621074134
463,0.2,542,4909,542,4367,1.0,0.11040945202688938
463,0.3,342,2319,342,1977,1.0,0.14747736093143596
464,0.1,1098,11126,1098,10028,1.0,0.09868775840373899
464,0.2,542,4286,542,3744,1.0,0.12645823611759216
464,0.3,342,1748,342,1406,1.0,0.1956521739130435
465,0.1,1098,11655,1098,10557,1.0,0.09420849420849421
465,0.2,542,5227,542,4685,1.0,0.10369236655825521
465,0.3,342,2452,342,2110,1.0,0.13947797716150082
466,0.1,1098,10320,1098,9222,1.0,0.1063953488372093
466,0.2,542,4266,542,3724,1.0,0.12705110173464604
466,0.3,342,1808,342,1466,1.0,0.18915929203539822
467,0.1,1098,10779,1098,9681,1.0,0.10186473698858892
467,0.2,542,4551,542,4009,1.0,0.11909470446055812
467,0.3,342,2013,342,1671,1.0,0.16989567809239942
468,0.1,1098,9848,1098,8750,1.0,0.11149471974004874
468,0.2,542,4036,542,3494,1.0,0.13429137760158572
468,0.3,342,1973,342,1631,1.0,0.17334009123162697
469,0.1,1098,12536,1098,11438,1.0,0.0875877472878111
469,0.2,542,4963,542,4421,1.0,0.10920814023775942
469,0.3,342,2254,342,1912,1.0,0.15173025732031944
470,0.1,1098,13426,1098,12328,1.0,0.08178161775659169
470,0.2,542,5652,542,5110,1.0,0.09589525831564048
470,0.3,342,2280,342,1938,1.0,0.15
471,0.1,1098,14009,1098,12911,1.0,0.0783781854522093
471,0.2,542,5615,542,5073,1.0,0.09652715939447908
471,0.3,342,2297,342,1955,1.0,0.14888985633434915
472,0.1,1098,13778,1098,12680,1.0,0.07969226302801567
472,0.2,542,5289,542,4747,1.0,0.10247683872187559
472,0.3,342,2219,342,1877,1.0,0.15412347904461468
473,0.1,1098,12320,1098,11222,1.0,0.08912337662337662
473,0.2,542,5674,542,5132,1.0,0.09552344025378921
473,0.3,342,2691,342,2349,1.0,0.12709030100334448
474,0.1,1098,12834,1098,11736,1.0,0.08555399719495091
474,0.2,542,5577,542,5035,1.0,0.09718486641563565
474,0.3,342,2329,342,1987,1.0,0.1468441391155002
475,0.1,1098,11517,1098,10419,1.0,0.09533732742901797
475,0.2,542,4471,542,3929,1.0,0.12122567658242005
475,0.3,342,1964,342,1622,1.0,0.17413441955193482
476,0.1,1098,12609,1098,11511,1.0,0.08708065667380442
476,0.2,542,5363,542,4821,1.0,0.10106283796382622
476,0.3,342,2505,342,2163,1.0,0.13652694610778443
477,0.1,1098,10456,1098,9358,1.0,0.1050114766641163
477,0.2,542,4314,542,3772,1.0,0.12563745943439963
477,0.3,342,1894,342,1552,1.0,0.1805702217529039
478,0.1,1098,12369,1098,11271,1.0,0.08877031287897162
478,0.2,542,5551,542,5009,1.0,0.09764006485317961
478,0.3,342,2445,342,2103,1.0,0.13987730061349693
479,0.1,1098,11871,1098,10773,1.0,0.09249431387414708
479,0.2,542,4725,542,4183,1.0,0.1147089947089947
479,0.3,342,2151,342,1809,1.0,0.1589958158995816
480,0.1,1098,11377,1098,10279,1.0,0.0965105036477103
480,0.2,542,4695,542,4153,1.0,0.1154419595314164
480,0.3,342,1918,342,1576,1.0,0.17831074035453598
481,0.1,1098,13983,1098,12885,1.0,0.07852392190517056
481,0.2,542,5738,542,5196,1.0,0.09445799930289299
481,0.3,342,2648,342,2306,1.0,0.12915407854984895
482,0.1,1098,13587,1098,12489,1.0,0.08081254139986752
482,0.2,542,5943,542,5401,1.0,0.09119973077570251
482,0.3,342,2646,342,2304,1.0,0.1292517006802721
483,0.1,1098,12360,1098,11262,1.0,0.08883495145631068
483,0.2,542,4846,542,4304,1.0,0.11184482047049113
483,0.3,342,2041,342,1699,1.0,0.16756491915727584
484,0.1,1098,12211,1098,11113,1.0,0.08991892555892228
484,0.2,542,5205,542,4663,1.0,0.10413064361191163
484,0.3,342,2228,342,1886,1.0,0.15350089766606823
485,0.1,1098,12590,1098,11492,1.0,0.08721207307386815
485,0.2,542,4777,542,4235,1.0,0.1134603307515177
485,0.3,342,1996,342,1654,1.0,0.1713426853707415
486,0.1,1098,12088,1098,10990,1.0,0.09083388484447386
486,0.2,542,5236,542,4694,1.0,0.10351413292589763
486,0.3,342,2474,342,2132,1.0,0.13823767178658045
487,0.1,1098,11556,1098,10458,1.0,0.09501557632398754
487,0.2,542,4272,542,3730,1.0,0.12687265917602997
487,0.3,342,1917,342,1575,1.0,0.1784037558685446
488,0.1,1098,13126,1098,12028,1.0,0.0836507694651836
488,0.2,542,5374,542,4832,1.0,0.10085597320431708
488,0.3,342,2366,342,2024,1.0,0.1445477599323753
489,0.1,1098,12549,1098,11451,1.0,0.08749701171408081
489,0.2,542,5560,542,5018,1.0,0.0974820143884892
489,0.3,342,2505,342,2163,1.0,0.13652694610778443
490,0.1,1098,10897,1098,9799,1.0,0.10076167752592456
490,0.2,542,4470,542,3928,1.0,0.12125279642058165
490,0.3,342,1748,342,1406,1.0,0.1956521739130435
491,0.1,1098,10959,1098,9861,1.0,0.10019162332329593
491,0.2,542,4807,542,4265,1.0,0.11275223632203037
491,0.3,342,2243,342,1901,1.0,0.15247436469014714
492,0.1,1098,13854,1098,12756,1.0,0.07925508878302295
492,0.2,542,5400,542,4858,1.0,0.10037037037037037
492,0.3,342,2257,342,1915,1.0,0.15152857775808595
493,0.1,1098,11887,1098,10789,1.0,0.09236981576512156
493,0.2,542,4745,542,4203,1.0,0.11422550052687039
493,0.3,342,1992,342,1650,1.0,0.1716867469879518
494,0.1,1098,10132,1098,9034,1.0,0.10836952230556653
494,0.2,542,4362,542,3820,1.0,0.12425492893168272
494,0.3,342,2207,342,1865,1.0,0.15496148618033528
495,0.1,1098,11611,1098,10513,1.0,0.09456549823443286
495,0.2,542,4666,542,4124,1.0,0.11615945135019289
495,0.3,342,1817,342,1475,1.0,0.18822234452394057
496,0.1,1098,13077,1098,11979,1.0,0.08396421197522368
496,0.2,542,5360,542,4818,1.0,0.10111940298507463
496,0.3,342,2541,342,2199,1.0,0.1345926800472255
497,0.1,1098,11094,1098,9996,1.0,0.0989724175229854
497,0.2,542,5198,542,4656,1.0,0.1042708734128511
497,0.3,342,2455,342,2113,1.0,0.13930753564154785
498,0.1,1098,13573,1098,12475,1.0,0.08089589626464304
498,0.2,542,5656,542,5114,1.0,0.09582743988684583
498,0.3,342,2532,342,2190,1.0,0.13507109004739337
499,0.1,1098,12059,1098,10961,1.0,0.09105232606352102
499,0.2,542,4926,542,4384,1.0,0.11002842062525375
499,0.3,342,2000,342,1658,1.0,0.171
500,0.1,1098,13379,1098,12281,1.0,0.08206891396965393
500,0.2,542,5382,542,4840,1.0,0.10070605722779635
500,0.3,342,2333,342,1991,1.0,0.1465923703386198
