graph_id,source_condition,target_condition,association,standard_error,p_value,n_complete,source_cases,target_cases,cooccurring_cases,weighted_n,kish_effective_n,weighted_source_prevalence,weighted_target_prevalence,weighted_joint_prevalence,estimator,inference_scope,pair_eligible,exclusion_reason,q_value,edge_present
2024_06_lower,ISCHEMIC_HEART_DISEASE,STROKE,0.30257634581674653,,,2488,193,122,49,11308056.959543854,1445.2274520594772,0.04763388441876439,0.031956287750259375,0.012857177630231698,weighted_phi,descriptive,True,,,True
2024_06_lower,ISCHEMIC_HEART_DISEASE,CURRENT_ASTHMA,0.07316034411655019,,,2474,194,214,27,11211458.627652725,1431.999989937597,0.047323265308880744,0.06818645962747878,0.007142416111249965,weighted_phi,descriptive,True,,,False
2024_06_lower,ISCHEMIC_HEART_DISEASE,SKIN_CANCER,0.07288246400721844,,,2480,192,103,21,11267439.045984708,1439.8242518262598,0.04734010267876225,0.023917925309512325,0.00349717010526151,weighted_phi,descriptive,True,,,False
2024_06_lower,ISCHEMIC_HEART_DISEASE,OTHER_CANCER,0.06403738380152837,,,2482,195,160,27,11234457.191217884,1439.847137665181,0.04808720523103155,0.04639235007288825,0.005112619695941018,weighted_phi,descriptive,True,,,False
2024_06_lower,ISCHEMIC_HEART_DISEASE,COPD,0.12030581071063758,,,2487,195,152,36,11288007.756279355,1442.4567099489416,0.0478590784377171,0.035710352225991226,0.006474693269042951,weighted_phi,descriptive,True,,,True
2024_06_lower,ISCHEMIC_HEART_DISEASE,DEPRESSIVE_DISORDER,0.08544928396122319,,,2478,195,405,48,11212325.531251257,1434.1468510240563,0.048182123066939225,0.15164519544853844,0.013870025849484054,weighted_phi,descriptive,True,,,True
2024_06_lower,ISCHEMIC_HEART_DISEASE,KIDNEY_DISEASE,0.0726020333432151,,,2489,194,117,34,11286294.922684804,1443.9412192626442,0.04784271695183203,0.03653889555716802,0.0046555271577382,weighted_phi,descriptive,True,,,False
2024_06_lower,ISCHEMIC_HEART_DISEASE,ARTHRITIS,0.15001810029909166,,,2477,192,604,96,11249503.278468462,1437.064009827446,0.047492432778371695,0.17217458798831148,0.02022302143388792,weighted_phi,descriptive,True,,,True
2024_06_lower,ISCHEMIC_HEART_DISEASE,DIABETES,0.163505352710953,,,2480,193,398,76,11242069.14875304,1439.510943588662,0.047784979492469126,0.14384878436326765,0.019113588838797574,weighted_phi,descriptive,True,,,True
2024_06_lower,STROKE,CURRENT_ASTHMA,0.11701470917341676,,,2502,126,219,21,11315527.772616208,1449.3233445806502,0.032356065701251914,0.06867729996188811,0.007458527079710613,weighted_phi,descriptive,True,,,True
2024_06_lower,STROKE,SKIN_CANCER,0.08662459208116433,,,2508,123,104,12,11366636.013386548,1456.9138565519427,0.030628261865849275,0.02380342751606236,0.0030043433399594794,weighted_phi,descriptive,True,,,True
2024_06_lower,STROKE,OTHER_CANCER,0.039138128599283006,,,2510,126,160,15,11339656.412044968,1457.364329767538,0.032287218126486814,0.046066029911725634,0.002937578208519948,weighted_phi,descriptive,True,,,False
2024_06_lower,STROKE,COPD,0.05499130793236738,,,2516,126,153,14,11395960.127574848,1460.5313909324748,0.032127697531092125,0.03554374784975797,0.0029373575346072225,weighted_phi,descriptive,True,,,False
2024_06_lower,STROKE,DEPRESSIVE_DISORDER,0.06345356155891771,,,2505,126,410,26,11312773.860988054,1451.1675591564392,0.032363942261560724,0.15124892742218013,0.008918280395981958,weighted_phi,descriptive,True,,,False
2024_06_lower,STROKE,KIDNEY_DISEASE,0.09228243540216564,,,2515,125,118,17,11370745.416160945,1459.0475753510343,0.032142570446985604,0.03716894985870181,0.004273851242227661,weighted_phi,descriptive,True,,,True
2024_06_lower,STROKE,ARTHRITIS,0.05325969126004802,,,2501,125,612,55,11334141.76189261,1451.6409693046642,0.03216888240119244,0.1719306322781443,0.00907671570278501,weighted_phi,descriptive,True,,,False
2024_06_lower,STROKE,DIABETES,0.15441734038029725,,,2508,125,408,57,11342784.113682263,1456.6079018746466,0.03202768032689594,0.14576613386382217,0.014262711868493583,weighted_phi,descriptive,True,,,True
2024_06_lower,CURRENT_ASTHMA,SKIN_CANCER,0.06209264875324557,,,2498,218,104,11,11282891.121939765,1446.138648179509,0.06768088153372159,0.02398010346124788,0.00400921380070589,weighted_phi,descriptive,True,,,False
2024_06_lower,CURRENT_ASTHMA,OTHER_CANCER,0.08984994223502246,,,2499,219,162,22,11251512.685728278,1445.777955474992,0.06825407690431985,0.046295508826853224,0.00792095604690694,weighted_phi,descriptive,True,,,True
2024_06_lower,CURRENT_ASTHMA,COPD,0.21488733036437474,,,2506,218,152,54,11312215.236128064,1449.7561906825595,0.06871019374799721,0.035637550991725726,0.012525816978006872,weighted_phi,descriptive,True,,,True
2024_06_lower,CURRENT_ASTHMA,DEPRESSIVE_DISORDER,0.15327271191518202,,,2494,219,408,65,11227477.931596335,1440.0339775336274,0.06907487346523196,0.1519315886742267,0.024446182455495433,weighted_phi,descriptive,True,,,True
2024_06_lower,CURRENT_ASTHMA,KIDNEY_DISEASE,0.014502642464945514,,,2505,221,120,18,11287000.524714163,1448.2722884525158,0.06938194645318707,0.03781595620463796,0.0033266918968588707,weighted_phi,descriptive,True,,,False
2024_06_lower,CURRENT_ASTHMA,ARTHRITIS,0.14571372891556425,,,2491,220,612,96,11250396.870445829,1440.8658305745953,0.06952847336610152,0.17290214818306354,0.026037232395484392,weighted_phi,descriptive,True,,,True
2024_06_lower,CURRENT_ASTHMA,DIABETES,0.057114953440039105,,,2499,219,411,53,11266253.42647516,1446.82716314196,0.06905017239332886,0.1474992480992684,0.015319815275616462,weighted_phi,descriptive,True,,,False
2024_06_lower,SKIN_CANCER,OTHER_CANCER,0.23443141659238248,,,2506,102,160,36,11308446.516941119,1454.312204345361,0.02275129093698625,0.046012248192722316,0.008370520623425776,weighted_phi,descriptive,True,,,True
2024_06_lower,SKIN_CANCER,COPD,0.05756515783359263,,,2512,104,154,18,11363323.476898404,1457.3479315418797,0.023810366482672804,0.03595410966111343,0.002490008691051598,weighted_phi,descriptive,True,,,False
2024_06_lower,SKIN_CANCER,DEPRESSIVE_DISORDER,-0.003750543645117546,,,2500,104,408,15,11278586.172366675,1447.6273609638,0.02398925648225428,0.15004600676635388,0.0033945459514647383,weighted_phi,descriptive,True,,,False
2024_06_lower,SKIN_CANCER,KIDNEY_DISEASE,0.06505663860565955,,,2512,103,119,16,11346864.169378152,1456.851108747673,0.023788415718691433,0.03750877697730364,0.002775972043120142,weighted_phi,descriptive,True,,,False
2024_06_lower,SKIN_CANCER,ARTHRITIS,0.07035736736079198,,,2498,103,612,55,11310260.515109818,1449.4412761819235,0.02384539296176271,0.1724941185648438,0.008168684544425599,weighted_phi,descriptive,True,,,False
2024_06_lower,SKIN_CANCER,DIABETES,-0.01610291433468798,,,2505,104,407,16,11315973.053448321,1454.3652906417856,0.02390999829781862,0.14534627110200943,0.0026081948909607664,weighted_phi,descriptive,True,,,False
2024_06_lower,OTHER_CANCER,COPD,0.14004232857831167,,,2514,163,155,27,11335863.395315833,1457.7455460513947,0.046465782741949804,0.03633373151824676,0.007204124971320019,weighted_phi,descriptive,True,,,True
2024_06_lower,OTHER_CANCER,DEPRESSIVE_DISORDER,0.051931905431069535,,,2503,161,410,40,11260182.135080483,1449.0039274793594,0.045307656795750814,0.15124605354235837,0.010722370310724094,weighted_phi,descriptive,True,,,False
2024_06_lower,OTHER_CANCER,KIDNEY_DISEASE,0.052563533805014155,,,2513,162,118,22,11310648.683901932,1456.2736611356813,0.046512698426086976,0.037207890298493904,0.003825772218129863,weighted_phi,descriptive,True,,,False
2024_06_lower,OTHER_CANCER,ARTHRITIS,0.16557317953932893,,,2499,162,611,86,11274045.029633597,1448.848625199734,0.04664363805302709,0.17166735030549488,0.021173378400460498,weighted_phi,descriptive,True,,,True
2024_06_lower,OTHER_CANCER,DIABETES,0.0778155159184575,,,2507,163,409,43,11288512.971865749,1454.7797372309235,0.04666068657864242,0.14631542557114832,0.012627596184462263,weighted_phi,descriptive,True,,,False
2024_06_lower,COPD,DEPRESSIVE_DISORDER,0.10634919810901282,,,2509,155,411,48,11311828.64118389,1451.9974108566753,0.0364109314415693,0.15142385957162718,0.012654147970576185,weighted_phi,descriptive,True,,,True
2024_06_lower,COPD,KIDNEY_DISEASE,0.04575889707142158,,,2520,155,120,20,11371351.234301716,1460.2366637167884,0.036220340806157394,0.03753544400570323,0.002984548363883704,weighted_phi,descriptive,True,,,False
2024_06_lower,COPD,ARTHRITIS,0.17503330653330884,,,2506,152,615,83,11334747.580033382,1452.8259212398073,0.035943004601415425,0.17238449003843562,0.018502745769340124,weighted_phi,descriptive,True,,,True
2024_06_lower,COPD,DIABETES,0.043287402794528626,,,2514,153,408,36,11350986.267948616,1458.7981831085003,0.035815950148934746,0.1453998464415226,0.00804322208654812,weighted_phi,descriptive,True,,,False
2024_06_lower,DEPRESSIVE_DISORDER,KIDNEY_DISEASE,0.004201429931996102,,,2510,413,119,27,11297074.228490856,1452.1710761819886,0.15196291730900338,0.03764493982936243,0.006007709187798258,weighted_phi,descriptive,True,,,False
2024_06_lower,DEPRESSIVE_DISORDER,ARTHRITIS,0.12025185418805469,,,2495,407,612,145,11257247.681867922,1444.0988680418113,0.15143983521254506,0.17194577925447707,0.04230534853912941,weighted_phi,descriptive,True,,,True
2024_06_lower,DEPRESSIVE_DISORDER,DIABETES,-0.005627705579398598,,,2504,411,408,67,11271866.076480575,1450.3184752026425,0.15153372638929885,0.14640341052846667,0.021471700117034948,weighted_phi,descriptive,True,,,False
2024_06_lower,KIDNEY_DISEASE,ARTHRITIS,0.0703306077624015,,,2507,120,614,58,11325525.678879399,1453.3221136338825,0.0376873206265644,0.17262077605306883,0.011567344162256694,weighted_phi,descriptive,True,,,False
2024_06_lower,KIDNEY_DISEASE,DIABETES,0.1448224825528661,,,2514,118,408,52,11328635.519129999,1457.9773900870412,0.036971873013944195,0.14489472970247783,0.014975971107010032,weighted_phi,descriptive,True,,,True
2024_06_lower,ARTHRITIS,DIABETES,0.17654271268839192,,,2499,614,404,166,11288808.972507067,1449.8980563953646,0.17322970264775114,0.1445306194437955,0.048529839164806916,weighted_phi,descriptive,True,,,True
2024_06_higher,ISCHEMIC_HEART_DISEASE,STROKE,0.19296391041299163,,,5714,465,237,71,18800438.53504195,2651.376359265887,0.056755907119490995,0.03143596975872649,0.009574783547322984,weighted_phi,descriptive,True,,,True
2024_06_higher,ISCHEMIC_HEART_DISEASE,CURRENT_ASTHMA,0.06749100058741823,,,5676,467,555,72,18667436.49692945,2627.6107002033204,0.056623065542636374,0.08895156507340873,0.009477218870999091,weighted_phi,descriptive,True,,,False
2024_06_higher,ISCHEMIC_HEART_DISEASE,SKIN_CANCER,0.11345943520841502,,,5681,462,623,101,18716806.861619234,2637.6259428086896,0.05563080966509752,0.0633784794916518,0.009861898520081675,weighted_phi,descriptive,True,,,True
2024_06_higher,ISCHEMIC_HEART_DISEASE,OTHER_CANCER,0.12801440205063405,,,5698,463,747,135,18739467.999008935,2641.885742278863,0.05573429335022134,0.08494628800647232,0.01292213575988497,weighted_phi,descriptive,True,,,True
2024_06_higher,ISCHEMIC_HEART_DISEASE,COPD,0.19123763376980646,,,5699,464,359,96,18697816.19499967,2651.6514956027636,0.055657899618118456,0.04219025105886245,0.011161694710204097,weighted_phi,descriptive,True,,,True
2024_06_higher,ISCHEMIC_HEART_DISEASE,DEPRESSIVE_DISORDER,0.058463391660088244,,,5684,464,1170,127,18679612.68047422,2632.696140142513,0.056742358146767584,0.19612505471903655,0.016499084835195247,weighted_phi,descriptive,True,,,False
2024_06_higher,ISCHEMIC_HEART_DISEASE,KIDNEY_DISEASE,0.17964188028185477,,,5699,463,279,88,18714935.642851762,2645.8235444888437,0.055980897599388624,0.040003267401390215,0.010332250765700353,weighted_phi,descriptive,True,,,True
2024_06_higher,ISCHEMIC_HEART_DISEASE,ARTHRITIS,0.15786858700083836,,,5686,464,1715,264,18662852.63678848,2637.973103118496,0.056193384882487964,0.23594704420536924,0.028695162722879926,weighted_phi,descriptive,True,,,True
2024_06_higher,ISCHEMIC_HEART_DISEASE,DIABETES,0.16531749639497914,,,5714,468,683,155,18769392.732469656,2647.1417589301864,0.05689902833578155,0.11103071795376016,0.018348915761450334,weighted_phi,descriptive,True,,,True
2024_06_higher,STROKE,CURRENT_ASTHMA,0.06438572023623762,,,5726,243,563,36,18849400.235928103,2646.027430594559,0.031361293344195754,0.08934413749718863,0.006002888374500871,weighted_phi,descriptive,True,,,False
2024_06_higher,STROKE,SKIN_CANCER,0.04419281948415384,,,5729,241,629,43,18894867.123900663,2655.119976235915,0.031038740114649885,0.06334017401995591,0.0038327550988645725,weighted_phi,descriptive,True,,,False
2024_06_higher,STROKE,OTHER_CANCER,0.08868509028614523,,,5751,243,758,58,18923601.450336315,2660.8103160405,0.03120426957257789,0.08607389238971819,0.007010662645235673,weighted_phi,descriptive,True,,,True
2024_06_higher,STROKE,COPD,0.08979691603369858,,,5746,239,365,37,18866904.52266497,2667.322198649277,0.030635737917041467,0.042421797101332565,0.004418518054719484,weighted_phi,descriptive,True,,,True
2024_06_higher,STROKE,DEPRESSIVE_DISORDER,0.05100453425030164,,,5734,242,1181,56,18856714.484987162,2650.037478925295,0.031846299737642574,0.19560193225065298,0.009781684865900033,weighted_phi,descriptive,True,,,False
2024_06_higher,STROKE,KIDNEY_DISEASE,0.17888096320484106,,,5752,242,282,38,18901275.244450934,2665.2280609486534,0.03113008699098825,0.03957619404120572,0.007288702490257975,weighted_phi,descriptive,True,,,True
2024_06_higher,STROKE,ARTHRITIS,0.17464145319508576,,,5736,241,1738,142,18840483.220180497,2655.354243796955,0.030568068858864407,0.23875254240849364,0.020114925090424767,weighted_phi,descriptive,True,,,True
2024_06_higher,STROKE,DIABETES,0.16037985034929284,,,5767,245,692,92,18953526.18379704,2666.060844307696,0.031872698360312784,0.11326852701501837,0.012538625058628529,weighted_phi,descriptive,True,,,True
2024_06_higher,CURRENT_ASTHMA,SKIN_CANCER,0.019698782402271128,,,5696,561,626,74,18786259.199598704,2633.7765715562914,0.08920531226563386,0.06341187543153667,0.007025049502925655,weighted_phi,descriptive,True,,,False
2024_06_higher,CURRENT_ASTHMA,OTHER_CANCER,0.06125900018416499,,,5716,563,752,100,18809946.49646079,2638.3205534467643,0.08948863761110208,0.0860515116620448,0.012604476574476959,weighted_phi,descriptive,True,,,False
2024_06_higher,CURRENT_ASTHMA,COPD,0.18001611745275162,,,5714,564,360,113,18755419.952709116,2645.3328973218736,0.08980427530610159,0.04164419257698955,0.014021597021266178,weighted_phi,descriptive,True,,,True
2024_06_higher,CURRENT_ASTHMA,DEPRESSIVE_DISORDER,0.12294460564115471,,,5703,558,1170,203,18750982.542632677,2629.4052882684605,0.08925772626307327,0.19513844680002124,0.03130953007902334,weighted_phi,descriptive,True,,,True
2024_06_higher,CURRENT_ASTHMA,KIDNEY_DISEASE,0.06186986777280414,,,5716,562,283,55,18787173.785512976,2642.5165788223208,0.08944042991409028,0.03994542210594881,0.007030391677541183,weighted_phi,descriptive,True,,,False
2024_06_higher,CURRENT_ASTHMA,ARTHRITIS,0.1209667852804487,,,5703,562,1728,254,18732084.771872774,2634.0306785923453,0.08957769185855602,0.23816878561215366,0.036049578061598815,weighted_phi,descriptive,True,,,True
2024_06_higher,CURRENT_ASTHMA,DIABETES,0.06902504418760283,,,5733,562,693,95,18842043.940531306,2644.08274980492,0.08924050357581889,0.11337789949883277,0.016357016458229394,weighted_phi,descriptive,True,,,False
2024_06_higher,SKIN_CANCER,OTHER_CANCER,0.26281637049756745,,,5726,618,746,253,18893861.599863894,2651.6076022640964,0.06229150285784039,0.08518044277623245,0.023037229304821535,weighted_phi,descriptive,True,,,True
2024_06_higher,SKIN_CANCER,COPD,0.060318995611018944,,,5719,626,362,71,18832815.986328714,2657.6073233036,0.06310509036911656,0.042201009549302365,0.005611796860789819,weighted_phi,descriptive,True,,,False
2024_06_higher,SKIN_CANCER,DEPRESSIVE_DISORDER,0.01087430626439762,,,5707,628,1172,115,18807895.61778228,2639.800253174798,0.06339576729192845,0.1946517120392364,0.013389228088036418,weighted_phi,descriptive,True,,,False
2024_06_higher,SKIN_CANCER,KIDNEY_DISEASE,0.09103523917985006,,,5722,625,282,67,18856005.792068068,2653.0331153868847,0.062214644610148404,0.039381694362404435,0.006727029000973997,weighted_phi,descriptive,True,,,True
2024_06_higher,SKIN_CANCER,ARTHRITIS,0.180274393617386,,,5710,626,1723,332,18802308.46771831,2644.814312367165,0.06320686945860336,0.23794415550022094,0.03371936455272217,weighted_phi,descriptive,True,,,True
2024_06_higher,SKIN_CANCER,DIABETES,0.02765920507306642,,,5737,630,691,104,18898584.29802791,2654.4009079736315,0.0633422143637683,0.11292442094747548,0.009285196281238616,weighted_phi,descriptive,True,,,False
2024_06_higher,OTHER_CANCER,COPD,0.07616229486490342,,,5739,754,366,99,18857350.573382862,2662.3586937637738,0.08573484738524602,0.04245567175365004,0.00793927356401505,weighted_phi,descriptive,True,,,False
2024_06_higher,OTHER_CANCER,DEPRESSIVE_DISORDER,0.06127593701248738,,,5726,756,1180,178,18830506.92565369,2644.070497763326,0.08611554688620801,0.19506453484070208,0.023609641108528562,weighted_phi,descriptive,True,,,False
2024_06_higher,OTHER_CANCER,KIDNEY_DISEASE,0.13345094775431518,,,5743,752,279,87,18884574.835754536,2658.681659288244,0.08540520455607671,0.0390082670723025,0.010552825004203193,weighted_phi,descriptive,True,,,True
2024_06_higher,OTHER_CANCER,ARTHRITIS,0.1868054871125154,,,5729,757,1730,385,18827313.11150454,2649.676318712708,0.08645975364178213,0.23758252750150025,0.042885492201878116,weighted_phi,descriptive,True,,,True
2024_06_higher,OTHER_CANCER,DIABETES,0.08337716297996205,,,5759,758,695,170,18927318.624463566,2660.0897038966614,0.08581967586994965,0.11296307357889661,0.017087026706025393,weighted_phi,descriptive,True,,,True
2024_06_higher,COPD,DEPRESSIVE_DISORDER,0.08940572810766072,,,5724,361,1176,122,18788826.74817453,2652.8410375125427,0.04207180264788387,0.19463618637896382,0.015294859327734056,weighted_phi,descriptive,True,,,True
2024_06_higher,COPD,KIDNEY_DISEASE,0.1009954735844793,,,5737,365,281,65,18827723.431600586,2665.18733962507,0.04240877134822201,0.03968714394330108,0.005656380929669531,weighted_phi,descriptive,True,,,True
2024_06_higher,COPD,ARTHRITIS,0.15394032354597664,,,5725,363,1739,213,18775816.986881834,2657.3850079065614,0.042561499270352104,0.2390226594185926,0.02342639159874219,weighted_phi,descriptive,True,,,True
2024_06_higher,COPD,DIABETES,0.08900730840841316,,,5753,365,691,82,18870467.22030962,2666.544784353122,0.042308855266903124,0.11126051135851978,0.01034123953210057,weighted_phi,descriptive,True,,,True
2024_06_higher,DEPRESSIVE_DISORDER,KIDNEY_DISEASE,0.058654177639553454,,,5725,1178,282,82,18804650.41974786,2647.6027195832494,0.19537704029328054,0.03968257690688316,0.012292890986210909,weighted_phi,descriptive,True,,,False
2024_06_higher,DEPRESSIVE_DISORDER,ARTHRITIS,0.10841274056169396,,,5713,1179,1728,459,18752859.3780528,2639.828309012935,0.19554900087107593,0.23848029770930823,0.06495877224863304,weighted_phi,descriptive,True,,,True
2024_06_higher,DEPRESSIVE_DISORDER,DIABETES,0.004688572571371687,,,5743,1180,694,156,18862604.369724203,2649.835420531784,0.19497456595940166,0.11392324805308623,0.022802304680714224,weighted_phi,descriptive,True,,,False
2024_06_higher,KIDNEY_DISEASE,ARTHRITIS,0.14319762518461546,,,5730,280,1731,169,18805687.98896085,2654.220200045982,0.03922984591890978,0.2375903516472058,0.021152750024826847,weighted_phi,descriptive,True,,,True
2024_06_higher,KIDNEY_DISEASE,DIABETES,0.16526507220989362,,,5758,283,687,106,18901462.11855774,2663.6349446994636,0.03965480785018799,0.11119003319400261,0.014547868068600934,weighted_phi,descriptive,True,,,True
2024_06_higher,ARTHRITIS,DIABETES,0.16020744283366692,,,5746,1740,690,348,18849522.441809174,2655.83680568735,0.2386512879390635,0.11175124540230506,0.048185001100591554,weighted_phi,descriptive,True,,,True
2024_12_lower,ISCHEMIC_HEART_DISEASE,STROKE,0.2572639736101406,,,4297,520,275,108,7212675.926506665,1016.6946348102556,0.09065806032547792,0.039786888280060946,0.018044754821877694,weighted_phi,descriptive,True,,,True
2024_12_lower,ISCHEMIC_HEART_DISEASE,CURRENT_ASTHMA,0.019986626517324812,,,4269,524,395,70,7123696.430955129,1021.1615968670578,0.0917355409404583,0.07634254469379981,0.008535305201109874,weighted_phi,descriptive,True,,,False
2024_12_lower,ISCHEMIC_HEART_DISEASE,SKIN_CANCER,0.0313197114367753,,,4272,517,538,102,7187281.11120284,1013.6225312931352,0.09044586735828725,0.06398396536369653,0.007985469534426682,weighted_phi,descriptive,True,,,False
2024_12_lower,ISCHEMIC_HEART_DISEASE,OTHER_CANCER,0.08586927415928858,,,4274,523,631,126,7192066.864168472,1011.5801542306137,0.0912034259716127,0.09429121143118448,0.01582416175970177,weighted_phi,descriptive,True,,,True
2024_12_lower,ISCHEMIC_HEART_DISEASE,COPD,0.17332793828552323,,,4282,527,596,159,7147199.6924514575,1025.3786660698343,0.09168082465076027,0.0824841969325849,0.021322244095493482,weighted_phi,descriptive,True,,,True
2024_12_lower,ISCHEMIC_HEART_DISEASE,DEPRESSIVE_DISORDER,0.09449410291454484,,,4283,523,786,139,7206264.254322622,1014.7560507147348,0.09103527708140509,0.17710513543896436,0.02649979157320031,weighted_phi,descriptive,True,,,True
2024_12_lower,ISCHEMIC_HEART_DISEASE,KIDNEY_DISEASE,0.17552138037544104,,,4295,525,296,92,7183172.814671926,1018.6667091956875,0.08858747474124368,0.051489719826009146,0.01558320623858972,weighted_phi,descriptive,True,,,True
2024_12_lower,ISCHEMIC_HEART_DISEASE,ARTHRITIS,0.20069493824722,,,4275,522,1693,338,7184705.134620737,1010.1188234655342,0.09076856056102506,0.2667801853759496,0.04971496374328445,weighted_phi,descriptive,True,,,True
2024_12_lower,ISCHEMIC_HEART_DISEASE,DIABETES,0.10488100642682481,,,4308,528,812,179,7220757.760199989,1018.2216997317561,0.09112281083108212,0.13992331064841887,0.02322092730544598,weighted_phi,descriptive,True,,,True
2024_12_lower,STROKE,CURRENT_ASTHMA,0.1287461543288515,,,4316,277,400,51,7192085.895267572,1033.6073444183514,0.040509551656390315,0.07759462648961017,0.009933953208924068,weighted_phi,descriptive,True,,,True
2024_12_lower,STROKE,SKIN_CANCER,0.08573134091403832,,,4315,278,549,64,7246527.146506718,1024.340379027482,0.040642193789174115,0.06495192999344211,0.006811665908376687,weighted_phi,descriptive,True,,,True
2024_12_lower,STROKE,OTHER_CANCER,0.0985119086262379,,,4317,278,642,63,7253591.8901501335,1022.8331044234146,0.040763349942574176,0.09387843953178648,0.00950829577149071,weighted_phi,descriptive,True,,,True
2024_12_lower,STROKE,COPD,0.13822029034193795,,,4325,278,606,87,7204448.262708025,1035.7724930906345,0.04065365072233377,0.08590573296311488,0.011141578851150075,weighted_phi,descriptive,True,,,True
2024_12_lower,STROKE,DEPRESSIVE_DISORDER,0.08684091611994758,,,4327,275,795,77,7266865.037975307,1025.7776455592193,0.04044875048664463,0.17640302218469597,0.01365639026579137,weighted_phi,descriptive,True,,,True
2024_12_lower,STROKE,KIDNEY_DISEASE,0.1358824214307502,,,4339,280,297,46,7242861.945627725,1029.5336181939988,0.04076785884612944,0.05118168101555673,0.008008083359548822,weighted_phi,descriptive,True,,,True
2024_12_lower,STROKE,ARTHRITIS,0.12424558289135355,,,4318,279,1722,174,7237792.142786678,1019.867118854264,0.04084685747085391,0.26837000109037895,0.021859323233789685,weighted_phi,descriptive,True,,,True
2024_12_lower,STROKE,DIABETES,0.17971993393836394,,,4354,282,825,110,7282635.410976663,1029.5864143433512,0.04065797720954638,0.14101732800157132,0.018086816924772937,weighted_phi,descriptive,True,,,True
2024_12_lower,CURRENT_ASTHMA,SKIN_CANCER,0.059581269360980904,,,4292,399,548,67,7174351.102452386,1029.8233592677848,0.07941165061060236,0.06552982855606923,0.00919028658927853,weighted_phi,descriptive,True,,,False
2024_12_lower,CURRENT_ASTHMA,OTHER_CANCER,0.006184300291700037,,,4296,399,644,66,7187713.323100535,1029.5005767907992,0.07946881576138275,0.09472659211931794,0.008017627296625227,weighted_phi,descriptive,True,,,False
2024_12_lower,CURRENT_ASTHMA,COPD,0.23314275235112936,,,4305,397,599,158,7172392.809766821,1030.0082794614384,0.07918108333438431,0.08777846256819577,0.024764494376901085,weighted_phi,descriptive,True,,,True
2024_12_lower,CURRENT_ASTHMA,DEPRESSIVE_DISORDER,0.19629718782017685,,,4305,400,787,163,7203911.124186712,1032.9618356623575,0.07941706423547143,0.17382291279945147,0.033918231781990375,weighted_phi,descriptive,True,,,True
2024_12_lower,CURRENT_ASTHMA,KIDNEY_DISEASE,0.028471599286648094,,,4318,402,298,38,7180311.767064571,1037.0503262826373,0.0794023658852065,0.0529262699714154,0.005925890743196857,weighted_phi,descriptive,True,,,False
2024_12_lower,CURRENT_ASTHMA,ARTHRITIS,0.05679035452722237,,,4296,397,1712,209,7174999.619607533,1027.02769079293,0.07764814093359648,0.26607284929299213,0.027376131604903764,weighted_phi,descriptive,True,,,False
2024_12_lower,CURRENT_ASTHMA,DIABETES,0.07948233050818017,,,4332,402,825,111,7219842.887797519,1036.8535476549143,0.07925272880186376,0.1423380477705051,0.018782496285836447,weighted_phi,descriptive,True,,,False
2024_12_lower,SKIN_CANCER,OTHER_CANCER,0.32173478602510175,,,4304,538,638,234,7250538.424631897,1022.1294585373066,0.06339603043063838,0.09286203313344339,0.02864134945855044,weighted_phi,descriptive,True,,,True
2024_12_lower,SKIN_CANCER,COPD,0.13220693401401384,,,4303,549,606,132,7192892.904577074,1032.9054319193328,0.06546711018710971,0.08796021084334565,0.015020679136364918,weighted_phi,descriptive,True,,,True
2024_12_lower,SKIN_CANCER,DEPRESSIVE_DISORDER,0.024735358137857717,,,4304,550,786,104,7253638.263969571,1022.564198740549,0.06496762701615769,0.17579872218132153,0.013741848465678193,weighted_phi,descriptive,True,,,False
2024_12_lower,SKIN_CANCER,KIDNEY_DISEASE,0.0919419310450296,,,4316,549,294,60,7233102.209369611,1027.111209749959,0.06511332252424232,0.05045766913481968,0.008250804200329023,weighted_phi,descriptive,True,,,True
2024_12_lower,SKIN_CANCER,ARTHRITIS,0.14177761865446212,,,4297,548,1714,326,7229190.8369958345,1017.720763017325,0.06411962538055874,0.2680543833971907,0.03257136699640075,weighted_phi,descriptive,True,,,True
2024_12_lower,SKIN_CANCER,DIABETES,0.12791939992167048,,,4329,552,821,145,7270339.437317254,1026.5552404584853,0.06486682192050235,0.1422659713393707,0.020233879827676462,weighted_phi,descriptive,True,,,True
2024_12_lower,OTHER_CANCER,COPD,0.1469518638074651,,,4305,645,604,153,7200714.28857407,1031.5131896963799,0.09594475912182175,0.08798934201089258,0.02070233452146289,weighted_phi,descriptive,True,,,True
2024_12_lower,OTHER_CANCER,DEPRESSIVE_DISORDER,0.04353304620268713,,,4307,645,793,140,7266477.703442826,1022.1760192902017,0.09454275719879235,0.1788399274671252,0.021789070529945623,weighted_phi,descriptive,True,,,False
2024_12_lower,OTHER_CANCER,KIDNEY_DISEASE,0.14320508043963548,,,4319,644,297,92,7244088.938518841,1026.2580989868748,0.09505766851236701,0.05179577594730785,0.014231675646748772,weighted_phi,descriptive,True,,,True
2024_12_lower,OTHER_CANCER,ARTHRITIS,0.1895489589346482,,,4300,643,1712,399,7242287.089789365,1017.4088755654219,0.09523702107947846,0.26719993599624586,0.05006815312649054,weighted_phi,descriptive,True,,,True
2024_12_lower,OTHER_CANCER,DIABETES,0.14521052012299585,,,4333,648,823,170,7283492.736993041,1026.2465281592895,0.09494215793734569,0.14141159960683772,0.028257960238315866,weighted_phi,descriptive,True,,,True
2024_12_lower,COPD,DEPRESSIVE_DISORDER,0.20085878594764225,,,4317,605,794,206,7217692.190362628,1035.2228410879682,0.08696779789470498,0.17441742859699433,0.03664642656222632,weighted_phi,descriptive,True,,,True
2024_12_lower,COPD,KIDNEY_DISEASE,0.11716852329227177,,,4327,606,299,79,7194295.214823283,1039.326594859344,0.0876624152657659,0.052219318314934454,0.011949326215730955,weighted_phi,descriptive,True,,,True
2024_12_lower,COPD,ARTHRITIS,0.19194731165140605,,,4306,605,1713,388,7189225.4119822355,1029.367436578393,0.08640007704081203,0.2651289367078524,0.046711233056577435,weighted_phi,descriptive,True,,,True
2024_12_lower,COPD,DIABETES,0.05976193587069383,,,4341,613,826,163,7233699.013297483,1039.091886313476,0.08791104710587372,0.14281693197715276,0.01847613916094497,weighted_phi,descriptive,True,,,False
2024_12_lower,DEPRESSIVE_DISORDER,KIDNEY_DISEASE,0.07056474765341547,,,4329,798,296,77,7259662.754099424,1029.567402151884,0.17929713696545843,0.05173338404175743,0.015271047029135251,weighted_phi,descriptive,True,,,False
2024_12_lower,DEPRESSIVE_DISORDER,ARTHRITIS,0.13414303201782776,,,4311,795,1720,428,7255518.401166606,1020.1950496138129,0.17781131447477977,0.26847260847517734,0.07046743676725697,weighted_phi,descriptive,True,,,True
2024_12_lower,DEPRESSIVE_DISORDER,DIABETES,0.045574681456096784,,,4343,802,828,188,7299066.552573625,1029.5438525817917,0.17877671663930397,0.141894970630203,0.03146097004854363,weighted_phi,descriptive,True,,,False
2024_12_lower,KIDNEY_DISEASE,ARTHRITIS,0.14456677983108568,,,4321,297,1723,194,7232657.150378194,1024.13965185803,0.052503014256540165,0.2666909285278266,0.02826134442550113,weighted_phi,descriptive,True,,,True
2024_12_lower,KIDNEY_DISEASE,DIABETES,0.12790128112310226,,,4356,301,828,116,7277130.7516934415,1033.7897999620673,0.052345917129356274,0.14216251766059132,0.01738963895717408,weighted_phi,descriptive,True,,,True
2024_12_lower,ARTHRITIS,DIABETES,0.18228573309292803,,,4335,1732,823,489,7272060.948852394,1024.1335294189191,0.2688546492264997,0.140278620013462,0.06578103747804233,weighted_phi,descriptive,True,,,True
2024_12_higher,ISCHEMIC_HEART_DISEASE,STROKE,0.1826115508002575,,,8542,907,459,167,11277587.103599267,2167.312608544935,0.06024383762807681,0.03654506307071112,0.010354704379033297,weighted_phi,descriptive,True,,,True
2024_12_higher,ISCHEMIC_HEART_DISEASE,CURRENT_ASTHMA,0.03670331911017865,,,8498,902,796,111,11237610.61637715,2149.2507972631834,0.06161563095663864,0.098051358661353,0.00866607070619165,weighted_phi,descriptive,True,,,False
2024_12_higher,ISCHEMIC_HEART_DISEASE,SKIN_CANCER,0.12676659763737694,,,8492,901,1476,246,11250764.014956525,2151.0611801285154,0.061307036062919915,0.0961191230089317,0.01485637455103391,weighted_phi,descriptive,True,,,True
2024_12_higher,ISCHEMIC_HEART_DISEASE,OTHER_CANCER,0.13047309951562672,,,8510,901,1508,253,11263027.582931975,2155.5482275742365,0.0614736031808597,0.11198557745567468,0.01676694808260728,weighted_phi,descriptive,True,,,True
2024_12_higher,ISCHEMIC_HEART_DISEASE,COPD,0.15269833628855528,,,8536,903,760,211,11264911.867375873,2161.515769225621,0.061670162838778256,0.0596100664764431,0.012373041047637147,weighted_phi,descriptive,True,,,True
2024_12_higher,ISCHEMIC_HEART_DISEASE,DEPRESSIVE_DISORDER,0.018055606109474785,,,8519,905,1583,204,11236218.043494478,2157.8572301941854,0.06174937707380463,0.18114383443447915,0.012859318241222453,weighted_phi,descriptive,True,,,False
2024_12_higher,ISCHEMIC_HEART_DISEASE,KIDNEY_DISEASE,0.1870267961148623,,,8529,906,509,142,11273545.147668527,2159.048117050822,0.061744824033027765,0.04067328400522037,0.011403426852203594,weighted_phi,descriptive,True,,,True
2024_12_higher,ISCHEMIC_HEART_DISEASE,ARTHRITIS,0.17379022675463765,,,8529,906,3283,541,11264976.050418727,2156.949834043888,0.06132429912174856,0.28136040913831706,0.03600359203122277,weighted_phi,descriptive,True,,,True
2024_12_higher,ISCHEMIC_HEART_DISEASE,DIABETES,0.13628326081436118,,,8552,911,1267,276,11295489.90841378,2164.5973968873573,0.06170676575702026,0.10464157667186769,0.016494668183652774,weighted_phi,descriptive,True,,,True
2024_12_higher,STROKE,CURRENT_ASTHMA,0.09876660451936344,,,8543,460,801,67,11287963.341865405,2168.297474381848,0.0366196920269351,0.09826979652072258,0.00912084216898083,weighted_phi,descriptive,True,,,True
2024_12_higher,STROKE,SKIN_CANCER,0.03537485712725777,,,8538,462,1487,111,11299362.400654672,2169.548439035245,0.03654591852741127,0.09622044790168877,0.005473932277438193,weighted_phi,descriptive,True,,,False
2024_12_higher,STROKE,OTHER_CANCER,0.05366267312185585,,,8558,461,1516,127,11314537.283437388,2175.038339104123,0.03683795877308131,0.11208259325146748,0.007317678159560293,weighted_phi,descriptive,True,,,False
2024_12_higher,STROKE,COPD,0.1291276150665376,,,8583,463,770,104,11316362.715410251,2181.0224921648837,0.036750592900366565,0.060177377012926636,0.007989324349998083,weighted_phi,descriptive,True,,,True
2024_12_higher,STROKE,DEPRESSIVE_DISORDER,0.07740506540137486,,,8563,462,1585,132,11276169.488824245,2175.0803491868105,0.036739622396190545,0.18057541599617075,0.012235618350309403,weighted_phi,descriptive,True,,,False
2024_12_higher,STROKE,KIDNEY_DISEASE,0.04744537405855541,,,8573,461,512,60,11307868.370602455,2175.602689627573,0.03659892047738394,0.04031904929674595,0.003228101918130595,weighted_phi,descriptive,True,,,False
2024_12_higher,STROKE,ARTHRITIS,0.14265680072886033,,,8573,462,3302,269,11309726.284937225,2174.672819464558,0.036477823971882296,0.2797440208456196,0.02220943869952153,weighted_phi,descriptive,True,,,True
2024_12_higher,STROKE,DIABETES,0.12410913557721245,,,8599,463,1285,142,11346425.383326918,2183.8985293974333,0.03676906677052567,0.10531644844416127,0.011041957271840873,weighted_phi,descriptive,True,,,True
2024_12_higher,CURRENT_ASTHMA,SKIN_CANCER,0.007415510025455172,,,8493,793,1477,130,11260327.547097389,2151.7542607376163,0.0980197103631003,0.09538274119973736,0.00999707329713381,weighted_phi,descriptive,True,,,False
2024_12_higher,CURRENT_ASTHMA,OTHER_CANCER,0.008230898499625916,,,8511,798,1504,146,11275185.00603808,2157.1013439737885,0.09790727778353937,0.11161677226630655,0.011698368309360567,weighted_phi,descriptive,True,,,False
2024_12_higher,CURRENT_ASTHMA,COPD,0.22408456449742228,,,8542,797,756,236,11280263.89989138,2164.169196535627,0.0976900621721272,0.059219839103573126,0.021488553573123906,weighted_phi,descriptive,True,,,True
2024_12_higher,CURRENT_ASTHMA,DEPRESSIVE_DISORDER,0.08771994781153013,,,8521,796,1572,262,11240435.357120933,2158.334727306899,0.09790272174479758,0.1797951733141537,0.02761332495676863,weighted_phi,descriptive,True,,,True
2024_12_higher,CURRENT_ASTHMA,KIDNEY_DISEASE,0.03366702822259103,,,8529,799,510,73,11277962.188787043,2159.7744338461775,0.09735713805418318,0.0407137312720977,0.005936155241192296,weighted_phi,descriptive,True,,,False
2024_12_higher,CURRENT_ASTHMA,ARTHRITIS,0.1173326591035857,,,8530,800,3286,425,11272215.346054291,2157.3926211434023,0.098182981276946,0.28104592999719097,0.04328799266814709,weighted_phi,descriptive,True,,,True
2024_12_higher,CURRENT_ASTHMA,DIABETES,0.07724175486614906,,,8555,802,1274,171,11312862.88714347,2167.1643166610215,0.09811441126327326,0.10532598511517392,0.017387330758705844,weighted_phi,descriptive,True,,,False
2024_12_higher,SKIN_CANCER,OTHER_CANCER,0.30541377264728314,,,8522,1467,1500,651,11297487.677997991,2161.432042121474,0.09460600423413996,0.11041695049779449,0.03846028531281663,weighted_phi,descriptive,True,,,True
2024_12_higher,SKIN_CANCER,COPD,0.09849609124725046,,,8532,1484,764,194,11288048.27122796,2164.1625869458003,0.09601344641225433,0.060050455458913,0.012659733028024894,weighted_phi,descriptive,True,,,True
2024_12_higher,SKIN_CANCER,DEPRESSIVE_DISORDER,-0.011961257950064686,,,8515,1481,1580,250,11249490.615332281,2158.7880387441496,0.09622260738282683,0.18053139261281664,0.01601448614438257,weighted_phi,descriptive,True,,,False
2024_12_higher,SKIN_CANCER,KIDNEY_DISEASE,0.14734161499213116,,,8523,1480,508,167,11280463.28968081,2159.1095554549247,0.09596739203966796,0.04032861788013571,0.01240805752586108,weighted_phi,descriptive,True,,,True
2024_12_higher,SKIN_CANCER,ARTHRITIS,0.1379415022854967,,,8525,1484,3272,786,11289819.573844237,2159.925103441749,0.09608894277606146,0.27972723418343387,0.045126488685526954,weighted_phi,descriptive,True,,,True
2024_12_higher,SKIN_CANCER,DIABETES,0.04347804612435646,,,8550,1488,1276,267,11321197.075725887,2168.026412208015,0.09610125003229553,0.10452255542374632,0.013965115598704326,weighted_phi,descriptive,True,,,False
2024_12_higher,OTHER_CANCER,COPD,0.11506751305941428,,,8551,1515,768,209,11302930.19261813,2169.5355518422357,0.1110090584552217,0.06000205527764338,0.015245511130123408,weighted_phi,descriptive,True,,,True
2024_12_higher,OTHER_CANCER,DEPRESSIVE_DISORDER,0.006232833907883275,,,8533,1511,1581,293,11265236.425880475,2164.403088478672,0.1121542263644474,0.1802825901511055,0.02097554028492216,weighted_phi,descriptive,True,,,False
2024_12_higher,OTHER_CANCER,KIDNEY_DISEASE,0.12513639041116625,,,8542,1510,511,165,11295187.496538207,2164.415528317304,0.11182717450479514,0.040598646058378374,0.012323299771934304,weighted_phi,descriptive,True,,,True
2024_12_higher,OTHER_CANCER,ARTHRITIS,0.19741840533508256,,,8543,1517,3286,827,11297622.80398167,2163.7036638473774,0.11229651102954788,0.28089057699453696,0.05955675345381395,weighted_phi,descriptive,True,,,True
2024_12_higher,OTHER_CANCER,DIABETES,0.07120510743357747,,,8570,1519,1280,290,11335566.438538527,2173.286274999753,0.11178809616305906,0.10485787833854775,0.018595929424275685,weighted_phi,descriptive,True,,,False
2024_12_higher,COPD,DEPRESSIVE_DISORDER,0.08046755313213727,,,8559,765,1587,237,11265987.627697768,2170.0675019938753,0.06022745719024808,0.181012294997237,0.018272838157536612,weighted_phi,descriptive,True,,,True
2024_12_higher,COPD,KIDNEY_DISEASE,0.09592644170647953,,,8567,766,512,94,11296830.33654735,2170.306054302722,0.059540057365044245,0.040694131910253006,0.006907880427937094,weighted_phi,descriptive,True,,,True
2024_12_higher,COPD,ARTHRITIS,0.17127296977045497,,,8569,772,3295,492,11298718.83618966,2169.3930376985086,0.060263634271469115,0.28079593820604554,0.035238220056700166,weighted_phi,descriptive,True,,,True
2024_12_higher,COPD,DIABETES,0.08962557736318534,,,8594,774,1283,183,11335434.225805402,2178.617264143335,0.060207701156825756,0.10519115596486404,0.012874084669452324,weighted_phi,descriptive,True,,,True
2024_12_higher,DEPRESSIVE_DISORDER,KIDNEY_DISEASE,0.04860318283081946,,,8549,1586,512,138,11261969.267738778,2165.642591032147,0.1804005793163786,0.040854937954165824,0.011069804643068922,weighted_phi,descriptive,True,,,False
2024_12_higher,DEPRESSIVE_DISORDER,ARTHRITIS,0.11058912069353043,,,8551,1592,3292,812,11269479.723604582,2165.853750489498,0.1810690402947648,0.2812539911557157,0.07007314700924237,weighted_phi,descriptive,True,,,True
2024_12_higher,DEPRESSIVE_DISORDER,DIABETES,0.04685388324215101,,,8575,1594,1278,278,11297417.487162549,2173.3699201010368,0.18045563702698572,0.10470423170502413,0.02441120778776906,weighted_phi,descriptive,True,,,False
2024_12_higher,KIDNEY_DISEASE,ARTHRITIS,0.12321301662322767,,,8559,514,3292,333,11295158.114245722,2165.1434220869774,0.04085088447980631,0.28051652793331266,0.022416307015844607,weighted_phi,descriptive,True,,,True
2024_12_higher,KIDNEY_DISEASE,DIABETES,0.15384840102002362,,,8586,515,1274,192,11332859.501840238,2174.4854505856797,0.04073146174168494,0.10482862249614033,0.013585643670950524,weighted_phi,descriptive,True,,,True
2024_12_higher,ARTHRITIS,DIABETES,0.1838516878449544,,,8585,3308,1277,698,11329297.483397938,2172.4713192479903,0.2806300753255242,0.10483998225383591,0.054727320287726214,weighted_phi,descriptive,True,,,True
2024_26_lower,ISCHEMIC_HEART_DISEASE,STROKE,0.22338788379634517,,,3395,441,209,90,2972167.2512564235,1589.3806769248592,0.0936472961646998,0.048452455086427884,0.01851170700086454,weighted_phi,descriptive,True,,,True
2024_26_lower,ISCHEMIC_HEART_DISEASE,CURRENT_ASTHMA,0.05866199411150407,,,3369,438,444,79,2950292.391125477,1573.8887758793742,0.09356054962501062,0.13614563208849248,0.018596472029855787,weighted_phi,descriptive,True,,,False
2024_26_lower,ISCHEMIC_HEART_DISEASE,SKIN_CANCER,0.07092733732764428,,,3389,440,225,40,2969540.1291422336,1586.8939786573094,0.09362161572855177,0.04473718775191054,0.008459591011608715,weighted_phi,descriptive,True,,,False
2024_26_lower,ISCHEMIC_HEART_DISEASE,OTHER_CANCER,0.11545203625074976,,,3387,441,448,99,2966156.3794162897,1584.798682456942,0.0930695349445992,0.08659860489370672,0.017493317730857993,weighted_phi,descriptive,True,,,True
2024_26_lower,ISCHEMIC_HEART_DISEASE,COPD,0.25391503453497527,,,3391,439,519,151,2963329.035142258,1595.7300957208959,0.0935482154238476,0.12641506244397846,0.036397337599273744,weighted_phi,descriptive,True,,,True
2024_26_lower,ISCHEMIC_HEART_DISEASE,DEPRESSIVE_DISORDER,0.014369586802492382,,,3390,442,909,114,2961753.1634506877,1583.8640293433843,0.09378238686997192,0.288606954371934,0.028964393999282623,weighted_phi,descriptive,True,,,False
2024_26_lower,ISCHEMIC_HEART_DISEASE,KIDNEY_DISEASE,0.1749591373920041,,,3390,440,223,79,2973557.309766708,1589.7632876317737,0.09366523233105731,0.04496067896792895,0.014774494045854679,weighted_phi,descriptive,True,,,True
2024_26_lower,ISCHEMIC_HEART_DISEASE,ARTHRITIS,0.2321430510159157,,,3392,443,1452,303,2966126.7984334533,1587.1926202701889,0.0939077857182709,0.3272948316336268,0.06250973426945028,weighted_phi,descriptive,True,,,True
2024_26_lower,ISCHEMIC_HEART_DISEASE,DIABETES,0.2061090583891165,,,3396,444,636,159,2962676.5470174197,1590.2098640668669,0.09422580832018447,0.15251985212261865,0.03601941409522695,weighted_phi,descriptive,True,,,True
2024_26_lower,STROKE,CURRENT_ASTHMA,0.08031836799789104,,,3405,211,448,51,2983930.3879325464,1589.1285875527283,0.04865217757231885,0.13666431609888946,0.012584458954464599,weighted_phi,descriptive,True,,,True
2024_26_lower,STROKE,SKIN_CANCER,0.045895366252858366,,,3428,215,229,21,3003642.5093269222,1602.7490293055932,0.049168120328392864,0.04465521808842552,0.004245258314958994,weighted_phi,descriptive,True,,,False
2024_26_lower,STROKE,OTHER_CANCER,0.11676803681362458,,,3428,214,455,50,3002750.0855343323,1602.4211410460603,0.04898116844067462,0.08935486539322356,0.011565677772120806,weighted_phi,descriptive,True,,,True
2024_26_lower,STROKE,COPD,0.1357204267247588,,,3427,211,531,70,2995706.389620459,1609.9491601896975,0.048520144139561544,0.1295014378345204,0.016074435877827038,weighted_phi,descriptive,True,,,True
2024_26_lower,STROKE,DEPRESSIVE_DISORDER,0.06924541601753591,,,3426,216,928,72,2992559.181598601,1599.3607383348926,0.049678716645439554,0.2911349423966519,0.021298239785883893,weighted_phi,descriptive,True,,,False
2024_26_lower,STROKE,KIDNEY_DISEASE,0.029334360322342608,,,3427,213,221,22,3006711.383875265,1604.7893807688806,0.0491008059599541,0.044207115378227496,0.003473520214488529,weighted_phi,descriptive,True,,,False
2024_26_lower,STROKE,ARTHRITIS,0.18958085219116977,,,3430,215,1477,146,3000575.610157419,1603.1509666497561,0.04932440380867518,0.33103865094428386,0.03564714123959457,weighted_phi,descriptive,True,,,True
2024_26_lower,STROKE,DIABETES,0.08703450777815223,,,3432,215,642,69,2996722.3972129254,1605.7644973161064,0.04910219231330192,0.15117286788394346,0.014159746226371651,weighted_phi,descriptive,True,,,True
2024_26_lower,CURRENT_ASTHMA,SKIN_CANCER,0.0018228201627389102,,,3404,451,227,30,2985298.738488456,1589.8310237469962,0.13732590754971266,0.04503040634306967,0.006313945567110308,weighted_phi,descriptive,True,,,False
2024_26_lower,CURRENT_ASTHMA,OTHER_CANCER,0.0552177535622969,,,3403,449,452,78,2983038.2177529642,1588.5762093489714,0.13654322621489492,0.08823105621691026,0.017424937668219533,weighted_phi,descriptive,True,,,False
2024_26_lower,CURRENT_ASTHMA,COPD,0.3256478627274796,,,3402,447,519,176,2976235.982549496,1596.1755566780198,0.13618071809932902,0.127594267273006,0.05464012386648394,weighted_phi,descriptive,True,,,True
2024_26_lower,CURRENT_ASTHMA,DEPRESSIVE_DISORDER,0.21557059262229428,,,3403,451,915,207,2975307.6317003556,1587.2850278215265,0.1378533907320584,0.290046722795442,0.07370781465404908,weighted_phi,descriptive,True,,,True
2024_26_lower,CURRENT_ASTHMA,KIDNEY_DISEASE,0.02902415305008949,,,3404,453,220,43,2988585.555897908,1592.073017055114,0.13743809762935008,0.043881787078991014,0.008077974497339711,weighted_phi,descriptive,True,,,False
2024_26_lower,CURRENT_ASTHMA,ARTHRITIS,0.15187936130985896,,,3407,450,1459,273,2982551.1103692907,1590.5258209660265,0.13708829280612878,0.32870951261953457,0.06960047154484343,weighted_phi,descriptive,True,,,True
2024_26_lower,CURRENT_ASTHMA,DIABETES,0.024071374121571353,,,3409,452,636,100,2978697.8974247966,1593.121846508666,0.1367908080604553,0.15137856070629516,0.023671866975703566,weighted_phi,descriptive,True,,,False
2024_26_lower,SKIN_CANCER,OTHER_CANCER,0.29097259807940545,,,3429,224,454,102,3004579.057189432,1603.7520986602638,0.04342610793919089,0.08884641264931772,0.020731651905527497,weighted_phi,descriptive,True,,,True
2024_26_lower,SKIN_CANCER,COPD,0.0794634771954252,,,3425,229,533,52,2995651.1441905093,1609.587632297247,0.045212499104003066,0.12969743788943705,0.011410853944886081,weighted_phi,descriptive,True,,,False
2024_26_lower,SKIN_CANCER,DEPRESSIVE_DISORDER,-0.0023926804089847743,,,3425,229,928,58,2995268.4926948543,1600.6322375669517,0.0452454439860781,0.2913177816503555,0.0129548446145146,weighted_phi,descriptive,True,,,False
2024_26_lower,SKIN_CANCER,KIDNEY_DISEASE,0.06447534455165756,,,3425,229,223,32,3007622.2080303365,1605.062961480721,0.04519035584703525,0.04467391717951549,0.004785630333649055,weighted_phi,descriptive,True,,,False
2024_26_lower,SKIN_CANCER,ARTHRITIS,0.14794997415352476,,,3428,230,1475,146,3001486.4343124903,1603.4241124551831,0.04512944239715334,0.3311845111515607,0.029400746375787913,weighted_phi,descriptive,True,,,True
2024_26_lower,SKIN_CANCER,DIABETES,0.02634876087022672,,,3430,231,645,51,2997633.2213679967,1606.0363916674232,0.0454476115002525,0.15200817838633968,0.008878765637618982,weighted_phi,descriptive,True,,,False
2024_26_lower,OTHER_CANCER,COPD,0.1343379448529703,,,3425,454,531,112,2994170.484376859,1608.9944922716077,0.08957268889120888,0.12871212723114656,0.02437603183869344,weighted_phi,descriptive,True,,,True
2024_26_lower,OTHER_CANCER,DEPRESSIVE_DISORDER,0.02047521172817643,,,3423,453,926,122,2991209.4850181816,1598.378602878966,0.08834707544508827,0.29085584178851176,0.0283352996094205,weighted_phi,descriptive,True,,,False
2024_26_lower,OTHER_CANCER,KIDNEY_DISEASE,0.12392427824650078,,,3424,456,220,68,3005361.6872948455,1603.8079391619535,0.08931347845765893,0.044039861240567524,0.011185093076061307,weighted_phi,descriptive,True,,,True
2024_26_lower,OTHER_CANCER,ARTHRITIS,0.184707246105047,,,3428,456,1475,282,3000005.77449884,1602.828669884066,0.08894444525936597,0.3310330189383377,0.05418662926002287,weighted_phi,descriptive,True,,,True
2024_26_lower,OTHER_CANCER,DIABETES,0.05960968128353356,,,3429,455,641,118,2995372.700632505,1604.781003532975,0.089479331248258,0.15062094038944857,0.019563244837679915,weighted_phi,descriptive,True,,,False
2024_26_lower,COPD,DEPRESSIVE_DISORDER,0.17118645945657893,,,3423,532,927,230,2984864.7762155505,1606.4869884838947,0.12849547620530877,0.29168420586892463,0.06351872739902541,weighted_phi,descriptive,True,,,True
2024_26_lower,COPD,KIDNEY_DISEASE,0.07487923161386216,,,3424,528,220,57,2999016.978492214,1611.8852416400723,0.12866054072644734,0.044271963495149974,0.010853199392943982,weighted_phi,descriptive,True,,,False
2024_26_lower,COPD,ARTHRITIS,0.2669512922867635,,,3428,529,1472,358,2993661.0656962087,1610.933200972482,0.12904348053724496,0.3309500300159557,0.08481922704349261,weighted_phi,descriptive,True,,,True
2024_26_lower,COPD,DIABETES,0.09925249058800106,,,3430,532,641,133,2989158.32782757,1613.0854669728408,0.1300519222759697,0.1516522811039691,0.03169718449768566,weighted_phi,descriptive,True,,,True
2024_26_lower,DEPRESSIVE_DISORDER,KIDNEY_DISEASE,0.04814311792346399,,,3424,928,224,79,2997080.687596308,1602.170626256915,0.2914384918231372,0.0450118254344716,0.017654029276935615,weighted_phi,descriptive,True,,,False
2024_26_lower,DEPRESSIVE_DISORDER,ARTHRITIS,0.10312042039699837,,,3427,927,1477,465,2990944.913878462,1600.5374020916695,0.2912966504437468,0.3315403179345644,0.11863378743738437,weighted_phi,descriptive,True,,,True
2024_26_lower,DEPRESSIVE_DISORDER,DIABETES,0.024443423613716563,,,3430,927,642,177,2987479.95020316,1603.5391833520227,0.2901910157916303,0.15196018834561176,0.048079908140969824,weighted_phi,descriptive,True,,,False
2024_26_lower,KIDNEY_DISEASE,ARTHRITIS,0.16784126624748755,,,3428,222,1475,150,3005097.116155125,1605.9606120343826,0.044426524004863244,0.3311966175405331,0.030989781570275658,weighted_phi,descriptive,True,,,True
2024_26_lower,KIDNEY_DISEASE,DIABETES,0.15961516720740224,,,3430,224,640,93,3001243.9032106316,1608.5764213004861,0.044949386678901776,0.15152979780125098,0.018669310984910557,weighted_phi,descriptive,True,,,True
2024_26_lower,ARTHRITIS,DIABETES,0.19375713436694764,,,3434,1480,643,389,2995343.1196496687,1607.1881001686609,0.33206835069390567,0.15067212555070258,0.08267655981600505,weighted_phi,descriptive,True,,,True
2024_26_higher,ISCHEMIC_HEART_DISEASE,STROKE,0.17938021447305136,,,7816,787,352,125,4884641.505546442,3946.037822510172,0.06978982065039906,0.03456486809316124,0.010761384834161523,weighted_phi,descriptive,True,,,True
2024_26_higher,ISCHEMIC_HEART_DISEASE,CURRENT_ASTHMA,0.018861482799794414,,,7772,770,886,104,4863852.063049792,3927.5489790651854,0.06831975420800901,0.12037284791124418,0.009772289167958416,weighted_phi,descriptive,True,,,False
2024_26_higher,ISCHEMIC_HEART_DISEASE,SKIN_CANCER,0.08990245143432654,,,7782,782,731,130,4867833.302224152,3928.8817049045283,0.06960725747559161,0.059771490362514106,0.009584230061151616,weighted_phi,descriptive,True,,,True
2024_26_higher,ISCHEMIC_HEART_DISEASE,OTHER_CANCER,0.07942704590631366,,,7799,782,1103,170,4872442.743666899,3934.031333180035,0.06938202615043901,0.09785700283646073,0.012786202507942851,weighted_phi,descriptive,True,,,False
2024_26_higher,ISCHEMIC_HEART_DISEASE,COPD,0.12492208629493558,,,7801,780,636,154,4874042.948170061,3936.3345198335064,0.06892222072001228,0.06329855240707238,0.012068327628122417,weighted_phi,descriptive,True,,,True
2024_26_higher,ISCHEMIC_HEART_DISEASE,DEPRESSIVE_DISORDER,0.007672955084116604,,,7801,783,1916,219,4868929.912686275,3948.7513160828535,0.06984390981944526,0.2528336601313657,0.018508914871228334,weighted_phi,descriptive,True,,,False
2024_26_higher,ISCHEMIC_HEART_DISEASE,KIDNEY_DISEASE,0.16437628045623556,,,7798,780,482,143,4875532.638246831,3936.447899003458,0.06884553012025926,0.04531473995033903,0.011776125817179357,weighted_phi,descriptive,True,,,True
2024_26_higher,ISCHEMIC_HEART_DISEASE,ARTHRITIS,0.1648567892388208,,,7795,786,3036,500,4873289.036721075,3933.4007223136964,0.06982053354200146,0.3041989223633193,0.04056805472502066,weighted_phi,descriptive,True,,,True
2024_26_higher,ISCHEMIC_HEART_DISEASE,DIABETES,0.1790281083375848,,,7812,787,1177,266,4883430.812497674,3944.337468468001,0.06991255006762433,0.1262401044908505,0.02398772994294718,weighted_phi,descriptive,True,,,True
2024_26_higher,STROKE,CURRENT_ASTHMA,0.02308115859188819,,,7823,354,891,62,4889798.821398059,3952.041183129386,0.034451124831177606,0.12056656990305517,0.005524413806469909,weighted_phi,descriptive,True,,,False
2024_26_higher,STROKE,SKIN_CANCER,0.030748741684024788,,,7836,352,738,47,4894932.54910104,3954.715831329564,0.03449367356833688,0.059574018463087276,0.0033831326056215083,weighted_phi,descriptive,True,,,False
2024_26_higher,STROKE,OTHER_CANCER,0.05371191564429551,,,7849,356,1114,73,4898134.859937012,3958.194921641216,0.035150383165646226,0.09757525440179109,0.0063650287555419086,weighted_phi,descriptive,True,,,False
2024_26_higher,STROKE,COPD,0.10174128383928747,,,7848,354,643,75,4897369.7958690375,3958.3110037831443,0.0345038272778328,0.06349968603100789,0.006719393650987725,weighted_phi,descriptive,True,,,True
2024_26_higher,STROKE,DEPRESSIVE_DISORDER,0.03522023373691333,,,7853,356,1930,117,4895326.818339063,3973.663657525562,0.03493228273069207,0.2529807817479498,0.011648412502846917,weighted_phi,descriptive,True,,,False
2024_26_higher,STROKE,KIDNEY_DISEASE,0.0995329216628736,,,7852,357,488,64,4902631.885123717,3962.284725838289,0.035125365238035194,0.04543876370117465,0.005412223688071649,weighted_phi,descriptive,True,,,True
2024_26_higher,STROKE,ARTHRITIS,0.12082582528524854,,,7847,354,3058,215,4899447.970966876,3958.004282283629,0.03468882167584705,0.304236930601301,0.020726054233596913,weighted_phi,descriptive,True,,,True
2024_26_higher,STROKE,DIABETES,0.16011785836349166,,,7867,355,1191,129,4910601.888136787,3970.290083149054,0.03503458826472621,0.1267818423693857,0.014237417777356738,weighted_phi,descriptive,True,,,True
2024_26_higher,CURRENT_ASTHMA,SKIN_CANCER,0.022985564387296684,,,7792,884,731,85,4873914.923432531,3935.9074146785624,0.120351116105107,0.05991450447960964,0.008985721147511247,weighted_phi,descriptive,True,,,False
2024_26_higher,CURRENT_ASTHMA,OTHER_CANCER,0.007180416046253423,,,7806,888,1108,128,4878665.82770415,3941.041781545245,0.1205571144405014,0.097760886686966,0.01248014407052573,weighted_phi,descriptive,True,,,False
2024_26_higher,CURRENT_ASTHMA,COPD,0.20702848890640368,,,7808,886,635,210,4880945.092269225,3943.045590110932,0.12029578541661765,0.06353266304555238,0.0240700990943101,weighted_phi,descriptive,True,,,True
2024_26_higher,CURRENT_ASTHMA,DEPRESSIVE_DISORDER,0.14628484445556947,,,7812,889,1913,347,4877090.1584865395,3957.9193081266944,0.12106195690569539,0.2524031127122193,0.05128470140384411,weighted_phi,descriptive,True,,,True
2024_26_higher,CURRENT_ASTHMA,KIDNEY_DISEASE,0.016470186692556447,,,7807,888,481,77,4881562.303157407,3943.3928791490857,0.12084607615236223,0.04516602593297221,0.006572988784232564,weighted_phi,descriptive,True,,,False
2024_26_higher,CURRENT_ASTHMA,ARTHRITIS,0.1096795609436996,,,7804,888,3032,482,4878960.256667322,3939.9020437463805,0.12041408164421454,0.3030093663375188,0.0528904137701623,weighted_phi,descriptive,True,,,True
2024_26_higher,CURRENT_ASTHMA,DIABETES,0.022177696945964886,,,7822,892,1179,161,4889577.3454016,3951.4640079515234,0.12088351679510127,0.12617792817697557,0.01765346817503488,weighted_phi,descriptive,True,,,False
2024_26_higher,SKIN_CANCER,OTHER_CANCER,0.24950878832032652,,,7820,732,1098,299,4883792.587917618,3943.975809951336,0.05924714124380541,0.09608499754729623,0.023052728986370435,weighted_phi,descriptive,True,,,True
2024_26_higher,SKIN_CANCER,COPD,0.06589249708407806,,,7818,736,640,86,4882655.397800981,3943.577247040808,0.060030374383617406,0.06340506670626943,0.00762054252123225,weighted_phi,descriptive,True,,,False
2024_26_higher,SKIN_CANCER,DEPRESSIVE_DISORDER,-0.012560888135860628,,,7824,739,1921,162,4880389.96865695,3958.769993876288,0.06016360332219325,0.252816750331635,0.013912201717554019,weighted_phi,descriptive,True,,,False
2024_26_higher,SKIN_CANCER,KIDNEY_DISEASE,0.052680329285409035,,,7821,737,484,83,4887251.6873356635,3946.765096938059,0.05989084847387529,0.045325541760556955,0.005314846544625499,weighted_phi,descriptive,True,,,False
2024_26_higher,SKIN_CANCER,ARTHRITIS,0.15438394954359894,,,7818,737,3048,441,4886538.146571776,3944.4696305770203,0.06002779995475716,0.30422499348173077,0.03513400194558362,weighted_phi,descriptive,True,,,True
2024_26_higher,SKIN_CANCER,DIABETES,0.06149749945516253,,,7835,738,1187,148,4895149.8615865065,3954.655319672441,0.05985935332083085,0.1269725322940188,0.012457724324887103,weighted_phi,descriptive,True,,,False
2024_26_higher,OTHER_CANCER,COPD,0.09047843166722645,,,7834,1110,643,152,4887835.539408362,3949.2357837365294,0.0978735740051473,0.06366402164477487,0.012795113120474311,weighted_phi,descriptive,True,,,True
2024_26_higher,OTHER_CANCER,DEPRESSIVE_DISORDER,-0.00203837043026634,,,7836,1112,1925,260,4883854.4868798,3962.420398557334,0.09809712852586103,0.2526474187831954,0.024520528339719926,weighted_phi,descriptive,True,,,False
2024_26_higher,OTHER_CANCER,KIDNEY_DISEASE,0.10765672268070273,,,7835,1108,485,131,4890709.60643471,3950.6137106134715,0.09773817703850456,0.044992130888766926,0.011024362617440726,weighted_phi,descriptive,True,,,True
2024_26_higher,OTHER_CANCER,ARTHRITIS,0.1738622646931886,,,7829,1112,3051,632,4887270.084014795,3945.9648584849824,0.09775676665430674,0.30389752759127453,0.053456788559235593,weighted_phi,descriptive,True,,,True
2024_26_higher,OTHER_CANCER,DIABETES,0.08891478934230011,,,7848,1114,1187,235,4898352.17242248,3958.1343035474147,0.0978808517924134,0.1263854212185469,0.021150080633657888,weighted_phi,descriptive,True,,,True
2024_26_higher,COPD,DEPRESSIVE_DISORDER,0.09508710421749633,,,7836,644,1924,260,4883558.398271473,3963.158685818699,0.06389413200096815,0.25304070202240264,0.026277981249949966,weighted_phi,descriptive,True,,,True
2024_26_higher,COPD,KIDNEY_DISEASE,0.13239026786906025,,,7835,646,485,108,4890668.603580351,3951.589602137682,0.0639244982335787,0.04539039547380764,0.009642802268060552,weighted_phi,descriptive,True,,,True
2024_26_higher,COPD,ARTHRITIS,0.18761569400371542,,,7829,642,3048,442,4886973.9954064675,3946.693683130373,0.06309899662295711,0.30358401457329875,0.040130802706474684,weighted_phi,descriptive,True,,,True
2024_26_higher,COPD,DIABETES,0.09884339656766304,,,7847,645,1189,171,4897587.108354505,3958.2502980188756,0.06380382393766387,0.12695200206230958,0.01614256418877469,weighted_phi,descriptive,True,,,True
2024_26_higher,DEPRESSIVE_DISORDER,KIDNEY_DISEASE,0.023211715234159252,,,7838,1925,486,151,4887645.9565736875,3965.696559017063,0.2528534508188294,0.0452972910951561,0.013551621210458956,weighted_phi,descriptive,True,,,False
2024_26_higher,DEPRESSIVE_DISORDER,ARTHRITIS,0.1066720349409544,,,7834,1927,3053,913,4884931.017876493,3962.0187539537537,0.2531041699811625,0.3049096656674073,0.09852580496618522,weighted_phi,descriptive,True,,,True
2024_26_higher,DEPRESSIVE_DISORDER,DIABETES,0.02109702282151599,,,7852,1931,1188,331,4895544.1308245305,3973.6009128720093,0.25309362397071694,0.12688465786271289,0.03516675707805502,weighted_phi,descriptive,True,,,False
2024_26_higher,KIDNEY_DISEASE,ARTHRITIS,0.13079579414189485,,,7833,484,3055,327,4891946.460988678,3950.3225440485335,0.045185465650736945,0.3042947728243297,0.02624977402842319,weighted_phi,descriptive,True,,,True
2024_26_higher,KIDNEY_DISEASE,DIABETES,0.18250167336942424,,,7852,488,1189,202,4903028.549396362,3962.492934189388,0.04543508761934648,0.1270500782748622,0.018430015897384702,weighted_phi,descriptive,True,,,True
2024_26_higher,ARTHRITIS,DIABETES,0.19453511874235518,,,7847,3063,1189,695,4899844.635239521,3958.2125874465055,0.3049709823960548,0.12693823466063606,0.0685283459147023,weighted_phi,descriptive,True,,,True
2024_36_lower,ISCHEMIC_HEART_DISEASE,STROKE,0.2782866526994174,,,13972,1391,632,253,5609244.867014417,5529.18633428405,0.07705183692877793,0.03504338962315145,0.01634691512005608,weighted_phi,descriptive,True,,,True
2024_36_lower,ISCHEMIC_HEART_DISEASE,CURRENT_ASTHMA,0.0770688239763482,,,13887,1387,1730,276,5573094.447791204,5499.781780611426,0.07697095879144934,0.10577947942861339,0.01445985004549309,weighted_phi,descriptive,True,,,False
2024_36_lower,ISCHEMIC_HEART_DISEASE,SKIN_CANCER,0.0913855621984247,,,13916,1380,552,114,5604926.15001254,5516.057082615788,0.07664799420643212,0.025130508519486564,0.005731473372562677,weighted_phi,descriptive,True,,,True
2024_36_lower,ISCHEMIC_HEART_DISEASE,OTHER_CANCER,0.0744018687962145,,,13938,1384,1186,228,5603264.921534736,5517.722052337373,0.07663316775456273,0.0583286504478191,0.009108328619511583,weighted_phi,descriptive,True,,,False
2024_36_lower,ISCHEMIC_HEART_DISEASE,COPD,0.19910291918445225,,,13937,1388,1535,414,5593489.345729789,5523.292840557164,0.07692826288206839,0.0683532424468947,0.018647153607088754,weighted_phi,descriptive,True,,,True
2024_36_lower,ISCHEMIC_HEART_DISEASE,DEPRESSIVE_DISORDER,0.06753381536663233,,,13940,1390,2545,343,5588249.417451563,5531.411829234486,0.07736795589369229,0.15322374960493512,0.01835386202898032,weighted_phi,descriptive,True,,,False
2024_36_lower,ISCHEMIC_HEART_DISEASE,KIDNEY_DISEASE,0.1488791696458207,,,13946,1387,734,225,5593881.624892603,5528.4119956752975,0.07679515549606708,0.04306299520944759,0.011354208725346327,weighted_phi,descriptive,True,,,True
2024_36_lower,ISCHEMIC_HEART_DISEASE,ARTHRITIS,0.21155245392693733,,,13925,1393,4624,871,5590114.455102451,5509.126259404981,0.07744404613749305,0.24984423193476724,0.043829366451865276,weighted_phi,descriptive,True,,,True
2024_36_lower,ISCHEMIC_HEART_DISEASE,DIABETES,0.1941868029702932,,,13975,1402,2340,518,5604271.3655039,5529.675223628002,0.07778408030600384,0.1538441828271187,0.030731564448430896,weighted_phi,descriptive,True,,,True
2024_36_lower,STROKE,CURRENT_ASTHMA,0.06125125236014972,,,14098,647,1765,143,5670084.3404743355,5594.185230220993,0.035290078782061446,0.10597430113905688,0.007218525128219283,weighted_phi,descriptive,True,,,False
2024_36_lower,STROKE,SKIN_CANCER,0.018248913250497694,,,14130,648,562,42,5700778.530337747,5609.35626494254,0.03522789022117219,0.02514321924724593,0.0014124549683891257,weighted_phi,descriptive,True,,,False
2024_36_lower,STROKE,OTHER_CANCER,0.06453513271691853,,,14147,646,1202,110,5689818.082024038,5618.815297933578,0.035218753330982434,0.05777599526518988,0.004810344487369225,weighted_phi,descriptive,True,,,False
2024_36_lower,STROKE,COPD,0.13691339278849154,,,14150,650,1575,185,5690782.477132547,5618.247034862053,0.03515811701703391,0.0687988460348102,0.008801460098625091,weighted_phi,descriptive,True,,,True
2024_36_lower,STROKE,DEPRESSIVE_DISORDER,0.04458981647906833,,,14154,648,2602,184,5684108.730144765,5626.805362380898,0.03512281002852119,0.1532973898632983,0.008341560829977291,weighted_phi,descriptive,True,,,False
2024_36_lower,STROKE,KIDNEY_DISEASE,0.07997692454446395,,,14157,651,750,106,5688732.965764936,5620.867786273722,0.035274340998961116,0.04315369460782467,0.004520180340949293,weighted_phi,descriptive,True,,,False
2024_36_lower,STROKE,ARTHRITIS,0.11323268434736292,,,14128,650,4700,370,5679813.8818791965,5606.161201189415,0.035349889637544596,0.24906244181699314,0.017847210027952393,weighted_phi,descriptive,True,,,True
2024_36_lower,STROKE,DIABETES,0.09055358844153712,,,14184,652,2387,210,5700311.557144546,5622.717675339578,0.03512258665615552,0.15465684955665948,0.011459432794122721,weighted_phi,descriptive,True,,,True
2024_36_lower,CURRENT_ASTHMA,SKIN_CANCER,-0.0025395891449052806,,,14049,1751,560,67,5665956.886488925,5581.8563847004325,0.10558873608561947,0.025267153510198374,0.0025454477427341964,weighted_phi,descriptive,True,,,False
2024_36_lower,CURRENT_ASTHMA,OTHER_CANCER,0.0293548789114086,,,14072,1761,1198,175,5658107.906279228,5594.584703411952,0.10556918058518283,0.05796567349532999,0.008227245211549222,weighted_phi,descriptive,True,,,False
2024_36_lower,CURRENT_ASTHMA,COPD,0.25654677760716066,,,14073,1757,1560,598,5656456.160283582,5591.721456019757,0.1054836014510015,0.0687944688849506,0.027202546500956742,weighted_phi,descriptive,True,,,True
2024_36_lower,CURRENT_ASTHMA,DEPRESSIVE_DISORDER,0.18540051870624352,,,14074,1761,2568,678,5649432.983420476,5600.083359520419,0.10533664060933086,0.15248805722219025,0.0365233194337286,weighted_phi,descriptive,True,,,True
2024_36_lower,CURRENT_ASTHMA,KIDNEY_DISEASE,0.04514266419639034,,,14077,1762,748,148,5655148.827606083,5592.436862765576,0.10597574873187167,0.04332903531070156,0.007420846123470664,weighted_phi,descriptive,True,,,False
2024_36_lower,CURRENT_ASTHMA,ARTHRITIS,0.139533045273509,,,14053,1766,4681,934,5649152.63101025,5581.290619844287,0.10639051377831434,0.24922624533907758,0.045125628234883385,weighted_phi,descriptive,True,,,True
2024_36_lower,CURRENT_ASTHMA,DIABETES,0.10814849845930004,,,14107,1767,2376,483,5668909.987139921,5596.8877416849655,0.1060380290840127,0.15493404779324707,0.0284773065615115,weighted_phi,descriptive,True,,,True
2024_36_lower,SKIN_CANCER,OTHER_CANCER,0.24374643667177873,,,14119,547,1187,245,5691575.651155568,5614.67236688144,0.024221792125188685,0.05717717734676422,0.01008541681837877,weighted_phi,descriptive,True,,,True
2024_36_lower,SKIN_CANCER,COPD,0.0784816774578151,,,14105,562,1555,109,5687403.0122587755,5607.171495655815,0.025204259364913727,0.0679200482281148,0.004807066800174018,weighted_phi,descriptive,True,,,False
2024_36_lower,SKIN_CANCER,DEPRESSIVE_DISORDER,0.014181454063316355,,,14101,560,2585,88,5678959.34776168,5613.054892778468,0.025225916695702316,0.15324885024582904,0.004666916917667256,weighted_phi,descriptive,True,,,False
2024_36_lower,SKIN_CANCER,KIDNEY_DISEASE,0.0631047174893795,,,14108,561,744,56,5683805.081261425,5607.750430884162,0.025180066340371135,0.04291000036594192,0.0030840632204273077,weighted_phi,descriptive,True,,,False
2024_36_lower,SKIN_CANCER,ARTHRITIS,0.13114299498621523,,,14082,557,4670,341,5676639.048528334,5595.420649895398,0.025128813196411474,0.2478339822316539,0.015089982799615185,weighted_phi,descriptive,True,,,True
2024_36_lower,SKIN_CANCER,DIABETES,0.061256328379587,,,14133,561,2369,146,5696041.621625718,5610.1535470899025,0.025056471185048293,0.15419533474820007,0.007321163511634669,weighted_phi,descriptive,True,,,False
2024_36_lower,OTHER_CANCER,COPD,0.09197062572617871,,,14127,1201,1564,285,5678053.725164673,5619.085916818812,0.057648961675535515,0.06810632265075425,0.009326686296252943,weighted_phi,descriptive,True,,,True
2024_36_lower,OTHER_CANCER,DEPRESSIVE_DISORDER,0.0323252065099484,,,14126,1203,2594,242,5672267.784874387,5626.3130457561865,0.058034410100933444,0.15337073311229998,0.011624230608474739,weighted_phi,descriptive,True,,,False
2024_36_lower,OTHER_CANCER,KIDNEY_DISEASE,0.07685616475183293,,,14127,1199,744,156,5674178.610589925,5618.168634766105,0.057731660820779976,0.04269712340572268,0.0060890495721393125,weighted_phi,descriptive,True,,,False
2024_36_lower,OTHER_CANCER,ARTHRITIS,0.1782472938452049,,,14103,1200,4685,694,5670027.92335024,5598.259336171711,0.057842800544176155,0.24842710591281272,0.032349911780725514,weighted_phi,descriptive,True,,,True
2024_36_lower,OTHER_CANCER,DIABETES,0.07609996752708689,,,14155,1201,2373,322,5686541.316794049,5621.793737341087,0.057557042447087745,0.1536704139257111,0.015236658069701037,weighted_phi,descriptive,True,,,False
2024_36_lower,COPD,DEPRESSIVE_DISORDER,0.15089928006962186,,,14131,1570,2591,542,5672924.716515308,5624.012724749161,0.068176741270577,0.1523355410203366,0.02405310181557057,weighted_phi,descriptive,True,,,True
2024_36_lower,COPD,KIDNEY_DISEASE,0.11647496310983331,,,14131,1572,745,196,5675626.933519655,5618.5576033096595,0.06858842324434411,0.04285292544760751,0.008901439883053254,weighted_phi,descriptive,True,,,True
2024_36_lower,COPD,ARTHRITIS,0.23349407310819806,,,14107,1572,4696,1015,5667571.016448614,5605.711177669081,0.06874265362127562,0.2493003887505852,0.04269507423440248,weighted_phi,descriptive,True,,,True
2024_36_lower,COPD,DIABETES,0.0991999263261477,,,14158,1576,2379,459,5687383.71409693,5620.484751570857,0.06868585964201844,0.15434975256116382,0.019666095823407302,weighted_phi,descriptive,True,,,True
2024_36_lower,DEPRESSIVE_DISORDER,KIDNEY_DISEASE,0.07883480543892919,,,14134,2590,752,206,5671178.185316218,5609.254507811408,0.15272240122053293,0.043293857690576115,0.012383388187793224,weighted_phi,descriptive,True,,,False
2024_36_lower,DEPRESSIVE_DISORDER,ARTHRITIS,0.14904154676522363,,,14106,2593,4691,1270,5659767.904242652,5611.529433906656,0.15343128721180913,0.24871711417028108,0.06138033404895562,weighted_phi,descriptive,True,,,True
2024_36_lower,DEPRESSIVE_DISORDER,DIABETES,0.0653103482002449,,,14160,2596,2380,558,5679328.375367229,5628.180465125709,0.1528579571717228,0.15434911631783332,0.032084352367973995,weighted_phi,descriptive,True,,,False
2024_36_lower,KIDNEY_DISEASE,ARTHRITIS,0.13650278129182963,,,14110,749,4681,459,5666134.320325015,5605.887676894145,0.04288735308946788,0.24812913072532802,0.022586931747900395,weighted_phi,descriptive,True,,,True
2024_36_lower,KIDNEY_DISEASE,DIABETES,0.17464115459767637,,,14160,750,2373,318,5684592.4504800085,5619.756968084649,0.04308407286593906,0.15347812375244796,0.01939403243584982,weighted_phi,descriptive,True,,,True
2024_36_lower,ARTHRITIS,DIABETES,0.2193326608368579,,,14144,4708,2379,1285,5682959.652896646,5612.65421155625,0.24918415449713002,0.1542691685403306,0.07270920555884476,weighted_phi,descriptive,True,,,True
2024_36_higher,ISCHEMIC_HEART_DISEASE,STROKE,0.2086424917107111,,,29027,2153,921,300,9529527.626716401,11039.57350320415,0.05771841166814714,0.025651049949147374,0.009172907284412004,weighted_phi,descriptive,True,,,True
2024_36_higher,ISCHEMIC_HEART_DISEASE,CURRENT_ASTHMA,0.04508827295462044,,,28863,2141,3362,343,9461624.259537285,10974.640420760265,0.057472922708655824,0.10656548503922372,0.009362666877529362,weighted_phi,descriptive,True,,,False
2024_36_higher,ISCHEMIC_HEART_DISEASE,SKIN_CANCER,0.06437222564347507,,,28920,2141,2079,286,9501801.552949067,10997.955570571223,0.05742688236443566,0.051416264631857334,0.0062601903620049144,weighted_phi,descriptive,True,,,False
2024_36_higher,ISCHEMIC_HEART_DISEASE,OTHER_CANCER,0.10716908377959561,,,28946,2147,3288,501,9505051.491485018,11002.394732626202,0.05760735152041669,0.08705325387306778,0.012054372236811639,weighted_phi,descriptive,True,,,True
2024_36_higher,ISCHEMIC_HEART_DISEASE,COPD,0.18257768041353672,,,28983,2145,1702,435,9501018.066683097,11022.906869293121,0.057314258197920555,0.044379906347589815,0.011283337519586625,weighted_phi,descriptive,True,,,True
2024_36_higher,ISCHEMIC_HEART_DISEASE,DEPRESSIVE_DISORDER,0.026129732369219245,,,28915,2150,5279,478,9467795.169483643,11006.707309992911,0.057566805066306785,0.16328680636990575,0.011649524953115883,weighted_phi,descriptive,True,,,False
2024_36_higher,ISCHEMIC_HEART_DISEASE,KIDNEY_DISEASE,0.1704956817774971,,,28974,2152,1206,335,9503605.760050109,11039.068168664635,0.05724460927411522,0.03280733395858699,0.008933451464200801,weighted_phi,descriptive,True,,,True
2024_36_higher,ISCHEMIC_HEART_DISEASE,ARTHRITIS,0.17663201396602987,,,28937,2151,9144,1262,9492116.671970498,11032.118593585034,0.05781944314012599,0.2461478531998755,0.03199097023785677,weighted_phi,descriptive,True,,,True
2024_36_higher,ISCHEMIC_HEART_DISEASE,DIABETES,0.15975196963580476,,,29016,2154,3378,682,9516833.3504911,11029.43677545963,0.05775611941072163,0.10327530127607222,0.01730586779492733,weighted_phi,descriptive,True,,,True
2024_36_higher,STROKE,CURRENT_ASTHMA,0.042625056870820986,,,29050,931,3385,168,9528969.450872945,11065.434007513868,0.02573203243689806,0.10650135701712038,0.004822424573456821,weighted_phi,descriptive,True,,,False
2024_36_higher,STROKE,SKIN_CANCER,0.029930676269708002,,,29113,936,2094,115,9570099.878619269,11090.358961822516,0.025603760008097283,0.051294215597690006,0.0023562091927832826,weighted_phi,descriptive,True,,,False
2024_36_higher,STROKE,OTHER_CANCER,0.06955953980107063,,,29138,935,3320,212,9573658.97016934,11095.002174329438,0.025620522426154004,0.087409366119665,0.005343545321112272,weighted_phi,descriptive,True,,,False
2024_36_higher,STROKE,COPD,0.10094012307917395,,,29170,935,1728,177,9568596.287388656,11113.66624450967,0.025573401194043614,0.04479449605952676,0.004441594473484053,weighted_phi,descriptive,True,,,True
2024_36_higher,STROKE,DEPRESSIVE_DISORDER,0.03690561767876327,,,29101,932,5323,260,9532594.484810537,11094.920388302096,0.025680021165492815,0.163607289932654,0.006360909865947092,weighted_phi,descriptive,True,,,False
2024_36_higher,STROKE,KIDNEY_DISEASE,0.08001915231257815,,,29166,936,1219,123,9572101.569163684,11131.681655990033,0.02566630880974093,0.033153719421120935,0.0031164872888878115,weighted_phi,descriptive,True,,,True
2024_36_higher,STROKE,ARTHRITIS,0.09889877160435856,,,29120,933,9219,504,9558092.312622009,11120.91586526827,0.025681121107653648,0.24656958169384538,0.013074975398086042,weighted_phi,descriptive,True,,,True
2024_36_higher,STROKE,DIABETES,0.11675006079191437,,,29203,935,3419,273,9584212.32718872,11120.05718348958,0.02574519463676135,0.1039013024748975,0.008316917950049406,weighted_phi,descriptive,True,,,True
2024_36_higher,CURRENT_ASTHMA,SKIN_CANCER,-0.008432984459379931,,,28951,3362,2084,233,9504975.722319499,11026.593824059539,0.10621597752816578,0.05111015635970227,0.004856507091374345,weighted_phi,descriptive,True,,,False
2024_36_higher,CURRENT_ASTHMA,OTHER_CANCER,0.019578361588602246,,,28977,3373,3307,416,9507714.111580543,11030.549326971692,0.10637142583105944,0.08749389490428057,0.01101243831983463,weighted_phi,descriptive,True,,,False
2024_36_higher,CURRENT_ASTHMA,COPD,0.16818774141272563,,,29017,3374,1705,642,9506423.30474387,11054.516602598886,0.10612548782049765,0.04408662001008772,0.015312921734058963,weighted_phi,descriptive,True,,,True
2024_36_higher,CURRENT_ASTHMA,DEPRESSIVE_DISORDER,0.14268332684598423,,,28949,3366,5279,1105,9471185.2591648,11035.973440203032,0.1055288984083526,0.16270736772488367,0.033350545862943684,weighted_phi,descriptive,True,,,True
2024_36_higher,CURRENT_ASTHMA,KIDNEY_DISEASE,0.04723834167259616,,,29006,3372,1211,234,9507519.082622826,11068.927927022976,0.10640344475563987,0.03303861569106973,0.006118929321587594,weighted_phi,descriptive,True,,,False
2024_36_higher,CURRENT_ASTHMA,ARTHRITIS,0.10675108059005808,,,28964,3367,9172,1544,9493343.924757717,11058.175786478469,0.1060894755882215,0.24591892002864307,0.04024605779985255,weighted_phi,descriptive,True,,,True
2024_36_higher,CURRENT_ASTHMA,DIABETES,0.044564966088941435,,,29048,3383,3395,526,9521408.09326388,11059.04853830176,0.10641011382630651,0.10364325094265955,0.015217253751676667,weighted_phi,descriptive,True,,,False
2024_36_higher,SKIN_CANCER,OTHER_CANCER,0.2775331366665356,,,29066,2071,3285,841,9556500.009789195,11067.136142640506,0.05071986076978492,0.08693401119642051,0.02156650449923999,weighted_phi,descriptive,True,,,True
2024_36_higher,SKIN_CANCER,COPD,0.05661507109270155,,,29074,2095,1721,204,9546537.88024413,11076.910799010624,0.05151977717923013,0.04473804071096039,0.004892111190141747,weighted_phi,descriptive,True,,,False
2024_36_higher,SKIN_CANCER,DEPRESSIVE_DISORDER,-0.00024971787705142844,,,29007,2089,5295,365,9512773.14083229,11060.610842943965,0.051601852705041085,0.1632365514101498,0.008402891681399037,weighted_phi,descriptive,True,,,False
2024_36_higher,SKIN_CANCER,KIDNEY_DISEASE,0.07627153247721573,,,29071,2091,1212,197,9549690.88305157,11095.40545130456,0.05146297503292095,0.03287591898949802,0.004696703250105668,weighted_phi,descriptive,True,,,False
2024_36_higher,SKIN_CANCER,ARTHRITIS,0.1217645270180697,,,29023,2085,9167,1086,9535329.746921236,11083.991555390137,0.051103219233987855,0.2459967621612319,0.024119197963872966,weighted_phi,descriptive,True,,,True
2024_36_higher,SKIN_CANCER,DIABETES,0.02782845601182033,,,29104,2094,3397,319,9560446.917711835,11081.37551893099,0.051437346878195615,0.10366599545028302,0.00720606607948984,weighted_phi,descriptive,True,,,False
2024_36_higher,OTHER_CANCER,COPD,0.0851715970085786,,,29101,3322,1718,397,9549546.577542286,11081.951432038288,0.08761274026194756,0.044416921105589875,0.008852571018619946,weighted_phi,descriptive,True,,,True
2024_36_higher,OTHER_CANCER,DEPRESSIVE_DISORDER,0.008664740605540806,,,29032,3313,5307,632,9515304.295705002,11057.917329029859,0.08740180545522706,0.1632232319381479,0.015170386026686921,weighted_phi,descriptive,True,,,False
2024_36_higher,OTHER_CANCER,KIDNEY_DISEASE,0.11491428530535863,,,29092,3312,1214,351,9554145.240959447,11093.682775881143,0.08746309723605705,0.033013526029931343,0.008687997147772653,weighted_phi,descriptive,True,,,True
2024_36_higher,OTHER_CANCER,ARTHRITIS,0.16404440751918775,,,29047,3313,9180,1704,9537633.03230596,11086.82516159805,0.08746858230381989,0.246024257882952,0.04148024336406421,weighted_phi,descriptive,True,,,True
2024_36_higher,OTHER_CANCER,DIABETES,0.08001853243639902,,,29132,3321,3408,649,9565841.883447506,11081.699513076663,0.08736498240941296,0.10374666998162424,0.01595368472859954,weighted_phi,descriptive,True,,,True
2024_36_higher,COPD,DEPRESSIVE_DISORDER,0.09627175793912666,,,29068,1725,5313,608,9510721.62388363,11084.79222287228,0.04482328096022459,0.1633340666880388,0.014685054116335831,weighted_phi,descriptive,True,,,True
2024_36_higher,COPD,KIDNEY_DISEASE,0.07626989269323148,,,29126,1727,1213,194,9546824.894251652,11116.69490248869,0.044795142261061925,0.032485596652741394,0.004252187479921616,weighted_phi,descriptive,True,,,False
2024_36_higher,COPD,ARTHRITIS,0.17241565113603222,,,29085,1727,9204,1130,9533892.086566854,11108.010986980391,0.044750229902989595,0.24600134305521565,0.026361389287717137,weighted_phi,descriptive,True,,,True
2024_36_higher,COPD,DIABETES,0.09600203939691383,,,29164,1730,3411,395,9560544.306715628,11104.488379812536,0.04479864135169811,0.1036499231568266,0.010696556848489162,weighted_phi,descriptive,True,,,True
2024_36_higher,DEPRESSIVE_DISORDER,KIDNEY_DISEASE,0.033774672918514735,,,29056,5301,1217,333,9513336.163674487,11093.752916131541,0.16295490262137402,0.03288232104318583,0.00758277283053042,weighted_phi,descriptive,True,,,False
2024_36_higher,DEPRESSIVE_DISORDER,ARTHRITIS,0.09445691687819341,,,29016,5299,9185,2253,9500737.140424378,11084.704595662277,0.16295425407480896,0.24637306323701827,0.05517951330354673,weighted_phi,descriptive,True,,,True
2024_36_higher,DEPRESSIVE_DISORDER,DIABETES,0.01836608259533,,,29096,5325,3406,762,9526103.056540634,11082.62717379788,0.1636225615971084,0.10353097775429138,0.01900986907852858,weighted_phi,descriptive,True,,,False
2024_36_higher,KIDNEY_DISEASE,ARTHRITIS,0.13637189331546298,,,29077,1218,9199,737,9536679.318113867,11124.698067574203,0.03322103769645357,0.24626227402956935,0.018710500596656195,weighted_phi,descriptive,True,,,True
2024_36_higher,KIDNEY_DISEASE,DIABETES,0.17184277678499824,,,29159,1222,3407,473,9564611.027142087,11118.19307425146,0.03316982943530138,0.10386141541433645,0.012833489651098118,weighted_phi,descriptive,True,,,True
2024_36_higher,ARTHRITIS,DIABETES,0.15868719619254834,,,29119,9227,3406,1729,9550210.780371688,11114.714464455887,0.2468321095422243,0.10345977355177553,0.04637534917852495,weighted_phi,descriptive,True,,,True
2024_48_lower,ISCHEMIC_HEART_DISEASE,STROKE,0.1994482526171305,,,3872,355,201,73,9478531.048937995,1176.0387596559865,0.06638116010502786,0.03557152281531459,0.011557802767730965,weighted_phi,descriptive,True,,,True
2024_48_lower,ISCHEMIC_HEART_DISEASE,CURRENT_ASTHMA,0.036087146424196595,,,3853,348,371,57,9422519.830702161,1170.4982730988565,0.0659207963631767,0.08648392122874272,0.008218078438231916,weighted_phi,descriptive,True,,,False
2024_48_lower,ISCHEMIC_HEART_DISEASE,SKIN_CANCER,0.10226234805892796,,,3872,355,165,39,9483561.44730319,1177.2817745874172,0.0663459493162195,0.024246715406701088,0.005523497027216689,weighted_phi,descriptive,True,,,True
2024_48_lower,ISCHEMIC_HEART_DISEASE,OTHER_CANCER,0.1488886270916499,,,3863,353,273,64,9455217.37144998,1179.1848630850811,0.06636399417494902,0.05064063972271257,0.011486802528919406,weighted_phi,descriptive,True,,,True
2024_48_lower,ISCHEMIC_HEART_DISEASE,COPD,0.19954649855765308,,,3861,353,349,104,9456758.930144133,1173.9524563012926,0.06614466317921998,0.06589122147095984,0.016662281888450845,weighted_phi,descriptive,True,,,True
2024_48_lower,ISCHEMIC_HEART_DISEASE,DEPRESSIVE_DISORDER,0.05243061480720784,,,3859,354,873,114,9433344.549501862,1169.9293907946592,0.06662982991003114,0.21477374331587984,0.019679843109119258,weighted_phi,descriptive,True,,,False
2024_48_lower,ISCHEMIC_HEART_DISEASE,KIDNEY_DISEASE,0.18967345323102966,,,3872,354,212,59,9454466.90397011,1175.6277281614666,0.06638259984113104,0.05088836498665356,0.013755441963689849,weighted_phi,descriptive,True,,,True
2024_48_lower,ISCHEMIC_HEART_DISEASE,ARTHRITIS,0.21713053430447243,,,3867,354,1079,193,9455974.521610316,1175.6338388768856,0.06651287973382054,0.20105338856249125,0.03505679570116678,weighted_phi,descriptive,True,,,True
2024_48_lower,ISCHEMIC_HEART_DISEASE,DIABETES,0.19052819009243963,,,3874,354,689,126,9463235.681423921,1176.0585083377691,0.06643735360337288,0.17450783716383184,0.029603315130362635,weighted_phi,descriptive,True,,,True
2024_48_lower,STROKE,CURRENT_ASTHMA,0.07454355774262257,,,3894,204,382,35,9541552.408767153,1185.7322153837304,0.036137633821692876,0.08826936085274478,0.007136560697832514,weighted_phi,descriptive,True,,,False
2024_48_lower,STROKE,SKIN_CANCER,0.07434337875619128,,,3912,204,166,16,9600580.621941786,1192.0775821152042,0.03588438677008175,0.024220659979911914,0.0029949729514718295,weighted_phi,descriptive,True,,,False
2024_48_lower,STROKE,OTHER_CANCER,0.05562425436070182,,,3899,203,279,30,9556668.892885935,1191.2650276007678,0.03601783882458711,0.05107737179409988,0.0041215471051368816,weighted_phi,descriptive,True,,,False
2024_48_lower,STROKE,COPD,0.10652326974115128,,,3899,204,359,42,9569873.165957296,1187.9767584558504,0.03609284152695087,0.06694760140381811,0.007382174131392841,weighted_phi,descriptive,True,,,True
2024_48_lower,STROKE,DEPRESSIVE_DISORDER,0.07209258152721645,,,3898,203,883,73,9546794.401921537,1184.0352287802746,0.03609706933411501,0.21495253167846928,0.013283267996413387,weighted_phi,descriptive,True,,,False
2024_48_lower,STROKE,KIDNEY_DISEASE,0.07995406755926171,,,3910,204,218,35,9568240.46032364,1189.7273722421844,0.03600567415541919,0.051891293130193146,0.0051723775728985955,weighted_phi,descriptive,True,,,False
2024_48_lower,STROKE,ARTHRITIS,0.08969949410708523,,,3905,204,1094,100,9565014.909378022,1189.208175555024,0.0360910133036977,0.20243335693757222,0.014028544556187655,weighted_phi,descriptive,True,,,True
2024_48_lower,STROKE,DIABETES,0.10500866093955713,,,3913,204,703,65,9579076.680981558,1190.583446612619,0.035999800005569633,0.17583158467544466,0.013776709856109364,weighted_phi,descriptive,True,,,True
2024_48_lower,CURRENT_ASTHMA,SKIN_CANCER,0.04974120679477082,,,3896,384,166,27,9546956.294575196,1187.1005162327062,0.0883889135916962,0.02435670507739872,0.004329443609298655,weighted_phi,descriptive,True,,,False
2024_48_lower,CURRENT_ASTHMA,OTHER_CANCER,0.024417533701557793,,,3882,384,278,46,9502526.025959846,1186.1760641681187,0.088802187195238,0.05092761681822149,0.006049509321320836,weighted_phi,descriptive,True,,,False
2024_48_lower,CURRENT_ASTHMA,COPD,0.22929121892503745,,,3884,379,358,120,9518048.774926756,1183.3934568405978,0.08742780687626046,0.06710016330340397,0.02207052807508706,weighted_phi,descriptive,True,,,True
2024_48_lower,CURRENT_ASTHMA,DEPRESSIVE_DISORDER,0.22673421057352078,,,3884,380,881,176,9501512.488650993,1180.3899999690805,0.08651931342939535,0.21560751944639522,0.044867528723103144,weighted_phi,descriptive,True,,,True
2024_48_lower,CURRENT_ASTHMA,KIDNEY_DISEASE,0.05180593186316703,,,3894,382,217,38,9525524.565077607,1185.4516484867331,0.08813820288025043,0.052076885511896646,0.007853098948867578,weighted_phi,descriptive,True,,,False
2024_48_lower,CURRENT_ASTHMA,ARTHRITIS,0.15856325379757086,,,3888,381,1089,183,9510872.042451931,1184.110587487063,0.08856277986902732,0.2029660622837253,0.03609454927215496,weighted_phi,descriptive,True,,,True
2024_48_lower,CURRENT_ASTHMA,DIABETES,0.07710520654863652,,,3897,382,698,88,9525417.365976684,1185.6015735659003,0.08760376409258054,0.17641121190455755,0.023763408187995563,weighted_phi,descriptive,True,,,False
2024_48_lower,SKIN_CANCER,OTHER_CANCER,0.2764506040186164,,,3904,159,280,66,9566764.15946157,1193.6770295139645,0.0236440554143817,0.0511874732926243,0.010466946995359024,weighted_phi,descriptive,True,,,True
2024_48_lower,SKIN_CANCER,COPD,0.019545780873526136,,,3904,166,361,30,9580079.566538783,1190.4020055429291,0.024272491396206183,0.06702383648122297,0.002379020018758455,weighted_phi,descriptive,True,,,False
2024_48_lower,SKIN_CANCER,DEPRESSIVE_DISORDER,0.027957937359118112,,,3902,166,889,37,9555700.09911313,1186.1558750746174,0.02433441782830384,0.21567370547649542,0.00702008749724681,weighted_phi,descriptive,True,,,False
2024_48_lower,SKIN_CANCER,KIDNEY_DISEASE,0.054813644090200044,,,3914,163,221,20,9577992.12094777,1192.0499096265573,0.02381934784522637,0.05221164954678689,0.0031029843797105105,weighted_phi,descriptive,True,,,False
2024_48_lower,SKIN_CANCER,ARTHRITIS,0.11327031107849002,,,3908,164,1095,96,9573814.646914743,1191.3076114214923,0.02421647868564617,0.20270596348727637,0.011908708756586296,weighted_phi,descriptive,True,,,True
2024_48_lower,SKIN_CANCER,DIABETES,0.037671124452199736,,,3916,166,703,44,9587876.418518282,1192.682251761107,0.02425275302930104,0.17577233167086376,0.0064687146598307365,weighted_phi,descriptive,True,,,False
2024_48_lower,OTHER_CANCER,COPD,0.05167723065571895,,,3890,279,360,55,9535128.337428331,1189.3557018149222,0.05110857069094623,0.06718744666085899,0.006282875175996558,weighted_phi,descriptive,True,,,False
2024_48_lower,OTHER_CANCER,DEPRESSIVE_DISORDER,0.012475942037698492,,,3888,281,883,81,9511682.410402406,1185.314424871863,0.05148909218620425,0.21369607930720708,0.012133191950315566,weighted_phi,descriptive,True,,,False
2024_48_lower,OTHER_CANCER,KIDNEY_DISEASE,0.09124627669972608,,,3903,281,220,43,9536887.470835444,1191.8555378543786,0.0513530115535907,0.0523580549232526,0.007174795939550274,weighted_phi,descriptive,True,,,True
2024_48_lower,OTHER_CANCER,ARTHRITIS,0.1540201201746428,,,3896,280,1092,154,9536846.26700247,1191.4976458011915,0.05124466108243163,0.20079275065333577,0.023894057200297712,weighted_phi,descriptive,True,,,True
2024_48_lower,OTHER_CANCER,DIABETES,0.09919474683874317,,,3903,280,696,79,9543964.689462429,1191.886876710291,0.05126426558284456,0.17561701147789555,0.01732657818048189,weighted_phi,descriptive,True,,,True
2024_48_lower,COPD,DEPRESSIVE_DISORDER,0.14438248292201136,,,3890,362,885,162,9532828.235403236,1183.509773098169,0.06745591062304612,0.2142783733049524,0.029313108052916075,weighted_phi,descriptive,True,,,True
2024_48_lower,COPD,KIDNEY_DISEASE,0.10395178152524698,,,3901,361,220,51,9549956.785317149,1188.4234357232658,0.0672352452245654,0.052329781443896196,0.009315622912070946,weighted_phi,descriptive,True,,,True
2024_48_lower,COPD,ARTHRITIS,0.18507099015134834,,,3895,360,1091,211,9543107.190930251,1187.2055633205616,0.06724836762985671,0.2010873448514616,0.03210102209089652,weighted_phi,descriptive,True,,,True
2024_48_lower,COPD,DIABETES,0.0809084335117143,,,3903,360,697,97,9557168.96253379,1188.5803811629826,0.06711023786901804,0.17502647172424388,0.019438704823943654,weighted_phi,descriptive,True,,,True
2024_48_lower,DEPRESSIVE_DISORDER,KIDNEY_DISEASE,0.01822260943883961,,,3899,884,220,66,9523253.97784011,1183.7785238341621,0.21526174276120955,0.05244310661449775,0.012958559245377433,weighted_phi,descriptive,True,,,False
2024_48_lower,DEPRESSIVE_DISORDER,ARTHRITIS,0.17398128451458988,,,3894,886,1092,363,9520028.426894492,1183.2593981110797,0.21614381717861875,0.2023055427501677,0.0724953998414557,weighted_phi,descriptive,True,,,True
2024_48_lower,DEPRESSIVE_DISORDER,DIABETES,0.033333896005676523,,,3902,887,699,178,9534090.19849803,1184.634893331174,0.21606187124781573,0.17574661704696354,0.04319357814730728,weighted_phi,descriptive,True,,,False
2024_48_lower,KIDNEY_DISEASE,ARTHRITIS,0.13409995749824033,,,3907,219,1095,125,9544037.941555467,1189.5014862818816,0.052262526858114534,0.20289713689922315,0.022606176565993917,weighted_phi,descriptive,True,,,True
2024_48_lower,KIDNEY_DISEASE,DIABETES,0.19666963987745067,,,3914,219,699,93,9555536.256900134,1190.3381942673375,0.05211414654503882,0.17540388831365472,0.02576494270214781,weighted_phi,descriptive,True,,,True
2024_48_lower,ARTHRITIS,DIABETES,0.230224567917744,,,3909,1098,703,338,9552310.705954516,1189.8185628703504,0.20342415049294163,0.17624531626845422,0.07116470941724676,weighted_phi,descriptive,True,,,True
2024_48_higher,ISCHEMIC_HEART_DISEASE,STROKE,0.20231926646597692,,,8199,686,316,120,13829838.69309355,2613.644074888044,0.056297840160821316,0.029708360437645243,0.009590071181436424,weighted_phi,descriptive,True,,,True
2024_48_higher,ISCHEMIC_HEART_DISEASE,CURRENT_ASTHMA,0.03671283626520133,,,8160,682,789,98,13747036.082222229,2597.1392375256696,0.056107228095635425,0.08368587417483203,0.007034957278434868,weighted_phi,descriptive,True,,,False
2024_48_higher,ISCHEMIC_HEART_DISEASE,SKIN_CANCER,0.14553537806421457,,,8184,685,671,133,13820406.503370306,2610.3711439718804,0.056293211122841795,0.05309160977420623,0.010509809243333605,weighted_phi,descriptive,True,,,True
2024_48_higher,ISCHEMIC_HEART_DISEASE,OTHER_CANCER,0.13372791563515005,,,8179,680,879,188,13801794.968764635,2605.163019248592,0.05590137267821259,0.08391190840209906,0.013208492293664564,weighted_phi,descriptive,True,,,True
2024_48_higher,ISCHEMIC_HEART_DISEASE,COPD,0.1204464241189291,,,8188,681,507,131,13814934.11658771,2611.0039518584204,0.05615854041840149,0.05105932667796582,0.008971331381089442,weighted_phi,descriptive,True,,,True
2024_48_higher,ISCHEMIC_HEART_DISEASE,DEPRESSIVE_DISORDER,0.05751677389833717,,,8181,683,1891,199,13799553.234173592,2606.013001193888,0.056242598496172594,0.2189571211137357,0.01779463934331322,weighted_phi,descriptive,True,,,False
2024_48_higher,ISCHEMIC_HEART_DISEASE,KIDNEY_DISEASE,0.186654606958513,,,8197,682,387,123,13829273.436797705,2613.128803189755,0.05615077925389505,0.032492128905155376,0.009443217698122971,weighted_phi,descriptive,True,,,True
2024_48_higher,ISCHEMIC_HEART_DISEASE,ARTHRITIS,0.19184484169875504,,,8184,685,2335,385,13791116.636632863,2606.6552859088324,0.056407939892504255,0.2179173050754528,0.030564202975701536,weighted_phi,descriptive,True,,,True
2024_48_higher,ISCHEMIC_HEART_DISEASE,DIABETES,0.20004258947123393,,,8206,686,1085,241,13812330.486288287,2619.7074571720996,0.05636920206670706,0.10791163645682862,0.02039760241477061,weighted_phi,descriptive,True,,,True
2024_48_higher,STROKE,CURRENT_ASTHMA,0.07428777630039123,,,8197,321,792,56,13819449.684538072,2603.328924533855,0.029261607561903488,0.08393908805391212,0.00592804983636995,weighted_phi,descriptive,True,,,False
2024_48_higher,STROKE,SKIN_CANCER,0.08739663611469833,,,8219,319,673,51,13888369.405444281,2615.235432857397,0.029844812594289227,0.05283033224608591,0.004903347587189153,weighted_phi,descriptive,True,,,True
2024_48_higher,STROKE,OTHER_CANCER,0.08293289154866137,,,8218,316,883,79,13874796.85042194,2611.6156147755178,0.029312347917356065,0.08501824713779525,0.0063937869553657685,weighted_phi,descriptive,True,,,True
2024_48_higher,STROKE,COPD,0.06665572422644359,,,8221,321,512,60,13864764.4351816,2621.2842120574587,0.02998790656164917,0.05161371146723805,0.00406299731537453,weighted_phi,descriptive,True,,,False
2024_48_higher,STROKE,DEPRESSIVE_DISORDER,0.06277621732972208,,,8220,319,1900,110,13873112.426826607,2612.60212174533,0.029757900922531326,0.2188007449841589,0.010921082026888672,weighted_phi,descriptive,True,,,False
2024_48_higher,STROKE,KIDNEY_DISEASE,0.09886883399312046,,,8231,321,393,54,13898664.824523088,2618.3474766301306,0.029844689099165374,0.03288361558188612,0.003981549608094044,weighted_phi,descriptive,True,,,True
2024_48_higher,STROKE,ARTHRITIS,0.10882741277543376,,,8219,321,2351,166,13861015.116752911,2612.05045677864,0.02999448493607141,0.22036251075091418,0.014303821966466469,weighted_phi,descriptive,True,,,True
2024_48_higher,STROKE,DIABETES,0.1264249098600549,,,8242,322,1098,117,13881601.90211671,2624.854806958497,0.029972801389923767,0.10798372880588203,0.009927001675657335,weighted_phi,descriptive,True,,,True
2024_48_higher,CURRENT_ASTHMA,SKIN_CANCER,0.020386064470691277,,,8180,794,672,73,13806819.963934803,2599.1426601866274,0.08394641336319625,0.053170207360140005,0.005731873927319699,weighted_phi,descriptive,True,,,False
2024_48_higher,CURRENT_ASTHMA,OTHER_CANCER,0.019719132433653197,,,8179,791,882,92,13791328.126688715,2594.9198967829016,0.08362429362349325,0.08530721591268772,0.008658585325718999,weighted_phi,descriptive,True,,,False
2024_48_higher,CURRENT_ASTHMA,COPD,0.23274928445718776,,,8189,794,510,179,13792154.707275689,2607.824070177348,0.08426120333003148,0.05106245896078457,0.018534313276530958,weighted_phi,descriptive,True,,,True
2024_48_higher,CURRENT_ASTHMA,DEPRESSIVE_DISORDER,0.13324444232223878,,,8184,793,1880,311,13794490.117164772,2597.4594699009936,0.08400163038352788,0.2166048514256717,0.03342042495817972,weighted_phi,descriptive,True,,,True
2024_48_higher,CURRENT_ASTHMA,KIDNEY_DISEASE,0.004696396351548163,,,8192,795,392,53,13817115.38301361,2602.254042384671,0.08411751435488779,0.032880386484507,0.0029982700412024047,weighted_phi,descriptive,True,,,False
2024_48_higher,CURRENT_ASTHMA,ARTHRITIS,0.11339315059447821,,,8183,794,2342,338,13783134.486146096,2597.1096684999347,0.08430193546131833,0.22083468681559262,0.03168542545115433,weighted_phi,descriptive,True,,,True
2024_48_higher,CURRENT_ASTHMA,DIABETES,0.09264233575127166,,,8203,794,1087,153,13800052.460607229,2608.7561138700726,0.08419147524450835,0.10719958941332212,0.016983579520823383,weighted_phi,descriptive,True,,,True
2024_48_higher,SKIN_CANCER,OTHER_CANCER,0.25599011706631153,,,8211,665,878,277,13873760.016373312,2610.875651940058,0.05206534990563522,0.0847625842581869,0.02025321528279105,weighted_phi,descriptive,True,,,True
2024_48_higher,SKIN_CANCER,COPD,0.06941493792053921,,,8205,670,512,80,13854226.997377252,2617.719264391954,0.052917752276136105,0.0515636090182614,0.006165184823244735,weighted_phi,descriptive,True,,,False
2024_48_higher,SKIN_CANCER,DEPRESSIVE_DISORDER,0.024681672506766384,,,8203,672,1895,150,13862683.697890343,2608.9136873539455,0.05281013331541373,0.21867392440012384,0.013829940371151036,weighted_phi,descriptive,True,,,False
2024_48_higher,SKIN_CANCER,KIDNEY_DISEASE,0.07558954048553869,,,8218,672,394,74,13889735.453927005,2615.3401069760034,0.05268161380448847,0.03302906503347464,0.0047578496005753566,weighted_phi,descriptive,True,,,False
2024_48_higher,SKIN_CANCER,ARTHRITIS,0.15018568361325257,,,8203,672,2343,331,13850477.678948563,2608.4957508962552,0.05238759225418869,0.21983437203275463,0.02537455426671644,weighted_phi,descriptive,True,,,True
2024_48_higher,SKIN_CANCER,DIABETES,0.03845894197463099,,,8226,673,1097,124,13871064.464312362,2621.289393770801,0.05235753528094663,0.1080556552852755,0.008317038931500964,weighted_phi,descriptive,True,,,False
2024_48_higher,OTHER_CANCER,COPD,0.15036412294525467,,,8203,881,510,119,13838169.468705734,2613.280503818732,0.08370317463312557,0.05132591352613096,0.013484970365997984,weighted_phi,descriptive,True,,,True
2024_48_higher,OTHER_CANCER,DEPRESSIVE_DISORDER,0.007360801867620097,,,8201,883,1891,215,13846845.052119218,2604.565569212705,0.08513991164293254,0.2181624532788516,0.01942276456597525,weighted_phi,descriptive,True,,,False
2024_48_higher,OTHER_CANCER,KIDNEY_DISEASE,0.13504513736272095,,,8215,882,393,110,13875453.70765996,2611.4383192552054,0.08494413039008239,0.03295065421979111,0.009519839116048524,weighted_phi,descriptive,True,,,True
2024_48_higher,OTHER_CANCER,ARTHRITIS,0.19752988525638254,,,8200,881,2338,446,13834342.758139933,2604.037234304676,0.08486709991232608,0.21910445223159664,0.04136494927967654,weighted_phi,descriptive,True,,,True
2024_48_higher,OTHER_CANCER,DIABETES,0.05734479970976489,,,8223,884,1091,195,13854929.54350373,2616.82119426733,0.08519611710347734,0.10762339361781342,0.014130393892077943,weighted_phi,descriptive,True,,,False
2024_48_higher,COPD,DEPRESSIVE_DISORDER,0.11189375717910265,,,8206,513,1895,212,13836917.801068474,2614.4849197684234,0.05111541616117211,0.21917647959767986,0.021397702828419705,weighted_phi,descriptive,True,,,True
2024_48_higher,COPD,KIDNEY_DISEASE,0.06327679112117579,,,8217,515,392,63,13864522.41645606,2620.8393140413295,0.05183591617971988,0.032393115875741785,0.004162702664837421,weighted_phi,descriptive,True,,,False
2024_48_higher,COPD,ARTHRITIS,0.15479087772088293,,,8209,515,2348,305,13838139.688915066,2615.6651816502226,0.05193888786750956,0.21938775227607504,0.025609325723569252,weighted_phi,descriptive,True,,,True
2024_48_higher,COPD,DIABETES,0.10160130532076497,,,8228,514,1096,132,13847459.49404968,2627.4135232775743,0.051793211653436894,0.1075991824428296,0.012549955123771937,weighted_phi,descriptive,True,,,True
2024_48_higher,DEPRESSIVE_DISORDER,KIDNEY_DISEASE,0.06165242143006832,,,8214,1897,392,132,13869750.731319059,2611.178204743496,0.2184959176608191,0.032858448410773955,0.011721006443452055,weighted_phi,descriptive,True,,,False
2024_48_higher,DEPRESSIVE_DISORDER,ARTHRITIS,0.15494593753463917,,,8204,1897,2344,767,13833432.626491131,2605.3462487355005,0.2188493993144435,0.22003972849111006,0.07469593711951959,weighted_phi,descriptive,True,,,True
2024_48_higher,DEPRESSIVE_DISORDER,DIABETES,0.057925557708641995,,,8226,1900,1094,338,13853176.702995514,2617.848996542934,0.21895670580728685,0.10812206591192051,0.031112746859613478,weighted_phi,descriptive,True,,,False
2024_48_higher,KIDNEY_DISEASE,ARTHRITIS,0.14867792989217357,,,8215,391,2346,243,13860773.09802737,2611.6081517570406,0.031980249039228456,0.22029047246445227,0.017886554986660055,weighted_phi,descriptive,True,,,True
2024_48_higher,KIDNEY_DISEASE,DIABETES,0.1819576062582277,,,8238,395,1096,160,13881359.883391166,2624.4097910662504,0.0330768137915233,0.1079753253595564,0.013670488069970203,weighted_phi,descriptive,True,,,True
2024_48_higher,ARTHRITIS,DIABETES,0.1674277147173139,,,8228,2354,1096,540,13852648.370361274,2618.9087740776463,0.22072957477686198,0.10695055468322773,0.0450672129874692,weighted_phi,descriptive,True,,,True
